note,current_folder,proposed_folder,confidence,reason
2026-07-06.md,(root),Reference,0.47,fallback-reference
Apple Notes/%Tuesday@654321!.md,Apple Notes,Reference,0.47,fallback-reference
Apple Notes/(.md,Apple Notes,Reference,0.47,fallback-reference
Apple Notes/(Updated 7.01.15) Call 6th of January (open Actions FOCiS) - Points….md,Apple Notes,Projects,0.73,"keywords=delivery,project"
"Apple Notes/+ Picket, ful 1th.md",Apple Notes,Reference,0.47,fallback-reference
Apple Notes/+Axel Uhl.md,Apple Notes,Reference,0.47,fallback-reference
Apple Notes/+Bett-kissenJP.md,Apple Notes,Reference,0.47,fallback-reference
Apple Notes/- Limath-kundeentwicklerny.md,Apple Notes,Reference,0.47,fallback-reference
Apple Notes/-.md,Apple Notes,Reference,0.47,fallback-reference
Apple Notes/-cs (narie).md,Apple Notes,Reference,0.47,fallback-reference
Apple Notes/.md.md,Apple Notes,Reference,0.47,fallback-reference
Apple Notes/0.md,Apple Notes,Reference,0.47,fallback-reference
Apple Notes/0x7b1D87632a560eCCF57de8358ABe9e7512375eD1.md,Apple Notes,Reference,0.47,fallback-reference
Apple Notes/1 woche (raphi).md,Apple Notes,Reference,0.47,fallback-reference
Apple Notes/1) What me Done.md,Apple Notes,Reference,0.47,fallback-reference
"Apple Notes/1) repart XLS, and for teamleals-cadinc(as global data. only DA.md",Apple Notes,Reference,0.47,fallback-reference
Apple Notes/1. Hän Dir für Amelie Drittbetreuungskosten (Tagi oder Mittagstisch….md,Apple Notes,Reference,0.47,fallback-reference
Apple Notes/10 Johr.md,Apple Notes,Reference,0.47,fallback-reference
Apple Notes/10 MinMove to room.md,Apple Notes,Meetings,0.65,keywords=workshop
Apple Notes/100269638.md,Apple Notes,Reference,0.47,fallback-reference
Apple Notes/11 Artur 07.02.md,Apple Notes,Reference,0.47,fallback-reference
Apple Notes/11 Banas -JP 06.06.md,Apple Notes,Reference,0.47,fallback-reference
Apple Notes/11 Daniel.md,Apple Notes,Reference,0.47,fallback-reference
Apple Notes/11 Victor.md,Apple Notes,Reference,0.47,fallback-reference
Apple Notes/11 caroline 18.07.md,Apple Notes,Reference,0.47,fallback-reference
Apple Notes/11 caroline 26.09.md,Apple Notes,Reference,0.47,fallback-reference
Apple Notes/11 dani jp 16.08.md,Apple Notes,Reference,0.47,fallback-reference
Apple Notes/1st RCEO Call - CW1.md,Apple Notes,Projects,0.53,keywords=project
Apple Notes/20.06 - absaliss.md,Apple Notes,Reference,0.47,fallback-reference
Apple Notes/25 Jahre in Transport und Logistik. 12 Jahre in globalen operationellen….md,Apple Notes,Reference,0.47,fallback-reference
Apple Notes/2x soul burger.md,Apple Notes,Reference,0.47,fallback-reference
Apple Notes/3 options.md,Apple Notes,Reference,0.47,fallback-reference
Apple Notes/3 wichtigste Erfahrungen - Mehrwert.md,Apple Notes,Projects,0.73,"keywords=delivery,project"
Apple Notes/3BZ''.md,Apple Notes,Reference,0.47,fallback-reference
Apple Notes/3a.md,Apple Notes,Reference,0.47,fallback-reference
Apple Notes/4.md,Apple Notes,Reference,0.47,fallback-reference
Apple Notes/4x.md,Apple Notes,Reference,0.47,fallback-reference
Apple Notes/725 ic61 gl 4.md,Apple Notes,Reference,0.47,fallback-reference
Apple Notes/730-0030 2h ___.md,Apple Notes,Reference,0.47,fallback-reference
Apple Notes/A Construction Colin Hasten- New Catas Scheiremen.md,Apple Notes,Reference,0.47,fallback-reference
Apple Notes/A Difficult Decision with a Positive Outlook and Gratitude.md,Apple Notes,Personal,0.65,keywords=personal
Apple Notes/ANR Training with Filippo.md,Apple Notes,Reference,0.47,fallback-reference
"Apple Notes/AP CALLs Tanja, and Workflow Nikil.md",Apple Notes,Meetings,0.61,"keywords=meeting,minutes"
Apple Notes/AWK.md,Apple Notes,Customers,0.61,"keywords=account,customer"
Apple Notes/AWKEINFOLMSFAG@4.6.ZZ.md,Apple Notes,Reference,0.47,fallback-reference
Apple Notes/Accounting desk.md,Apple Notes,Reference,0.47,fallback-reference
Apple Notes/Add Caroline to ubs.md,Apple Notes,Reference,0.47,fallback-reference
Apple Notes/Adecco - Syngenta notes.md,Apple Notes,Ideas,0.73,"keywords=concept,idea"
Apple Notes/Af of pcc 18.03.md,Apple Notes,Reference,0.47,fallback-reference
Apple Notes/Agenda Steven W..md,Apple Notes,Meetings,0.65,keywords=agenda
Apple Notes/Albion Intro - Colm.md,Apple Notes,AI,0.65,keywords=ai
Apple Notes/Alts to dca in new.md,Apple Notes,Personal,0.53,keywords=health
Apple Notes/Amazing tea walk.md,Apple Notes,Reference,0.65,keywords=guide
Apple Notes/Amazon.md,Apple Notes,Customers,0.85,"keywords=customer,stakeholder"
Apple Notes/Amelie toy.md,Apple Notes,Reference,0.47,fallback-reference
Apple Notes/Ana buk 24.05.md,Apple Notes,Reference,0.47,fallback-reference
Apple Notes/Anand Xavier - API Discussion.md,Apple Notes,Reference,0.47,fallback-reference
Apple Notes/Andrees.md,Apple Notes,Reference,0.47,fallback-reference
Apple Notes/Andrew Rushusu- Quality.md,Apple Notes,Reference,0.47,fallback-reference
Apple Notes/Aniko BUK 25.04.md,Apple Notes,Reference,0.47,fallback-reference
Apple Notes/Anouï.md,Apple Notes,Reference,0.47,fallback-reference
Apple Notes/Applications.md,Apple Notes,DPWorld,0.93,"keywords=cargo,dp,logistics"
Apple Notes/Apply and check.md,Apple Notes,Projects,0.53,keywords=project
Apple Notes/Aproz.md,Apple Notes,Reference,0.47,fallback-reference
Apple Notes/Artur 11 -.md,Apple Notes,Reference,0.47,fallback-reference
Apple Notes/Artur HR - 1+2 - 2.05.23.md,Apple Notes,Projects,0.65,keywords=plan
Apple Notes/Artur Performance Review.md,Apple Notes,Projects,0.65,keywords=plan
Apple Notes/Artur.md,Apple Notes,Reference,0.47,fallback-reference
Apple Notes/As the PL and product I have to make you aware.md,Apple Notes,Reference,0.47,fallback-reference
Apple Notes/Asdf a.md,Apple Notes,Projects,0.65,keywords=plan
Apple Notes/Atkigh.FeS..md,Apple Notes,Reference,0.47,fallback-reference
Apple Notes/Aw perf 08.06.md,Apple Notes,Reference,0.47,fallback-reference
Apple Notes/Awesome Day.md,Apple Notes,Personal,0.65,keywords=family
Apple Notes/Axa customer.md,Apple Notes,Customers,0.65,keywords=customer
Apple Notes/ÂMELIEOE.md,Apple Notes,Reference,0.47,fallback-reference
Apple Notes/B Besprechen Raphi Stunden.md,Apple Notes,Reference,0.47,fallback-reference
Apple Notes/BPO.md,Apple Notes,Reference,0.47,fallback-reference
Apple Notes/BUS.md,Apple Notes,Reference,0.47,fallback-reference
Apple Notes/Baiersdorf.md,Apple Notes,Reference,0.47,fallback-reference
Apple Notes/Basak.md,Apple Notes,Reference,0.47,fallback-reference
Apple Notes/Base savings calculation.md,Apple Notes,Reference,0.47,fallback-reference
Apple Notes/Basstrap.md,Apple Notes,Reference,0.47,fallback-reference
Apple Notes/Beef bacon burger (without tomato and reliah).md,Apple Notes,Reference,0.47,fallback-reference
Apple Notes/Beerdigung.md,Apple Notes,Reference,0.47,fallback-reference
Apple Notes/Beetroot carpaccio with soy with a rice cyrcel.md,Apple Notes,Reference,0.47,fallback-reference
"Apple Notes/Begrüssung,.md",Apple Notes,Reference,0.47,fallback-reference
Apple Notes/Bewerbung.md,Apple Notes,Projects,0.53,keywords=project
Apple Notes/Beyond cgeesburger and fries.md,Apple Notes,Reference,0.47,fallback-reference
Apple Notes/Biberist Corix.md,Apple Notes,Reference,0.47,fallback-reference
Apple Notes/Binder.md,Apple Notes,Reference,0.47,fallback-reference
Apple Notes/Body Language for Leaders.md,Apple Notes,Meetings,0.53,keywords=meeting
Apple Notes/Boic meeting basel july 25.md,Apple Notes,Meetings,0.65,keywords=meeting
Apple Notes/Boring List.md,Apple Notes,Reference,0.47,fallback-reference
Apple Notes/Boring.md,Apple Notes,Reference,0.47,fallback-reference
Apple Notes/Brainstorm Internship.md,Apple Notes,Ideas,0.65,keywords=brainstorm
Apple Notes/Brasil.md,Apple Notes,Personal,0.65,keywords=family
Apple Notes/Brief Bäume Gabi.md,Apple Notes,Reference,0.47,fallback-reference
Apple Notes/Bsv 031022.md,Apple Notes,Reference,0.47,fallback-reference
Apple Notes/Bsv Demo Bern BSV.md,Apple Notes,Reference,0.47,fallback-reference
Apple Notes/Bsv demo 2.md,Apple Notes,Reference,0.47,fallback-reference
Apple Notes/Bsv notice.md,Apple Notes,Reference,0.47,fallback-reference
Apple Notes/Bsv update.md,Apple Notes,Reference,0.47,fallback-reference
Apple Notes/Bsv weekly 2810.md,Apple Notes,Reference,0.47,fallback-reference
Apple Notes/Budget 2026 (2025 Cycle Notes).md,Apple Notes,Reference,0.47,fallback-reference
Apple Notes/Budget-conglem planning --whats coming.md,Apple Notes,Reference,0.47,fallback-reference
Apple Notes/CIQ/Admin/HR Introduction.md,Apple Notes,Reference,0.47,fallback-reference
Apple Notes/CIQ/Admin/Hr successfactor intro 19.12.md,Apple Notes,Reference,0.47,fallback-reference
Apple Notes/CIQ/Admin/Training ISTT 2.0 Intro.md,Apple Notes,Reference,0.47,fallback-reference
Apple Notes/CIQ/Client Engagement/Sauer Dirk Stefan.md,Apple Notes,Reference,0.47,fallback-reference
Apple Notes/CIQ/Client Engagement/Senn Eric.md,Apple Notes,Reference,0.47,fallback-reference
Apple Notes/CIQ/Clients/Axa/AXA evidencing input 09.01.md,Apple Notes,Reference,0.47,fallback-reference
Apple Notes/CIQ/Clients/CS/By weekly CS.md,Apple Notes,Reference,0.47,fallback-reference
Apple Notes/CIQ/Clients/CS/Byweekly cs 20 02.md,Apple Notes,Reference,0.47,fallback-reference
Apple Notes/CIQ/Clients/CS/COMPAS UPDATE marc 13.01.md,Apple Notes,Reference,0.47,fallback-reference
Apple Notes/CIQ/Clients/CS/CS Mailroom.md,Apple Notes,Reference,0.47,fallback-reference
Apple Notes/CIQ/Clients/CS/CS Procurement Savings Guidelines.md,Apple Notes,Reference,0.47,fallback-reference
Apple Notes/CIQ/Clients/CS/CS UH1 procurement strategie kurz update.md,Apple Notes,Reference,0.47,fallback-reference
Apple Notes/CIQ/Clients/CS/Call internal 16.01.md,Apple Notes,Reference,0.47,fallback-reference
Apple Notes/CIQ/Clients/CS/Cs Workshop 1.md,Apple Notes,Meetings,0.65,keywords=workshop
Apple Notes/CIQ/Clients/CS/Cs intro 09.01.md,Apple Notes,Reference,0.47,fallback-reference
Apple Notes/CIQ/Clients/CS/Cs intro with caroline (23.01).md,Apple Notes,Reference,0.47,fallback-reference
Apple Notes/CIQ/Clients/CS/Cs sourcing call internal 23.01.md,Apple Notes,Reference,0.47,fallback-reference
Apple Notes/CIQ/Clients/CS/Cs weekly call.md,Apple Notes,Reference,0.47,fallback-reference
Apple Notes/CIQ/Clients/CS/Cs weekly with customer 16.01.md,Apple Notes,Customers,0.65,keywords=customer
Apple Notes/CIQ/Clients/CS/Intro cS.md,Apple Notes,Reference,0.47,fallback-reference
Apple Notes/CIQ/Clients/CS/Planzer 13.03.md,Apple Notes,Reference,0.47,fallback-reference
Apple Notes/CIQ/Clients/CS/Uetlihof CS austausch stefanie.md,Apple Notes,Reference,0.47,fallback-reference
Apple Notes/CIQ/Clients/CS/Ütliberg Meeting UH1 procurement strategy.md,Apple Notes,Meetings,0.65,keywords=meeting
Apple Notes/CIQ/Clients/CS/Weekly CS call (with CS) 25.01.md,Apple Notes,Reference,0.47,fallback-reference
Apple Notes/CIQ/Clients/CS/Weekly cs actions.md,Apple Notes,Reference,0.47,fallback-reference
Apple Notes/CIQ/Clients/CS/cS uetlihof 22.02 (.md,Apple Notes,Reference,0.47,fallback-reference
Apple Notes/CIQ/Clients/Consortia.md,Apple Notes,Reference,0.47,fallback-reference
Apple Notes/CIQ/Clients/Franke/Franke kick off dirk 06.01 + 17.01.md,Apple Notes,Reference,0.47,fallback-reference
Apple Notes/CIQ/Clients/Franke/Loomis.md,Apple Notes,Reference,0.47,fallback-reference
Apple Notes/CIQ/Clients/Implenia/Austausch kevin gross - 10.01.md,Apple Notes,Reference,0.47,fallback-reference
Apple Notes/CIQ/Clients/Implenia/Implenia sourcing internal rewiew.md,Apple Notes,Reference,0.47,fallback-reference
Apple Notes/CIQ/Clients/Implenia/Mcp scrum & Implenia Lease Discussion.md,Apple Notes,Reference,0.47,fallback-reference
Apple Notes/CIQ/Clients/Implenia/SPOT Meeting I.md,Apple Notes,Meetings,0.65,keywords=meeting
Apple Notes/CIQ/Clients/Joachim - intro - 16.01.md,Apple Notes,Reference,0.47,fallback-reference
Apple Notes/CIQ/Clients/KPMG/Absprache enerprise - mit KPMG.md,Apple Notes,Reference,0.47,fallback-reference
Apple Notes/CIQ/Clients/KPMG/Joint internal Team STC DM.md,Apple Notes,Reference,0.47,fallback-reference
Apple Notes/CIQ/Clients/KPMG/Kpmg visit .md,Apple Notes,Reference,0.47,fallback-reference
Apple Notes/CIQ/Clients/KPMG/Training Video KPMG.md,Apple Notes,Reference,0.47,fallback-reference
Apple Notes/CIQ/Clients/Kpmg (ursula austausch). 09.01.23.md,Apple Notes,Reference,0.47,fallback-reference
Apple Notes/CIQ/Clients/Manor/IFM/Edi türen.md,Apple Notes,Reference,0.47,fallback-reference
Apple Notes/CIQ/Clients/Manor/IFM/IFM intro mit Marie.md,Apple Notes,Reference,0.47,fallback-reference
Apple Notes/CIQ/Clients/Manor/IFM/Manor Jour Fix.md,Apple Notes,Reference,0.47,fallback-reference
Apple Notes/CIQ/Clients/Manor/IFM/Manor Sicherheit.md,Apple Notes,Reference,0.47,fallback-reference
Apple Notes/CIQ/Clients/Manor/IFM/Preis Analyse manor 17.01.md,Apple Notes,Reference,0.47,fallback-reference
Apple Notes/CIQ/Clients/Manor/Logistics DCHWCH National/+ Transport SR.md,Apple Notes,Reference,0.47,fallback-reference
Apple Notes/CIQ/Clients/Manor/Logistics DCHWCH National/- Debris _.md,Apple Notes,Reference,0.47,fallback-reference
Apple Notes/CIQ/Clients/Manor/Logistics DCHWCH National/2021 Total 555256 Manor Rohdaten.md,Apple Notes,Reference,0.47,fallback-reference
Apple Notes/CIQ/Clients/Manor/Logistics DCHWCH National/42K=.md,Apple Notes,Reference,0.47,fallback-reference
Apple Notes/CIQ/Clients/Manor/Logistics DCHWCH National/Antwort & plan.md,Apple Notes,Projects,0.85,"keywords=plan,project"
Apple Notes/CIQ/Clients/Manor/Logistics DCHWCH National/Auswertung.md,Apple Notes,Reference,0.47,fallback-reference
Apple Notes/CIQ/Clients/Manor/Logistics DCHWCH National/Auswertungen Nick 14.10.md,Apple Notes,Reference,0.47,fallback-reference
Apple Notes/CIQ/Clients/Manor/Logistics DCHWCH National/BTW 1. 33.md,Apple Notes,Reference,0.47,fallback-reference
Apple Notes/CIQ/Clients/Manor/Logistics DCHWCH National/Batna abc.md,Apple Notes,Reference,0.47,fallback-reference
Apple Notes/CIQ/Clients/Manor/Logistics DCHWCH National/Belinda 29.08.md,Apple Notes,Reference,0.47,fallback-reference
Apple Notes/CIQ/Clients/Manor/Logistics DCHWCH National/Besprechung Alex - 021222.md,Apple Notes,Reference,0.47,fallback-reference
Apple Notes/CIQ/Clients/Manor/Logistics DCHWCH National/CTW m1 1410 Vertrag.md,Apple Notes,Reference,0.47,fallback-reference
Apple Notes/CIQ/Clients/Manor/Logistics DCHWCH National/Carin pro Filial.md,Apple Notes,Reference,0.47,fallback-reference
Apple Notes/CIQ/Clients/Manor/Logistics DCHWCH National/Chain iq übergabe Rolf Imhof.md,Apple Notes,Reference,0.47,fallback-reference
Apple Notes/CIQ/Clients/Manor/Logistics DCHWCH National/Ctw nachbesprevhung 21.09.md,Apple Notes,Reference,0.47,fallback-reference
Apple Notes/CIQ/Clients/Manor/Logistics DCHWCH National/Findings.md,Apple Notes,Reference,0.47,fallback-reference
Apple Notes/CIQ/Clients/Manor/Logistics DCHWCH National/General Idea.md,Apple Notes,Ideas,0.65,keywords=idea
Apple Notes/CIQ/Clients/Manor/Logistics DCHWCH National/Gesprächsnotiz manor.md,Apple Notes,Reference,0.47,fallback-reference
Apple Notes/CIQ/Clients/Manor/Logistics DCHWCH National/Hallo Belinda.md,Apple Notes,Reference,0.47,fallback-reference
Apple Notes/CIQ/Clients/Manor/Logistics DCHWCH National/Have mindliche Update.md,Apple Notes,Reference,0.47,fallback-reference
Apple Notes/CIQ/Clients/Manor/Logistics DCHWCH National/Immaterialgüterrecht - Geistiges Eigentum.md,Apple Notes,Reference,0.47,fallback-reference
Apple Notes/CIQ/Clients/Manor/Logistics DCHWCH National/Intro Slides.md,Apple Notes,Reference,0.47,fallback-reference
Apple Notes/CIQ/Clients/Manor/Logistics DCHWCH National/LeClerc.md,Apple Notes,Reference,0.47,fallback-reference
Apple Notes/CIQ/Clients/Manor/Logistics DCHWCH National/Leclerc 1.md,Apple Notes,Reference,0.47,fallback-reference
Apple Notes/CIQ/Clients/Manor/Logistics DCHWCH National/Leclerc 2.md,Apple Notes,Reference,0.47,fallback-reference
Apple Notes/CIQ/Clients/Manor/Logistics DCHWCH National/Leclerc 311 .md,Apple Notes,Reference,0.47,fallback-reference
Apple Notes/CIQ/Clients/Manor/Logistics DCHWCH National/Leclerc Vertragsfragen.md,Apple Notes,Reference,0.47,fallback-reference
Apple Notes/CIQ/Clients/Manor/Logistics DCHWCH National/Lederc.md,Apple Notes,Reference,0.47,fallback-reference
Apple Notes/CIQ/Clients/Manor/Logistics DCHWCH National/MANORRFP.md,Apple Notes,Reference,0.47,fallback-reference
Apple Notes/CIQ/Clients/Manor/Logistics DCHWCH National/Manly Data.md,Apple Notes,Reference,0.47,fallback-reference
Apple Notes/CIQ/Clients/Manor/Logistics DCHWCH National/Manor 20% 1.6m Risiko.md,Apple Notes,Reference,0.47,fallback-reference
Apple Notes/CIQ/Clients/Manor/Logistics DCHWCH National/Manor Eskalation.md,Apple Notes,Projects,0.65,keywords=project
Apple Notes/CIQ/Clients/Manor/Logistics DCHWCH National/Manor Update-Escalation 20%.md,Apple Notes,Reference,0.47,fallback-reference
Apple Notes/CIQ/Clients/Manor/Logistics DCHWCH National/Manor systems.md,Apple Notes,Reference,0.47,fallback-reference
"Apple Notes/CIQ/Clients/Manor/Logistics DCHWCH National/Meeting Alex, Fabien, Marine, op.md",Apple Notes,Meetings,0.65,keywords=meeting
Apple Notes/CIQ/Clients/Manor/Logistics DCHWCH National/NF af Food truck.md,Apple Notes,Reference,0.47,fallback-reference
Apple Notes/CIQ/Clients/Manor/Logistics DCHWCH National/Output meetings.md,Apple Notes,Projects,0.53,keywords=project
Apple Notes/CIQ/Clients/Manor/Logistics DCHWCH National/Panzer.md,Apple Notes,Reference,0.47,fallback-reference
Apple Notes/CIQ/Clients/Manor/Logistics DCHWCH National/Pit Stop tsi2.md,Apple Notes,Reference,0.47,fallback-reference
Apple Notes/CIQ/Clients/Manor/Logistics DCHWCH National/Pitstop 21.09.md,Apple Notes,Reference,0.47,fallback-reference
"Apple Notes/CIQ/Clients/Manor/Logistics DCHWCH National/Planzer Angebots Besprechung (Runde 2, 3 Eingabe).md",Apple Notes,Reference,0.47,fallback-reference
Apple Notes/CIQ/Clients/Manor/Logistics DCHWCH National/Planzer Daten Call.md,Apple Notes,Reference,0.47,fallback-reference
Apple Notes/CIQ/Clients/Manor/Logistics DCHWCH National/Planzer Daten.md,Apple Notes,Reference,0.47,fallback-reference
Apple Notes/CIQ/Clients/Manor/Logistics DCHWCH National/Planzer.md,Apple Notes,Reference,0.47,fallback-reference
Apple Notes/CIQ/Clients/Manor/Logistics DCHWCH National/Pricing Idea.md,Apple Notes,Projects,0.53,keywords=delivery
Apple Notes/CIQ/Clients/Manor/Logistics DCHWCH National/Ridate.md,Apple Notes,Reference,0.47,fallback-reference
Apple Notes/CIQ/Clients/Manor/Logistics DCHWCH National/SEA 1 Anyang 7 - Joureph tangier.md,Apple Notes,Reference,0.47,fallback-reference
Apple Notes/CIQ/Clients/Manor/Logistics DCHWCH National/Sasina-letti.md,Apple Notes,Reference,0.47,fallback-reference
Apple Notes/CIQ/Clients/Manor/Logistics DCHWCH National/Sieber m1 vertrag 14.10.md,Apple Notes,Reference,0.47,fallback-reference
Apple Notes/CIQ/Clients/Manor/Logistics DCHWCH National/Sieber t2 1810.md,Apple Notes,Reference,0.47,fallback-reference
Apple Notes/CIQ/Clients/Manor/Logistics DCHWCH National/Sieber.md,Apple Notes,Reference,0.47,fallback-reference
Apple Notes/CIQ/Clients/Manor/Logistics DCHWCH National/Termine.md,Apple Notes,Reference,0.47,fallback-reference
Apple Notes/CIQ/Clients/Manor/Logistics DCHWCH National/Thought Marcel.md,Apple Notes,Reference,0.47,fallback-reference
Apple Notes/CIQ/Clients/Manor/Logistics DCHWCH National/Todo Nicole _ op.md,Apple Notes,Reference,0.47,fallback-reference
Apple Notes/CIQ/Clients/Manor/Logistics DCHWCH National/Vorbereitung 2. Evaluationsrunde.md,Apple Notes,Reference,0.47,fallback-reference
"Apple Notes/CIQ/Clients/Manor/Logistics DCHWCH National/Was mit heute klar ist, mit dem bidsheet versuchte ich ein syamesiacher….md",Apple Notes,Projects,0.53,keywords=launch
Apple Notes/CIQ/Clients/Manor/Logistics DCHWCH National/Weekly manor 2810.md,Apple Notes,Reference,0.47,fallback-reference
Apple Notes/CIQ/Clients/Manor/Logistics DCHWCH National/Zu hohe Stell Platz ( in _______.md,Apple Notes,Reference,0.47,fallback-reference
Apple Notes/CIQ/Clients/Manor/Logistics DCHWCH National/______ test Anicolei.md,Apple Notes,Reference,0.47,fallback-reference
Apple Notes/CIQ/Clients/Manor/Logistics DCHWCH National/lade _ Va's.md,Apple Notes,Reference,0.47,fallback-reference
Apple Notes/CIQ/Clients/Manor/Security/Standpunkt Meeting 02.12.md,Apple Notes,Meetings,0.65,keywords=meeting
Apple Notes/CIQ/Clients/Savings Methodology (new CIQ).md,Apple Notes,Reference,0.47,fallback-reference
Apple Notes/CIQ/Clients/UBS/Contract Manager Meeting UBS 24.01.md,Apple Notes,Meetings,0.65,keywords=meeting
Apple Notes/CIQ/Clients/UBS/HGHG Nachtrag richard spengler.md,Apple Notes,Reference,0.47,fallback-reference
Apple Notes/CIQ/Clients/UBS/Heizöl cS uBs.md,Apple Notes,Reference,0.47,fallback-reference
Apple Notes/CIQ/Clients/UBS/Matthias ubs handover 2.md,Apple Notes,Reference,0.47,fallback-reference
Apple Notes/CIQ/Clients/UBS/Meeting sonja ruth - altstetten - 21.02.md,Apple Notes,Meetings,0.65,keywords=meeting
Apple Notes/CIQ/Clients/UBS/Sourcing UBS call (internal) 18.01.md,Apple Notes,Reference,0.47,fallback-reference
Apple Notes/CIQ/Clients/UBS/UBS ACAC 3rd party leasing.md,Apple Notes,Reference,0.47,fallback-reference
Apple Notes/CIQ/Clients/UBS/UBS Intro Raffe 21.M.22.md,Apple Notes,Reference,0.47,fallback-reference
Apple Notes/CIQ/Clients/UBS/Weekly call UBS (25.01).md,Apple Notes,Reference,0.47,fallback-reference
Apple Notes/CIQ/Global/CatMan Intro Video.md,Apple Notes,Reference,0.47,fallback-reference
Apple Notes/CIQ/Global/Emea FM-RE Category Management Meeting.md,Apple Notes,Meetings,0.65,keywords=meeting
Apple Notes/CIQ/Global/GSL call 12.01.md,Apple Notes,Reference,0.47,fallback-reference
Apple Notes/CIQ/Global/Implenia und Kpmg new Meeting structure.md,Apple Notes,Meetings,0.65,keywords=meeting
Apple Notes/CIQ/Global/Marcel leadership talk dezember.md,Apple Notes,Reference,0.47,fallback-reference
Apple Notes/CIQ/Global/Sibylle Marketplace.md,Apple Notes,Reference,0.47,fallback-reference
Apple Notes/CIQ/Global/Stefanie John Kpmg aussenst. +manor ifm.md,Apple Notes,Reference,0.47,fallback-reference
Apple Notes/CIQ/Global/Stefanie John project without saving 19.01.md,Apple Notes,Projects,0.65,keywords=project
Apple Notes/CIQ/Global/Stefanie John.md,Apple Notes,Reference,0.47,fallback-reference
Apple Notes/CIQ/Global/Weekly CatchUp GSL-GSM-Teamleads.md,Apple Notes,Reference,0.47,fallback-reference
"Apple Notes/CIQ/Guten Morgen Daniel,.md",Apple Notes,Reference,0.47,fallback-reference
Apple Notes/CIQ/Hypophisis Manor.md,Apple Notes,Projects,0.61,"keywords=delivery,project"
Apple Notes/CIQ/Into.md,Apple Notes,Reference,0.47,fallback-reference
Apple Notes/CIQ/Manor Empfehlung Call.md,Apple Notes,Reference,0.47,fallback-reference
Apple Notes/CIQ/Sourcing support & cycle time.md,Apple Notes,Reference,0.47,fallback-reference
Apple Notes/CIQ/Team/1.1 Dani - 08.02.md,Apple Notes,Reference,0.47,fallback-reference
Apple Notes/CIQ/Team/1.1 Dani.md,Apple Notes,Reference,0.47,fallback-reference
Apple Notes/CIQ/Team/1.1‘s/11 caroline banas.md,Apple Notes,Reference,0.47,fallback-reference
Apple Notes/CIQ/Team/1.1‘s/11 ralph.md,Apple Notes,Reference,0.47,fallback-reference
Apple Notes/CIQ/Team/1.1‘s/11 tamara (planung).md,Apple Notes,Reference,0.47,fallback-reference
Apple Notes/CIQ/Team/1.1‘s/11 victor 20.02.md,Apple Notes,Reference,0.47,fallback-reference
Apple Notes/CIQ/Team/1.1‘s/11 wadim.md,Apple Notes,Reference,0.47,fallback-reference
Apple Notes/CIQ/Team/1.1‘s/Artur 11 21.02.md,Apple Notes,Reference,0.47,fallback-reference
Apple Notes/CIQ/Team/1.1‘s/Artur 11.md,Apple Notes,Reference,0.47,fallback-reference
Apple Notes/CIQ/Team/1.1‘s/Artur 18.04.md,Apple Notes,Reference,0.47,fallback-reference
Apple Notes/CIQ/Team/1.1‘s/Brainstorm - FM-RE.md,Apple Notes,Ideas,0.65,keywords=brainstorm
Apple Notes/CIQ/Team/1.1‘s/Cs handover Caroline.md,Apple Notes,Reference,0.47,fallback-reference
Apple Notes/CIQ/Team/1.1‘s/Einfall ARD Call Matthias.md,Apple Notes,Reference,0.47,fallback-reference
Apple Notes/CIQ/Team/1.1‘s/First 1.1 Marie.md,Apple Notes,Reference,0.47,fallback-reference
Apple Notes/CIQ/Team/1.1‘s/Judit vazsita 07.02. 23.md,Apple Notes,Reference,0.47,fallback-reference
Apple Notes/CIQ/Team/1.1‘s/Lbatosz.krygier@credit-suisse.com.md,Apple Notes,Reference,0.47,fallback-reference
Apple Notes/CIQ/Team/1.1‘s/Ralf 11.md,Apple Notes,Reference,0.47,fallback-reference
Apple Notes/CIQ/Team/1.1‘s/Tino 30.01.md,Apple Notes,Reference,0.47,fallback-reference
Apple Notes/CIQ/Team/1.1‘s/Tino Duci 11.md,Apple Notes,Reference,0.47,fallback-reference
Apple Notes/CIQ/Team/1.1‘s/Wadim 11.md,Apple Notes,Reference,0.47,fallback-reference
Apple Notes/CIQ/Team/11 Dani 18.01.md,Apple Notes,Reference,0.47,fallback-reference
Apple Notes/CIQ/Team/121 Daniel 14.12.md,Apple Notes,Reference,0.47,fallback-reference
Apple Notes/CIQ/Team/121 dani 21.12.md,Apple Notes,Reference,0.47,fallback-reference
Apple Notes/CIQ/Team/9 Box Model training Video.md,Apple Notes,AI,0.65,keywords=model
Apple Notes/CIQ/Team/Alain grasser IT.md,Apple Notes,Reference,0.47,fallback-reference
Apple Notes/CIQ/Team/Archlet Meeting.md,Apple Notes,Meetings,0.65,keywords=meeting
Apple Notes/CIQ/Team/CEO round table.md,Apple Notes,Reference,0.47,fallback-reference
Apple Notes/CIQ/Team/Dani 11.md,Apple Notes,Reference,0.47,fallback-reference
Apple Notes/CIQ/Team/Fm weekly planning.md,Apple Notes,Reference,0.47,fallback-reference
Apple Notes/CIQ/Team/GPTW Rweview.md,Apple Notes,Reference,0.47,fallback-reference
Apple Notes/CIQ/Team/Gerecht - Contractor..md,Apple Notes,Reference,0.47,fallback-reference
Apple Notes/CIQ/Team/Gestartet Rick Blick to.md,Apple Notes,Reference,0.47,fallback-reference
Apple Notes/CIQ/Team/Implenia.md,Apple Notes,Reference,0.47,fallback-reference
Apple Notes/CIQ/Team/Jereme intro.md,Apple Notes,Reference,0.47,fallback-reference
Apple Notes/CIQ/Team/Leadership Sourcing Emea 15.12.md,Apple Notes,Reference,0.47,fallback-reference
Apple Notes/CIQ/Team/Matthias.md,Apple Notes,Reference,0.47,fallback-reference
Apple Notes/CIQ/Team/Mgt Meeting (13.01).md,Apple Notes,Meetings,0.65,keywords=meeting
Apple Notes/CIQ/Team/Monthly Team Meet - leadership.md,Apple Notes,Reference,0.47,fallback-reference
Apple Notes/CIQ/Team/N.Janzen call with Bryan.md,Apple Notes,Reference,0.47,fallback-reference
Apple Notes/CIQ/Team/New Note.md,Apple Notes,Reference,0.47,fallback-reference
Apple Notes/CIQ/Team/Nicole Strohmeier - catman intro.md,Apple Notes,Reference,0.47,fallback-reference
Apple Notes/CIQ/Team/Pictet Workshop (new building).md,Apple Notes,Meetings,0.65,keywords=workshop
Apple Notes/CIQ/Team/SSC/Dana Zaroni douch supp lead.md,Apple Notes,Reference,0.47,fallback-reference
Apple Notes/CIQ/Team/SSC/Intro (tactical ops) RO Delu Monica.md,Apple Notes,Reference,0.47,fallback-reference
Apple Notes/CIQ/Team/SSC/Intro Ops TActical buying Brasov Alexandra.md,Apple Notes,Reference,0.47,fallback-reference
Apple Notes/CIQ/Team/SSC/Tactical Team KPMG.md,Apple Notes,Reference,0.47,fallback-reference
Apple Notes/CIQ/Team/Team Meet Weekly & Retro/Team Meet 10.03.md,Apple Notes,Reference,0.47,fallback-reference
Apple Notes/CIQ/Team/Team Meet Weekly & Retro/Weekly Planning 09.01.md,Apple Notes,Reference,0.47,fallback-reference
Apple Notes/CIQ/Team/Team Meeting Management 22.12.md,Apple Notes,Meetings,0.65,keywords=meeting
Apple Notes/CIQ/Team/Team Meetings.md,Apple Notes,Reference,0.47,fallback-reference
Apple Notes/CIQ/Team/Thomas PS.md,Apple Notes,Reference,0.47,fallback-reference
Apple Notes/CIQ/Team/Ubs LP.md,Apple Notes,Reference,0.47,fallback-reference
Apple Notes/CIQ/Team/Victor kennenlern.md,Apple Notes,Reference,0.47,fallback-reference
Apple Notes/CIQ/Team/Weekly Scrum CS 06.02.md,Apple Notes,Reference,0.47,fallback-reference
Apple Notes/CIQ/Team/Weekly scrum (2) 16.01.md,Apple Notes,Reference,0.47,fallback-reference
Apple Notes/CIQ/Team/Weekly scrum MCP .md,Apple Notes,Reference,0.47,fallback-reference
Apple Notes/CIQ/Tl Meeting CIQ 01.12.md,Apple Notes,Meetings,0.65,keywords=meeting
Apple Notes/CM community july 23 q3.md,Apple Notes,Reference,0.47,fallback-reference
Apple Notes/CNS Customs Software Searates ERP.md,Apple Notes,Projects,0.61,"keywords=plan,project"
Apple Notes/COPY for GPT.md,Apple Notes,HiFi,0.85,"keywords=audio,hifi"
Apple Notes/CR2 -.md,Apple Notes,Meetings,0.65,keywords=workshop
Apple Notes/CR2 → I ip EWL. no cre.md,Apple Notes,Reference,0.47,fallback-reference
Apple Notes/CS Opdch -By Il 27.06. 2023..md,Apple Notes,Reference,0.47,fallback-reference
Apple Notes/CS process 08.02.md,Apple Notes,Reference,0.47,fallback-reference
Apple Notes/CW1 Partners.md,Apple Notes,Customers,0.53,keywords=customer
Apple Notes/Call Erich - 19.02.2021.md,Apple Notes,Reference,0.47,fallback-reference
Apple Notes/Call lars ba socialversicherung.md,Apple Notes,Reference,0.47,fallback-reference
Apple Notes/Call with Rebekka Wife.md,Apple Notes,Reference,0.47,fallback-reference
Apple Notes/Campus pictet.md,Apple Notes,Reference,0.47,fallback-reference
Apple Notes/Capex report.md,Apple Notes,Reference,0.47,fallback-reference
Apple Notes/Cargo Partner Peter.md,Apple Notes,DPWorld,0.65,keywords=cargo
Apple Notes/CargoWise rollout SK 1806.md,Apple Notes,Reference,0.47,fallback-reference
Apple Notes/Caroline (111.md,Apple Notes,Reference,0.47,fallback-reference
Apple Notes/Caroline.md,Apple Notes,Reference,0.47,fallback-reference
Apple Notes/Carrie H. 18.02..md,Apple Notes,Reference,0.47,fallback-reference
Apple Notes/Carrie Hui - Karel (( weChat.md,Apple Notes,Reference,0.47,fallback-reference
Apple Notes/Ceb com board discussion.md,Apple Notes,Reference,0.47,fallback-reference
Apple Notes/Checklist Notes (AWK).md,Apple Notes,Reference,0.47,fallback-reference
Apple Notes/Checkliste Mami Kontos.md,Apple Notes,Reference,0.65,keywords=guide
Apple Notes/China Rail --.md,Apple Notes,DPWorld,0.65,keywords=dp
Apple Notes/Christoph Stein to Me (Direct Message) (153 PM).md,Apple Notes,DPWorld,0.65,keywords=cargo
Apple Notes/Clean Eating Cheat Sheet.md,Apple Notes,Reference,0.47,fallback-reference
Apple Notes/Communication and Implementation Strategy.md,Apple Notes,Projects,0.73,"keywords=plan,project"
Apple Notes/Contract.md,Apple Notes,Reference,0.47,fallback-reference
Apple Notes/Cooking list for Home.md,Apple Notes,Reference,0.47,fallback-reference
Apple Notes/Cost center split 2015.md,Apple Notes,Personal,0.65,keywords=family
Apple Notes/Cost.md,Apple Notes,Reference,0.47,fallback-reference
Apple Notes/Cp Pro-Con.md,Apple Notes,Reference,0.47,fallback-reference
Apple Notes/Cr3 reflexions.md,Apple Notes,Ideas,0.65,keywords=concept
Apple Notes/Crm.md,Apple Notes,Customers,0.65,keywords=crm
Apple Notes/Crypto Exit Strategy.md,Apple Notes,Reference,0.47,fallback-reference
Apple Notes/Cs townhall 24.04 (Rule).md,Apple Notes,Reference,0.47,fallback-reference
Apple Notes/Current Todos.md,Apple Notes,Projects,0.65,keywords=plan
Apple Notes/Customer Contract.pptx.md,Apple Notes,Customers,0.53,keywords=customer
Apple Notes/Customs Kick Off.md,Apple Notes,Reference,0.47,fallback-reference
Apple Notes/Customs Software Switzerland.md,Apple Notes,Reference,0.47,fallback-reference
Apple Notes/D&D.md,Apple Notes,Reference,0.47,fallback-reference
Apple Notes/D.md,Apple Notes,Reference,0.47,fallback-reference
Apple Notes/DANIL Min.md,Apple Notes,Reference,0.47,fallback-reference
Apple Notes/DB Board.md,Apple Notes,Reference,0.47,fallback-reference
Apple Notes/DB Schenker.md,Apple Notes,Reference,0.47,fallback-reference
Apple Notes/DCSA - Neil Shah - eBL.md,Apple Notes,AI,0.65,keywords=model
Apple Notes/DHL Applied 15.02.md,Apple Notes,Customers,0.53,keywords=client
Apple Notes/DP World/Customer Implementation/Kik/Call Holger.md,Apple Notes,Reference,0.47,fallback-reference
Apple Notes/DP World/Customer Implementation/Kik/Call with Ziad & EDI Note.md,Apple Notes,Customers,0.53,keywords=customer
Apple Notes/DP World/Customer Implementation/Kik/Christine Li KiK - Intro.md,Apple Notes,Projects,0.65,keywords=milestone
Apple Notes/DP World/Customer Implementation/Kik/Dispoliste Call.md,Apple Notes,Reference,0.53,keywords=reference
Apple Notes/DP World/Customer Implementation/Kik/Kik 1st Meeting (Dispoliste und Invoice Edifact9.md,Apple Notes,Meetings,0.65,keywords=meeting
Apple Notes/DP World/Customer Implementation/Kik/Mai Birtt von Kaptz.md,Apple Notes,Reference,0.47,fallback-reference
Apple Notes/DP World/Customer Implementation/Kik/Multi container Invoice.md,Apple Notes,Reference,0.47,fallback-reference
Apple Notes/DP World/Excellence Topics/17.09 ops fortnightly.md,Apple Notes,Reference,0.47,fallback-reference
Apple Notes/DP World/Excellence Topics/AF CapMap Meeting 20.11.md,Apple Notes,Meetings,0.65,keywords=meeting
Apple Notes/DP World/Excellence Topics/AP Process - GSC Walkthrough.md,Apple Notes,Customers,0.65,keywords=account
Apple Notes/DP World/Excellence Topics/Accruals 6 month.md,Apple Notes,Reference,0.47,fallback-reference
Apple Notes/DP World/Excellence Topics/Air update.md,Apple Notes,Reference,0.47,fallback-reference
Apple Notes/DP World/Excellence Topics/Albion.md,Apple Notes,Reference,0.47,fallback-reference
Apple Notes/DP World/Excellence Topics/Alignment OPSX & Product.md,Apple Notes,Meetings,0.73,"keywords=meeting,minutes"
Apple Notes/DP World/Excellence Topics/Barcelona - process flow - cr2 status quo 19.11.md,Apple Notes,Reference,0.47,fallback-reference
Apple Notes/DP World/Excellence Topics/Branches to engage business continuity.md,Apple Notes,Reference,0.47,fallback-reference
Apple Notes/DP World/Excellence Topics/CMR.md,Apple Notes,Reference,0.47,fallback-reference
Apple Notes/DP World/Excellence Topics/Catchup Leandro Customer Booking Confirmation.md,Apple Notes,Customers,0.53,keywords=customer
Apple Notes/DP World/Excellence Topics/Day 1 DP World 02.09.2024.md,Apple Notes,DPWorld,0.65,keywords=dp
Apple Notes/DP World/Excellence Topics/Document Layout (& sooraj handover).md,Apple Notes,Meetings,0.65,keywords=workshop
Apple Notes/DP World/Excellence Topics/Document Layout - Holger JP.md,Apple Notes,Customers,0.53,keywords=customer
Apple Notes/DP World/Excellence Topics/Document.md,Apple Notes,Reference,0.47,fallback-reference
Apple Notes/DP World/Excellence Topics/Duisburg.md,Apple Notes,Reference,0.47,fallback-reference
Apple Notes/DP World/Excellence Topics/Ewl integrat.md,Apple Notes,Reference,0.47,fallback-reference
Apple Notes/DP World/Excellence Topics/FF 100 and related projects (Catchup) 9.09..md,Apple Notes,Meetings,0.65,keywords=meeting
"Apple Notes/DP World/Excellence Topics/FLT Meeting, 14th of October.md",Apple Notes,Meetings,0.73,"keywords=agenda,meeting"
Apple Notes/DP World/Excellence Topics/Floris -- Month End Closing.md,Apple Notes,Reference,0.47,fallback-reference
Apple Notes/DP World/Excellence Topics/Floris Van Drunen.md,Apple Notes,Reference,0.47,fallback-reference
Apple Notes/DP World/Excellence Topics/Followup Risk -  Resilience.md,Apple Notes,Reference,0.47,fallback-reference
Apple Notes/DP World/Excellence Topics/Go.md,Apple Notes,DPWorld,0.89,"keywords=cargo,dp,dpworld,logistics"
"Apple Notes/DP World/Excellence Topics/Good Day Reinier,.md",Apple Notes,Reference,0.47,fallback-reference
Apple Notes/DP World/Excellence Topics/ISO/ISO Job Description.md,Apple Notes,Reference,0.47,fallback-reference
Apple Notes/DP World/Excellence Topics/IT handover rezso.md,Apple Notes,Reference,0.47,fallback-reference
Apple Notes/DP World/Excellence Topics/Ics2.md,Apple Notes,Reference,0.47,fallback-reference
Apple Notes/DP World/Excellence Topics/Ideas for TODOXLS.md,Apple Notes,Projects,0.73,"keywords=delivery,plan"
Apple Notes/DP World/Excellence Topics/Intro AF with Jeannett.md,Apple Notes,Reference,0.47,fallback-reference
Apple Notes/DP World/Excellence Topics/Intro tender.md,Apple Notes,Reference,0.47,fallback-reference
Apple Notes/DP World/Excellence Topics/Introduction OCD Operations Control Dashboard.md,Apple Notes,Projects,0.65,keywords=milestone
Apple Notes/DP World/Excellence Topics/Introduction markus rodatz.md,Apple Notes,Reference,0.47,fallback-reference
Apple Notes/DP World/Excellence Topics/Introduction to GSC MDM Team.md,Apple Notes,DPWorld,0.81,"keywords=cargo,dpworld,logistics"
Apple Notes/DP World/Excellence Topics/Jakub Bozig (QHSE) Freight Europe.md,Apple Notes,Customers,0.53,keywords=customer
Apple Notes/DP World/Excellence Topics/Kapil Steve Signature.md,Apple Notes,Reference,0.47,fallback-reference
Apple Notes/DP World/Excellence Topics/Kath Legal FF100 Update.md,Apple Notes,Reference,0.47,fallback-reference
Apple Notes/DP World/Excellence Topics/Kister meeting duisburg.md,Apple Notes,Meetings,0.65,keywords=meeting
Apple Notes/DP World/Excellence Topics/La City Civils.md,Apple Notes,Reference,0.47,fallback-reference
Apple Notes/DP World/Excellence Topics/Lifting UP presentation paycargo.md,Apple Notes,Reference,0.47,fallback-reference
Apple Notes/DP World/Excellence Topics/MDM - NPM.md,Apple Notes,Customers,0.53,keywords=customer
Apple Notes/DP World/Excellence Topics/Manish - Data Lake - how to interact with.md,Apple Notes,DPWorld,0.65,keywords=dp
"Apple Notes/DP World/Excellence Topics/Marco (PS vs Handling, loss and profit).md",Apple Notes,Reference,0.47,fallback-reference
Apple Notes/DP World/Excellence Topics/McKinsey Duisburg Cluster Reorg Meeting.md,Apple Notes,Meetings,0.65,keywords=meeting
Apple Notes/DP World/Excellence Topics/Mindit holger.md,Apple Notes,Reference,0.47,fallback-reference
Apple Notes/DP World/Excellence Topics/Mohit - analytics.md,Apple Notes,Reference,0.47,fallback-reference
Apple Notes/DP World/Excellence Topics/Nikil - GSC - Performance.md,Apple Notes,Reference,0.47,fallback-reference
Apple Notes/DP World/Excellence Topics/Notes.md,Apple Notes,Meetings,0.73,"keywords=meeting,minutes"
Apple Notes/DP World/Excellence Topics/OCD → watwagh.md,Apple Notes,Reference,0.47,fallback-reference
Apple Notes/DP World/Excellence Topics/OPS Weekly.md,Apple Notes,Customers,0.53,keywords=account
Apple Notes/DP World/Excellence Topics/One remaining business decision intracompany to other entities division.md,Apple Notes,Reference,0.47,fallback-reference
Apple Notes/DP World/Excellence Topics/Open topics rezso.md,Apple Notes,Reference,0.47,fallback-reference
Apple Notes/DP World/Excellence Topics/Ops-x-fortnightly-- 174 g. 2a.md,Apple Notes,Reference,0.47,fallback-reference
Apple Notes/DP World/Excellence Topics/OpsX pCC 07.01.md,Apple Notes,Reference,0.47,fallback-reference
Apple Notes/DP World/Excellence Topics/PM-.md,Apple Notes,Reference,0.47,fallback-reference
Apple Notes/DP World/Excellence Topics/PMI Thoughts.md,Apple Notes,Reference,0.47,fallback-reference
Apple Notes/DP World/Excellence Topics/Pallets.md,Apple Notes,Reference,0.47,fallback-reference
Apple Notes/DP World/Excellence Topics/Pay Cargo (notes).md,Apple Notes,DPWorld,0.99,"keywords=cargo,dp,port,terminal"
Apple Notes/DP World/Excellence Topics/Pcc 26.11.24.md,Apple Notes,Reference,0.47,fallback-reference
Apple Notes/DP World/Excellence Topics/Pcc catchup.md,Apple Notes,Reference,0.47,fallback-reference
Apple Notes/DP World/Excellence Topics/Peocess clarification prep call 16.09.md,Apple Notes,Reference,0.47,fallback-reference
Apple Notes/DP World/Excellence Topics/Perf.md,Apple Notes,Reference,0.47,fallback-reference
Apple Notes/DP World/Excellence Topics/Pmo introduction.md,Apple Notes,Reference,0.47,fallback-reference
"Apple Notes/DP World/Excellence Topics/Prep. Meeting,.md",Apple Notes,Meetings,0.65,keywords=meeting
Apple Notes/DP World/Excellence Topics/Process Clarification 12th of November.md,Apple Notes,Reference,0.47,fallback-reference
Apple Notes/DP World/Excellence Topics/Process Clarification Call (Prep Intro).md,Apple Notes,Meetings,0.65,keywords=agenda
Apple Notes/DP World/Excellence Topics/Process Excellence Call 1 10 24.md,Apple Notes,Reference,0.47,fallback-reference
Apple Notes/DP World/Excellence Topics/Process excellence call 15.10.md,Apple Notes,Reference,0.47,fallback-reference
Apple Notes/DP World/Excellence Topics/Profit Sharing Intro.md,Apple Notes,Reference,0.47,fallback-reference
Apple Notes/DP World/Excellence Topics/Rail Intro.md,Apple Notes,Reference,0.47,fallback-reference
Apple Notes/DP World/Excellence Topics/Rezso Call - tansfer to todos.md,Apple Notes,Reference,0.47,fallback-reference
Apple Notes/DP World/Excellence Topics/Rob Meeting.md,Apple Notes,Meetings,0.65,keywords=meeting
Apple Notes/DP World/Excellence Topics/Stuart - Procurement.md,Apple Notes,DPWorld,0.73,"keywords=dp,dpworld"
Apple Notes/DP World/Excellence Topics/Tech Team Introduction.md,Apple Notes,DPWorld,0.65,keywords=cargo
Apple Notes/DP World/Excellence Topics/TiaB - CR2 Introduction.md,Apple Notes,Customers,0.53,keywords=customer
Apple Notes/DP World/Excellence Topics/Unique it dd.md,Apple Notes,Reference,0.47,fallback-reference
Apple Notes/DP World/Excellence Topics/WISOR Sowmyaa Ramadurai (IT Security).md,Apple Notes,AI,0.53,keywords=ai
Apple Notes/DP World/Excellence Topics/Wisor --  Instruction.md,Apple Notes,Reference,0.47,fallback-reference
Apple Notes/DP World/Excellence Topics/iLean Introduction (Freight Fowarding).md,Apple Notes,Reference,0.47,fallback-reference
Apple Notes/DP World/Excellence Topics/log.do. in.md,Apple Notes,Reference,0.47,fallback-reference
Apple Notes/DP World/Excellence Topics/sïtatun.md,Apple Notes,Reference,0.47,fallback-reference
Apple Notes/DP World/Here are the list of topics to be discussed in the meeting tomorrow….md,Apple Notes,Meetings,0.65,keywords=meeting
Apple Notes/DP World/Innovation Topics/AI Vendors Handover Rezso.md,Apple Notes,AI,0.65,keywords=ai
Apple Notes/DP World/Innovation Topics/Business Continuity (Will - Atif).md,Apple Notes,Reference,0.47,fallback-reference
Apple Notes/DP World/Innovation Topics/DoricTec.md,Apple Notes,Reference,0.47,fallback-reference
Apple Notes/DP World/Innovation Topics/Ideas for OCD.md,Apple Notes,DPWorld,0.65,keywords=dp
Apple Notes/DP World/Innovation Topics/Mind.it leif.md,Apple Notes,Reference,0.47,fallback-reference
Apple Notes/DP World/Innovation Topics/Minit workshop 2409.md,Apple Notes,Meetings,0.65,keywords=workshop
"Apple Notes/DP World/Innovation Topics/Paycargo Minutes (Intro, 17.09).md",Apple Notes,Customers,0.53,keywords=account
Apple Notes/DP World/Innovation Topics/Prep CAll.md,Apple Notes,Reference,0.47,fallback-reference
Apple Notes/DP World/Innovation Topics/Wili Follett Business Continuity.md,Apple Notes,Reference,0.47,fallback-reference
Apple Notes/DP World/Innovation Topics/Winsor AI.md,Apple Notes,AI,0.65,keywords=ai
Apple Notes/DP World/Innovation Topics/Wisor - Kick Off - Next Steps.md,Apple Notes,Reference,0.47,fallback-reference
Apple Notes/DP World/Innovation Topics/Wisor with Nick.md,Apple Notes,Reference,0.47,fallback-reference
Apple Notes/DP World/Innovation Topics/Zero Down - First Meeting.md,Apple Notes,Meetings,0.65,keywords=meeting
Apple Notes/DP World/Intro Stefanie Böhm (Treuhand).md,Apple Notes,Projects,0.65,keywords=plan
Apple Notes/DP World Interview.md,Apple Notes,Personal,0.53,keywords=family
Apple Notes/DP World Logistics Germany B.V. & Co. KG.md,Apple Notes,DPWorld,0.99,"keywords=dp,dpworld,logistics"
Apple Notes/DXB - Mom Preferred Part'.md,Apple Notes,Reference,0.47,fallback-reference
Apple Notes/Day 1 logineer ham 14 07 25.md,Apple Notes,Reference,0.47,fallback-reference
Apple Notes/Db april.md,Apple Notes,Reference,0.47,fallback-reference
Apple Notes/Deal Making Cook Book.md,Apple Notes,Ideas,0.73,"keywords=concept,idea"
Apple Notes/Deal workshop 1 - 17.05.md,Apple Notes,Meetings,0.65,keywords=workshop
Apple Notes/Dear Markus.md,Apple Notes,Reference,0.47,fallback-reference
"Apple Notes/Dear Mr. Mag. Krauter,.md",Apple Notes,DPWorld,0.73,"keywords=cargo,logistics"
"Apple Notes/Dear Sender,.md",Apple Notes,Reference,0.53,keywords=manual
Apple Notes/Denise Agile __ Nicole Opphiger ( DA-AD).md,Apple Notes,Reference,0.47,fallback-reference
Apple Notes/Dewlap.md,Apple Notes,Reference,0.47,fallback-reference
Apple Notes/Digital Board Reporting.md,Apple Notes,Reference,0.47,fallback-reference
Apple Notes/Dimitri.md,Apple Notes,Reference,0.47,fallback-reference
Apple Notes/Discount units to pay for project.md,Apple Notes,Projects,0.65,keywords=project
Apple Notes/Document Layout Miriam Fathima.md,Apple Notes,Reference,0.47,fallback-reference
Apple Notes/Dog breads.md,Apple Notes,Reference,0.47,fallback-reference
Apple Notes/Dp world global freight gmbh.md,Apple Notes,DPWorld,0.65,keywords=dp
Apple Notes/Draft Antwort an Herr Krauter.md,Apple Notes,Projects,0.61,"keywords=plan,project"
Apple Notes/Dreamlist if Flexa goes to the moon.md,Apple Notes,HiFi,0.65,keywords=amplifier
Apple Notes/Dummy vendor.md,Apple Notes,Reference,0.47,fallback-reference
Apple Notes/EWL Connect - vs CR2 question - Renier.md,Apple Notes,Meetings,0.65,keywords=workshop
Apple Notes/Eauction.md,Apple Notes,Reference,0.47,fallback-reference
Apple Notes/Edge how to differentiate.md,Apple Notes,AI,0.65,keywords=agent
Apple Notes/Einkaufen.md,Apple Notes,Reference,0.47,fallback-reference
Apple Notes/Einkaufsliste.md,Apple Notes,Reference,0.47,fallback-reference
Apple Notes/Elinar Borger.md,Apple Notes,Reference,0.47,fallback-reference
Apple Notes/Emberger (DB Schenker).md,Apple Notes,DPWorld,0.65,keywords=cargo
Apple Notes/Emdr.md,Apple Notes,Reference,0.47,fallback-reference
Apple Notes/Emea mgt 08.06.md,Apple Notes,Reference,0.47,fallback-reference
Apple Notes/Ewl day 2 - man 21-22.md,Apple Notes,Reference,0.47,fallback-reference
Apple Notes/Ewl march.md,Apple Notes,Reference,0.47,fallback-reference
Apple Notes/Ewl sreerco connects.md,Apple Notes,AI,0.61,"keywords=agent,model"
Apple Notes/Ewl week 2.md,Apple Notes,Reference,0.47,fallback-reference
Apple Notes/Examin Interview.md,Apple Notes,Reference,0.47,fallback-reference
Apple Notes/Execution Excellence (Today 27.02).md,Apple Notes,Reference,0.47,fallback-reference
Apple Notes/Explore NGOs.md,Apple Notes,Reference,0.47,fallback-reference
Apple Notes/Explore reeducation.md,Apple Notes,Reference,0.47,fallback-reference
Apple Notes/Ext Board (7.06).md,Apple Notes,Reference,0.47,fallback-reference
Apple Notes/Exte.md,Apple Notes,Reference,0.47,fallback-reference
Apple Notes/FLT.md,Apple Notes,Customers,0.65,keywords=customer
Apple Notes/FRachtkosten Monitor - KiK Gute Cuhhaltung Ablage PODF.md,Apple Notes,DPWorld,0.65,keywords=dpworld
"Apple Notes/Fellow FLT,.md",Apple Notes,Meetings,0.53,keywords=workshop
Apple Notes/Ferien Liste.md,Apple Notes,Reference,0.47,fallback-reference
Apple Notes/Ferien ives list.md,Apple Notes,Reference,0.47,fallback-reference
Apple Notes/Ffw eur budget meeting 2025 (2026 cycle).md,Apple Notes,Meetings,0.65,keywords=meeting
Apple Notes/Final Assessment Zoom - Note.md,Apple Notes,Customers,0.73,"keywords=customer,stakeholder"
Apple Notes/Finance Floris (Urgent payments and CR2 Tickets).md,Apple Notes,Reference,0.47,fallback-reference
Apple Notes/Finance Meeting Conventry OK 26. - 28.05. 2029.md,Apple Notes,Meetings,0.65,keywords=meeting
Apple Notes/Flex AMP.md,Apple Notes,Reference,0.47,fallback-reference
Apple Notes/Flexa History of Failure by Anouncement and Outcome.md,Apple Notes,Projects,0.99,"keywords=launch,plan,roadmap"
Apple Notes/Flow fox.md,Apple Notes,Ideas,0.53,keywords=concept
Apple Notes/Flt nov 25.md,Apple Notes,Reference,0.47,fallback-reference
Apple Notes/For Anna. Letter Ideas.md,Apple Notes,Customers,0.53,keywords=stakeholder
Apple Notes/For Rezso.md,Apple Notes,Reference,0.47,fallback-reference
Apple Notes/Forum UBS.md,Apple Notes,Reference,0.47,fallback-reference
Apple Notes/Four kites.md,Apple Notes,Reference,0.47,fallback-reference
Apple Notes/Fragen CV.md,Apple Notes,Reference,0.47,fallback-reference
Apple Notes/Fragen EE & Anders.md,Apple Notes,Reference,0.47,fallback-reference
Apple Notes/Fragen.md,Apple Notes,Reference,0.47,fallback-reference
Apple Notes/Franfurt UBS first talk 10.08.2023.md,Apple Notes,Reference,0.47,fallback-reference
Apple Notes/Freight Gate.md,Apple Notes,Reference,0.47,fallback-reference
Apple Notes/Freightyfy.md,Apple Notes,Reference,0.47,fallback-reference
Apple Notes/Ftl feb 2025.md,Apple Notes,Reference,0.47,fallback-reference
Apple Notes/GRohe implementation call 31 03 2025.md,Apple Notes,Meetings,0.61,"keywords=meeting,minutes"
Apple Notes/GSC Agenda and Topics.md,Apple Notes,Projects,0.53,keywords=launch
Apple Notes/Garden Plants where to plant them.md,Apple Notes,Reference,0.47,fallback-reference
Apple Notes/Garten Haus.md,Apple Notes,Reference,0.47,fallback-reference
Apple Notes/Gartner call 3.3.21.md,Apple Notes,Reference,0.47,fallback-reference
Apple Notes/General booking instructions.md,Apple Notes,Reference,0.47,fallback-reference
Apple Notes/Georgina 11 25.04.md,Apple Notes,Reference,0.47,fallback-reference
Apple Notes/Gespräch Hr. Pfarrer Raphael.md,Apple Notes,Ideas,0.53,keywords=concept
Apple Notes/Giga Meeting.md,Apple Notes,Meetings,0.65,keywords=meeting
Apple Notes/Giga.md,Apple Notes,AI,0.65,keywords=agent
Apple Notes/Global downhill recording.md,Apple Notes,DPWorld,0.99,"keywords=cargo,dp,logistics,port"
Apple Notes/Goal.md,Apple Notes,Reference,0.47,fallback-reference
Apple Notes/Gopal and AES update.md,Apple Notes,Reference,0.47,fallback-reference
Apple Notes/Gptw.md,Apple Notes,Reference,0.47,fallback-reference
Apple Notes/Gumann 605.md,Apple Notes,Reference,0.47,fallback-reference
Apple Notes/HR/Interviews/Natalia Janzen.md,Apple Notes,Projects,0.73,"keywords=plan,project"
Apple Notes/HR/③ Christoph.md,Apple Notes,Reference,0.47,fallback-reference
Apple Notes/HR Austritt Raphael.md,Apple Notes,Reference,0.47,fallback-reference
Apple Notes/HR CE - Lavinia.md,Apple Notes,Reference,0.47,fallback-reference
Apple Notes/HR Call - Licensing Overviews March 2025.md,Apple Notes,Meetings,0.85,"keywords=agenda,meeting"
Apple Notes/HR.md,Apple Notes,Reference,0.47,fallback-reference
Apple Notes/HSEQ.md,Apple Notes,Reference,0.47,fallback-reference
Apple Notes/Harballzüste-Aterom.md,Apple Notes,Reference,0.47,fallback-reference
Apple Notes/Harmonise CS and UBS.md,Apple Notes,Customers,0.53,keywords=client
Apple Notes/Health Checks and Deep Dives - Summaries.md,Apple Notes,Meetings,0.93,"keywords=agenda,meeting,minutes"
Apple Notes/Heilerde ultrafein.md,Apple Notes,Reference,0.47,fallback-reference
Apple Notes/Helpdesk CCM.NET Account Details - Orientation Guide.md,Apple Notes,Customers,0.53,keywords=account
Apple Notes/Helveticor 24.05.md,Apple Notes,Reference,0.47,fallback-reference
Apple Notes/Here’s the revised outline with the recommendation to fully transition….md,Apple Notes,Projects,0.65,keywords=plan
Apple Notes/Herport Assessment.md,Apple Notes,Customers,0.93,"keywords=client,crm,customer"
Apple Notes/Herport april.md,Apple Notes,Reference,0.47,fallback-reference
Apple Notes/Hey Robert.md,Apple Notes,Reference,0.47,fallback-reference
Apple Notes/Hilfestellung.md,Apple Notes,Reference,0.47,fallback-reference
Apple Notes/Hold all.md,Apple Notes,Reference,0.47,fallback-reference
"Apple Notes/Hotel booking confirmations - TLT meeting Jul 21-23, 2015 - Baar.md",Apple Notes,Meetings,0.53,keywords=meeting
Apple Notes/Houston.md,Apple Notes,Reference,0.47,fallback-reference
Apple Notes/How to get to results swot scorecards.md,Apple Notes,Reference,0.47,fallback-reference
Apple Notes/Hsseq culture day.md,Apple Notes,Customers,0.65,keywords=customer
Apple Notes/IMPlementation Meeting December 2025.md,Apple Notes,Customers,0.73,"keywords=account,customer"
Apple Notes/IOT and OT Training.md,Apple Notes,Reference,0.47,fallback-reference
"Apple Notes/Ich bin nicht traurig dass er von uns gegangen ist, sondern ich bin….md",Apple Notes,Reference,0.47,fallback-reference
Apple Notes/Ideas DP.md,Apple Notes,Customers,0.61,"keywords=account,customer"
Apple Notes/Impuls Beratung -.md,Apple Notes,Reference,0.47,fallback-reference
Apple Notes/Influence by no authority.md,Apple Notes,Customers,0.53,keywords=account
Apple Notes/Input JG.md,Apple Notes,Reference,0.47,fallback-reference
Apple Notes/Interview 2 case study damir.md,Apple Notes,Reference,0.47,fallback-reference
Apple Notes/Interview Adecco - Syngenta.md,Apple Notes,Projects,0.73,"keywords=plan,project"
Apple Notes/Interview Dirk Dijkhuizen.md,Apple Notes,Reference,0.47,fallback-reference
Apple Notes/Interview Lavinia.md,Apple Notes,Meetings,0.53,keywords=meeting
Apple Notes/Interview Martina.md,Apple Notes,Reference,0.47,fallback-reference
Apple Notes/Interview ProVeg.md,Apple Notes,Reference,0.47,fallback-reference
Apple Notes/Interview Reto Brägger.md,Apple Notes,Reference,0.47,fallback-reference
Apple Notes/Interview alain bitaim.md,Apple Notes,Reference,0.47,fallback-reference
Apple Notes/Interview joel costeniheira.md,Apple Notes,Reference,0.47,fallback-reference
Apple Notes/Interview marcel schlandt.md,Apple Notes,Reference,0.47,fallback-reference
Apple Notes/Intro Basak.md,Apple Notes,DPWorld,0.65,keywords=dp
Apple Notes/Intro PAD Panko - Brian.md,Apple Notes,Reference,0.47,fallback-reference
Apple Notes/Intro..md,Apple Notes,Reference,0.47,fallback-reference
Apple Notes/Introduction Claudia Elvers.md,Apple Notes,Meetings,0.73,"keywords=agenda,workshop"
Apple Notes/Irvine 15.07.2015 RMG session.md,Apple Notes,Reference,0.47,fallback-reference
Apple Notes/Iso imp call fri 4.04.md,Apple Notes,Reference,0.47,fallback-reference
Apple Notes/Iso what needed march 2025.md,Apple Notes,Reference,0.47,fallback-reference
Apple Notes/Iss meeting cs 2709.md,Apple Notes,Meetings,0.65,keywords=meeting
Apple Notes/It Asset owner.md,Apple Notes,Reference,0.47,fallback-reference
Apple Notes/Iulia BUK 26.04.md,Apple Notes,Reference,0.47,fallback-reference
Apple Notes/Ivan Interview.md,Apple Notes,Personal,0.65,keywords=personal
Apple Notes/JP.md,Apple Notes,Reference,0.47,fallback-reference
Apple Notes/Jaempilang@gmail.com.md,Apple Notes,Reference,0.47,fallback-reference
Apple Notes/Jay - Santosh.md,Apple Notes,Reference,0.53,keywords=reference
Apple Notes/Jbjgubhvhjfuhvrughfruztrhghughurztuztzkascopsdjndjvftbfhvbjvbjbhfgbhfbgbjbdsvbdudxcbfhbfdvbvbbvdhvbh….md,Apple Notes,Reference,0.47,fallback-reference
Apple Notes/Jds iso.md,Apple Notes,Reference,0.47,fallback-reference
Apple Notes/Jobs I applied to.md,Apple Notes,DPWorld,0.81,"keywords=cargo,logistics,shipping"
Apple Notes/Jour fix claudia.md,Apple Notes,Reference,0.47,fallback-reference
Apple Notes/Julien - China.md,Apple Notes,DPWorld,0.73,"keywords=cargo,dp"
Apple Notes/KIK.md,Apple Notes,Reference,0.47,fallback-reference
Apple Notes/KPIs - Colm Meeting.md,Apple Notes,Meetings,0.65,keywords=meeting
Apple Notes/KPMG Spoc.md,Apple Notes,Reference,0.47,fallback-reference
Apple Notes/Kanalure-lotes-coli.-christ-colin.md,Apple Notes,Reference,0.47,fallback-reference
Apple Notes/Karin Feldbaum -Lean Management.md,Apple Notes,Reference,0.47,fallback-reference
Apple Notes/Kaufen.md,Apple Notes,Reference,0.47,fallback-reference
Apple Notes/Keep Linda.md,Apple Notes,Reference,0.47,fallback-reference
Apple Notes/Kids battered suasage.md,Apple Notes,Reference,0.47,fallback-reference
Apple Notes/Kik - update.md,Apple Notes,Reference,0.47,fallback-reference
Apple Notes/Kik India Impl..md,Apple Notes,Reference,0.47,fallback-reference
Apple Notes/Kik Updates on SOP.md,Apple Notes,Reference,0.47,fallback-reference
Apple Notes/Kill the n Avesco.md,Apple Notes,Reference,0.47,fallback-reference
Apple Notes/Kn  facility.md,Apple Notes,Reference,0.47,fallback-reference
Apple Notes/Kurs; Consulting Instrumente.md,Apple Notes,Reference,0.47,fallback-reference
Apple Notes/LAt!.md,Apple Notes,Reference,0.47,fallback-reference
Apple Notes/Leadership Principles (cases).md,Apple Notes,Customers,0.53,keywords=customer
Apple Notes/Leadership training 25.09.2023.md,Apple Notes,Reference,0.47,fallback-reference
Apple Notes/Leading during Times of Change.md,Apple Notes,Personal,0.99,"keywords=habit,journal,life,personal"
Apple Notes/Leonardo.md,Apple Notes,Reference,0.47,fallback-reference
Apple Notes/Lesson 2 - Coping with challenging implementation timelines Focus….md,Apple Notes,Projects,0.53,keywords=plan
Apple Notes/Liebe Raffa.md,Apple Notes,Reference,0.47,fallback-reference
Apple Notes/Lieber vater.md,Apple Notes,Reference,0.47,fallback-reference
Apple Notes/Liste heute.md,Apple Notes,Reference,0.47,fallback-reference
Apple Notes/Liste.md,Apple Notes,Reference,0.47,fallback-reference
Apple Notes/Lizenses - FF100 Update -- Gems.md,Apple Notes,DPWorld,0.65,keywords=dpworld
Apple Notes/Lorena Fach.md,Apple Notes,Reference,0.47,fallback-reference
"Apple Notes/Ls unther, gredeline.md",Apple Notes,Reference,0.47,fallback-reference
Apple Notes/M.md,Apple Notes,Reference,0.47,fallback-reference
Apple Notes/Make a Remote Testing guide based on the Beta benchmark.md,Apple Notes,Reference,0.85,"keywords=documentation,guide"
Apple Notes/Make a list of CV Changes.md,Apple Notes,AI,0.65,keywords=model
Apple Notes/Make a list of Job you like to do.md,Apple Notes,Projects,0.65,keywords=project
Apple Notes/Make a list of what you get from me.md,Apple Notes,Projects,0.65,keywords=project
Apple Notes/Management meeting 28.09.23 .md,Apple Notes,Meetings,0.65,keywords=meeting
Apple Notes/Managing Project Stakeholders.md,Apple Notes,Projects,0.73,"keywords=plan,project"
Apple Notes/Manchester tech workshop notes march 2025.md,Apple Notes,Meetings,0.65,keywords=workshop
Apple Notes/Manisha.md,Apple Notes,Reference,0.47,fallback-reference
Apple Notes/Manoj.md,Apple Notes,Reference,0.47,fallback-reference
Apple Notes/Manor tragtaschen und hänger.md,Apple Notes,Reference,0.47,fallback-reference
Apple Notes/Marcus.md,Apple Notes,Customers,0.53,keywords=customer
Apple Notes/Mareike.md,Apple Notes,Reference,0.47,fallback-reference
Apple Notes/Mario - 22.01.2021.md,Apple Notes,Customers,0.53,keywords=customer
Apple Notes/Mario 14.06.md,Apple Notes,Projects,0.53,keywords=plan
Apple Notes/Markus.md,Apple Notes,Reference,0.47,fallback-reference
Apple Notes/Mate..md,Apple Notes,Reference,0.47,fallback-reference
Apple Notes/Matthias Willems.md,Apple Notes,Reference,0.47,fallback-reference
Apple Notes/Mättliweg 14.md,Apple Notes,Reference,0.47,fallback-reference
Apple Notes/Meeting Nils One CRM nad QT.md,Apple Notes,Customers,0.53,keywords=crm
Apple Notes/Meeting duisburg march 2025.md,Apple Notes,Meetings,0.65,keywords=meeting
Apple Notes/Merly ferry 13th..md,Apple Notes,Reference,0.47,fallback-reference
Apple Notes/Miom cost.md,Apple Notes,Reference,0.47,fallback-reference
Apple Notes/Monthly leadership september 23.md,Apple Notes,Reference,0.47,fallback-reference
Apple Notes/Morning.md,Apple Notes,Reference,0.47,fallback-reference
Apple Notes/Movie list.md,Apple Notes,Reference,0.47,fallback-reference
Apple Notes/Multi Quote to start with.md,Apple Notes,Projects,0.53,keywords=delivery
Apple Notes/Müller.md,Apple Notes,Reference,0.47,fallback-reference
Apple Notes/My health data.md,Apple Notes,Personal,0.65,keywords=health
Apple Notes/N.md,Apple Notes,Reference,0.47,fallback-reference
Apple Notes/NEO OPS.md,Apple Notes,Reference,0.47,fallback-reference
Apple Notes/Natii(155).md,Apple Notes,Reference,0.47,fallback-reference
Apple Notes/Nectarinen.md,Apple Notes,Reference,0.47,fallback-reference
Apple Notes/Neu Traktandum 2.md,Apple Notes,Reference,0.47,fallback-reference
Apple Notes/New Note.md,Apple Notes,Reference,0.47,fallback-reference
Apple Notes/New Recording.md,Apple Notes,Reference,0.47,fallback-reference
Apple Notes/Next PCC.md,Apple Notes,Projects,0.65,keywords=launch
Apple Notes/Notes axa fleet.md,Apple Notes,Customers,0.65,keywords=customer
Apple Notes/Novisad Hamburg.md,Apple Notes,Reference,0.47,fallback-reference
Apple Notes/Nur vor gemeinde rat.md,Apple Notes,Reference,0.47,fallback-reference
Apple Notes/O1-mus-11.09.md,Apple Notes,Reference,0.47,fallback-reference
Apple Notes/OCD Discussion.md,Apple Notes,Reference,0.47,fallback-reference
Apple Notes/OPM Responsibilities.md,Apple Notes,Meetings,0.93,"keywords=agenda,meeting,workshop"
Apple Notes/OPS X.md,Apple Notes,Customers,0.61,"keywords=account,customer"
Apple Notes/OPSX Meeting - CW1-CR2.md,Apple Notes,Customers,0.53,keywords=customer
Apple Notes/Oam.md,Apple Notes,Customers,0.65,keywords=customer
Apple Notes/Old & Admin/1A MBA RKC/1A.2 OB Introduction/(Do tests!)3 Individual Differences.md,Apple Notes,Reference,0.47,fallback-reference
Apple Notes/Old & Admin/1A MBA RKC/1A.2 OB Introduction/(Ok) 1 DecisionMaking.md,Apple Notes,Reference,0.47,fallback-reference
Apple Notes/Old & Admin/1A MBA RKC/1A.2 OB Introduction/(Ok)2 Groups and Teams.md,Apple Notes,Reference,0.47,fallback-reference
Apple Notes/Old & Admin/1A MBA RKC/1A.2 OB Introduction/(Ok)Managing Multicultural Teams continue on last page.md,Apple Notes,Reference,0.47,fallback-reference
Apple Notes/Old & Admin/1A MBA RKC/1A.2 OB Introduction/(Ok)Module Discriptor.md,Apple Notes,Reference,0.47,fallback-reference
Apple Notes/Old & Admin/1A MBA RKC/1A.2 OB Introduction/HBR (Harvard) Making Business Decision.md,Apple Notes,Reference,0.47,fallback-reference
Apple Notes/Old & Admin/1A MBA RKC/1A.2 OB Introduction/Module 1 Intro Organisational Behaviour.md,Apple Notes,Reference,0.47,fallback-reference
Apple Notes/Old & Admin/1A MBA RKC/1A.2 OB Introduction/Personality Test.md,Apple Notes,Reference,0.47,fallback-reference
Apple Notes/Old & Admin/1A MBA RKC/1AA.1 Introduction/Academic Regulations Cambria (link).md,Apple Notes,Reference,0.65,keywords=guide
Apple Notes/Old & Admin/1A MBA RKC/1AA.1 Introduction/Academic writing.md,Apple Notes,Reference,0.47,fallback-reference
Apple Notes/Old & Admin/1A MBA RKC/1AA.1 Introduction/Cambria Login (Apps).md,Apple Notes,Reference,0.47,fallback-reference
Apple Notes/Old & Admin/1A MBA RKC/1AA.1 Introduction/Feedback Analysis Dezember 2019.md,Apple Notes,Reference,0.47,fallback-reference
Apple Notes/Old & Admin/1A MBA RKC/1AA.1 Introduction/Malpractise and Plagiarism (tools).md,Apple Notes,Personal,0.53,keywords=life
Apple Notes/Old & Admin/1A MBA RKC/1AA.1 Introduction/Managing one self (HBR).md,Apple Notes,Reference,0.47,fallback-reference
Apple Notes/Old & Admin/1A MBA RKC/1AA.1 Introduction/Program Handbook RKC.md,Apple Notes,Projects,0.53,keywords=project
Apple Notes/Old & Admin/1A MBA RKC/1AA.1 Introduction/To Do’s.md,Apple Notes,Reference,0.47,fallback-reference
Apple Notes/Old & Admin/1A MBA RKC/1B EDX/Accounting Essentials Royal London University/Accounting Glossary.md,Apple Notes,Customers,0.53,keywords=account
Apple Notes/Old & Admin/1A MBA RKC/1B EDX/Accounting Essentials Royal London University/Excels.md,Apple Notes,Reference,0.47,fallback-reference
Apple Notes/Old & Admin/1A MBA RKC/1B EDX/Accounting Essentials Royal London University/Key Learning Points- Topic 1 What is Accounting.md,Apple Notes,Reference,0.47,fallback-reference
Apple Notes/Old & Admin/1A MBA RKC/1B EDX/Accounting Essentials Royal London University/Measuring Wealth Topic 2.md,Apple Notes,Reference,0.47,fallback-reference
Apple Notes/Old & Admin/1A MBA RKC/1B EDX/Accounting Essentials Royal London University/What is Accounting Topic 1Accounting.md,Apple Notes,Reference,0.47,fallback-reference
Apple Notes/Old & Admin/1A MBA RKC/1B EDX/Agile Leadership Principels EDX Maryland/Agile Principel Course EDX.md,Apple Notes,Reference,0.47,fallback-reference
Apple Notes/Old & Admin/1A MBA RKC/1B EDX/Agile Leadership Principels EDX Maryland/Week 2.md,Apple Notes,Reference,0.47,fallback-reference
Apple Notes/Old & Admin/1A MBA RKC/1B EDX/Agile Leadership Principels EDX Maryland/Week 3.md,Apple Notes,Reference,0.47,fallback-reference
Apple Notes/Old & Admin/1A MBA RKC/1B EDX/CS50s Harvard/CS 50 Computational Thinking.md,Apple Notes,Customers,0.53,keywords=customer
Apple Notes/Old & Admin/1A MBA RKC/1B EDX/CS50s Harvard/Internet Technologies.md,Apple Notes,DPWorld,0.85,"keywords=port,terminal"
Apple Notes/Old & Admin/1A MBA RKC/1B EDX/CS50s Harvard/Programming Languages.md,Apple Notes,Meetings,0.65,keywords=minutes
Apple Notes/Old & Admin/1A MBA RKC/1B EDX/CS50s Harvard/Web Development.md,Apple Notes,DPWorld,0.65,keywords=terminal
Apple Notes/Old & Admin/1A MBA RKC/1B EDX/Critical Thinking EDX RIT/1 Critical Thinking Course EDX.md,Apple Notes,Reference,0.47,fallback-reference
Apple Notes/Old & Admin/1A MBA RKC/1B EDX/Critical Thinking EDX RIT/2 Hand notes.md,Apple Notes,Reference,0.47,fallback-reference
Apple Notes/Old & Admin/1A MBA RKC/1B EDX/Critical Thinking EDX RIT/3 hand notes.md,Apple Notes,Reference,0.47,fallback-reference
Apple Notes/Old & Admin/1A MBA RKC/1B EDX/Critical Thinking EDX RIT/9 Thinking Behaviors....md,Apple Notes,Ideas,0.65,keywords=idea
Apple Notes/Old & Admin/1A MBA RKC/1B EDX/Critical Thinking EDX RIT/Defining Problems The Most Important Business Skill You've Never….md,Apple Notes,Customers,0.53,keywords=client
Apple Notes/Old & Admin/1A MBA RKC/1B EDX/Critical Thinking EDX RIT/Mike’s 5 ways to improve critical thinking.md,Apple Notes,Reference,0.47,fallback-reference
Apple Notes/Old & Admin/1A MBA RKC/1B EDX/Critical Thinking EDX RIT/Mike’s Ways to Deploy Creative Thinking in the Moment.md,Apple Notes,Reference,0.47,fallback-reference
Apple Notes/Old & Admin/1A MBA RKC/1B EDX/Critical Thinking EDX RIT/Mike’s ways to work on Creative Thinking When You Have More Time.md,Apple Notes,Reference,0.47,fallback-reference
Apple Notes/Old & Admin/1A MBA RKC/1B EDX/Critical Thinking EDX RIT/The 6 types of socratic questions.md,Apple Notes,Reference,0.47,fallback-reference
Apple Notes/Old & Admin/1A MBA RKC/1B EDX/Critical Thinking EDX RIT/ToolsCollaborativeProblemSolving.md,Apple Notes,Reference,0.65,keywords=guide
Apple Notes/Old & Admin/1A MBA RKC/1B EDX/Critical Thinking EDX RIT/Top Barriers to Critical Thinking.md,Apple Notes,Ideas,0.65,keywords=idea
Apple Notes/Old & Admin/1A MBA RKC/1B EDX/Critical Thinking EDX RIT/Ultimate cheatsheet for critical thinking.md,Apple Notes,Reference,0.47,fallback-reference
Apple Notes/Old & Admin/1A MBA RKC/1B EDX/Dark Matter/Das ________________ I 2'S r. _________ Basel.md,Apple Notes,Reference,0.47,fallback-reference
Apple Notes/Old & Admin/1A MBA RKC/1B EDX/HBR's & Other reads/Curiosity Is as Important as Intelligence.md,Apple Notes,Ideas,0.53,keywords=idea
Apple Notes/Old & Admin/1A MBA RKC/1B EDX/HBR's & Other reads/The Creative Dividend.md,Apple Notes,Reference,0.47,fallback-reference
Apple Notes/Old & Admin/1A MBA RKC/1B EDX/HBR's & Other reads/Why Curiosity Matters.md,Apple Notes,Personal,0.73,"keywords=health,life"
Apple Notes/Old & Admin/1A MBA RKC/Administration Office Email (20.12.2019).md,Apple Notes,Customers,0.53,keywords=account
Apple Notes/Old & Admin/1A MBA RKC/Assessments Style and Templates.md,Apple Notes,Reference,0.47,fallback-reference
Apple Notes/Old & Admin/1A MBA RKC/IM Units/Ideas for conclusion.md,Apple Notes,Reference,0.47,fallback-reference
Apple Notes/Old & Admin/1A MBA RKC/IM Units/Literature Review/Done.md,Apple Notes,Customers,0.61,"keywords=customer,stakeholder"
Apple Notes/Old & Admin/1A MBA RKC/IM Units/Literature Review/Introduction (Old for backup and drawing).md,Apple Notes,Reference,0.47,fallback-reference
Apple Notes/Old & Admin/1A MBA RKC/IM Units/Mendeley Biblography.md,Apple Notes,Reference,0.47,fallback-reference
Apple Notes/Old & Admin/1A MBA RKC/IM Units/Question to Alex.md,Apple Notes,Ideas,0.53,keywords=concept
Apple Notes/Old & Admin/1A MBA RKC/IM Units/Questions to Prof.md,Apple Notes,Meetings,0.65,keywords=meeting
Apple Notes/Old & Admin/1A MBA RKC/IM Units/To Do Paper.md,Apple Notes,Projects,0.53,keywords=project
Apple Notes/Old & Admin/1A MBA RKC/IM Units/Unit 1 Understanding and Managing Successful Information Systems/Artikels and Reading.md,Apple Notes,Reference,0.47,fallback-reference
Apple Notes/Old & Admin/1A MBA RKC/IM Units/Unit 1 Understanding and Managing Successful Information Systems/Assessment 1.md,Apple Notes,Customers,0.73,"keywords=customer,stakeholder"
Apple Notes/Old & Admin/1A MBA RKC/IM Units/Unit 1 Understanding and Managing Successful Information Systems/Assessment Paper.md,Apple Notes,Reference,0.47,fallback-reference
Apple Notes/Old & Admin/1A MBA RKC/IM Units/Unit 1 Understanding and Managing Successful Information Systems/Introduction to Information Management Systems.md,Apple Notes,AI,0.85,"keywords=ai,model"
Apple Notes/Old & Admin/1A MBA RKC/IM Units/Unit 1 Understanding and Managing Successful Information Systems/Literature review security and governance.md,Apple Notes,Reference,0.47,fallback-reference
Apple Notes/Old & Admin/1A MBA RKC/IM Units/Unit 2 Mgt Anl Information/Articles & Presentations to Read.md,Apple Notes,Reference,0.47,fallback-reference
Apple Notes/Old & Admin/1A MBA RKC/IM Units/Unit 2 Mgt Anl Information/Introduction Managing and Analysing Information.md,Apple Notes,Customers,0.85,"keywords=client,customer"
Apple Notes/Old & Admin/1A MBA RKC/IM Units/Unit 2 Mgt Anl Information/Preparing for Assignment.md,Apple Notes,Personal,0.65,keywords=life
Apple Notes/Old & Admin/1A MBA RKC/Mofule list and registration.md,Apple Notes,Projects,0.53,keywords=plan
Apple Notes/Old & Admin/1A MBA RKC/OB UNITS/Unit 1 Leadership (OB)/(Done) Presentations to Read.md,Apple Notes,Reference,0.47,fallback-reference
Apple Notes/Old & Admin/1A MBA RKC/OB UNITS/Unit 1 Leadership (OB)/Articles to Read.md,Apple Notes,Meetings,0.65,keywords=standup
Apple Notes/Old & Admin/1A MBA RKC/OB UNITS/Unit 1 Leadership (OB)/Build a Team Checklist.md,Apple Notes,Reference,0.47,fallback-reference
Apple Notes/Old & Admin/1A MBA RKC/OB UNITS/Unit 1 Leadership (OB)/Leadership.md,Apple Notes,Reference,0.47,fallback-reference
Apple Notes/Old & Admin/1A MBA RKC/OB UNITS/Unit 1 Leadership (OB)/Personality Test.md,Apple Notes,Personal,0.65,keywords=life
Apple Notes/Old & Admin/1A MBA RKC/OB UNITS/Unit 1 Leadership (OB)/Self awareness.md,Apple Notes,Reference,0.47,fallback-reference
Apple Notes/Old & Admin/1A MBA RKC/OB UNITS/Unit 2 Structure change Sustainability (OB)/Articles.md,Apple Notes,Reference,0.47,fallback-reference
Apple Notes/Old & Admin/1A MBA RKC/OB UNITS/Unit 2 Structure change Sustainability (OB)/Interim Assessment.md,Apple Notes,Reference,0.47,fallback-reference
Apple Notes/Old & Admin/1A MBA RKC/OB UNITS/Unit 2 Structure change Sustainability (OB)/PWTs and.md,Apple Notes,Reference,0.47,fallback-reference
Apple Notes/Old & Admin/1A MBA RKC/OB UNITS/Unit 3 Corporate Culture/A life lesson I learned Value cultural fit over skill.md,Apple Notes,Personal,0.53,keywords=life
Apple Notes/Old & Admin/1A MBA RKC/OB UNITS/Unit 3 Corporate Culture/Article to Read.md,Apple Notes,Reference,0.47,fallback-reference
Apple Notes/Old & Admin/1A MBA RKC/OB UNITS/Unit 4 Motivation/Articles to Read.md,Apple Notes,Reference,0.47,fallback-reference
Apple Notes/Old & Admin/1A MBA RKC/OB UNITS/Unit 4 Motivation/August The Boardinghouse.md,Apple Notes,Reference,0.47,fallback-reference
Apple Notes/Old & Admin/1A MBA RKC/OB UNITS/Unit 4 Motivation/Presentations.md,Apple Notes,Reference,0.47,fallback-reference
Apple Notes/Old & Admin/1A MBA RKC/OB UNITS/Unit 5 Human Capital & Communication/Articles to Read.md,Apple Notes,Reference,0.47,fallback-reference
Apple Notes/Old & Admin/1A MBA RKC/OB UNITS/Unit 5 Human Capital & Communication/Presentations.md,Apple Notes,Reference,0.47,fallback-reference
Apple Notes/Old & Admin/1A MBA RKC/OB UNITS/Unit 6 Prejudice in Organizations/Articles to Rad.md,Apple Notes,Reference,0.47,fallback-reference
Apple Notes/Old & Admin/1A MBA RKC/Questions.md,Apple Notes,Reference,0.47,fallback-reference
"Apple Notes/Old & Admin/1A MBA RKC/UN Ethis, Responability and Sustainability/Unit 1 Pre-Residency Materials/About.md",Apple Notes,Personal,0.53,keywords=life
"Apple Notes/Old & Admin/1A MBA RKC/UN Ethis, Responability and Sustainability/Unit 1 Pre-Residency Materials/Introduction to Module.md",Apple Notes,Personal,0.65,keywords=life
"Apple Notes/Old & Admin/1A MBA RKC/UN Ethis, Responability and Sustainability/Unit 1 Pre-Residency Materials/Readings Articles.md",Apple Notes,Personal,0.99,"keywords=family,journal,life,personal"
"Apple Notes/Old & Admin/1A MBA RKC/UN Ethis, Responability and Sustainability/Unit 1 Pre-Residency Materials/Sitzung Heizung.md",Apple Notes,AI,0.65,keywords=model
"Apple Notes/Old & Admin/1A MBA RKC/UN Ethis, Responability and Sustainability/Unit 2 Online/2.1.md",Apple Notes,Reference,0.47,fallback-reference
"Apple Notes/Old & Admin/1A MBA RKC/UN Ethis, Responability and Sustainability/Unit 2 Online/2.2.md",Apple Notes,Reference,0.47,fallback-reference
"Apple Notes/Old & Admin/1A MBA RKC/UN Ethis, Responability and Sustainability/Unit 2 Online/Assessment 1.md",Apple Notes,Ideas,0.73,"keywords=concept,draft"
"Apple Notes/Old & Admin/1A MBA RKC/UN Ethis, Responability and Sustainability/Unit 2 Online/Assessment Formation.md",Apple Notes,Customers,0.53,keywords=stakeholder
"Apple Notes/Old & Admin/1A MBA RKC/UN Ethis, Responability and Sustainability/Unit 2 Online/Editable Template.md",Apple Notes,Reference,0.47,fallback-reference
"Apple Notes/Old & Admin/1A MBA RKC/UN Ethis, Responability and Sustainability/Unit 2 Online/Plan how to do it.md",Apple Notes,Projects,0.65,keywords=plan
"Apple Notes/Old & Admin/1A MBA RKC/UN Ethis, Responability and Sustainability/Unit 2 Online/Unit Reads.md",Apple Notes,Reference,0.47,fallback-reference
"Apple Notes/Old & Admin/1A MBA RKC/UN Ethis, Responability and Sustainability/Unit 3 EBP Partn-Leader/3.0 Excersizes.md",Apple Notes,Customers,0.53,keywords=stakeholder
"Apple Notes/Old & Admin/1A MBA RKC/UN Ethis, Responability and Sustainability/Unit 3 EBP Partn-Leader/Ackroyd & Harvey Beuys', 2007, Acorns, onwards mixed media. Courtesy….md",Apple Notes,Personal,0.99,"keywords=journal,life,personal"
"Apple Notes/Old & Admin/1A MBA RKC/UN Ethis, Responability and Sustainability/Unit 3 EBP Partn-Leader/Excersizes.md",Apple Notes,Customers,0.53,keywords=customer
"Apple Notes/Old & Admin/1A MBA RKC/UN Ethis, Responability and Sustainability/Unit 3 EBP Partn-Leader/Question to Prof Williams.md",Apple Notes,Reference,0.65,keywords=reference
Apple Notes/Old & Admin/Agility Notes/1A Important Knowhow/Anthony/1. Inter Personal - Gracefull.md,Apple Notes,Personal,0.65,keywords=personal
Apple Notes/Old & Admin/Agility Notes/1A Important Knowhow/Anthony/1.1 Interpersonal.md,Apple Notes,Reference,0.47,fallback-reference
Apple Notes/Old & Admin/Agility Notes/1A Important Knowhow/Anthony/1.3 Interpersonal (Writing - Speaking Techniques).md,Apple Notes,Reference,0.47,fallback-reference
Apple Notes/Old & Admin/Agility Notes/1A Important Knowhow/Anthony/1.4 Interpersonal (Summary).md,Apple Notes,Reference,0.47,fallback-reference
Apple Notes/Old & Admin/Agility Notes/1A Important Knowhow/Anthony/2. Emotional.md,Apple Notes,Reference,0.47,fallback-reference
Apple Notes/Old & Admin/Agility Notes/1A Important Knowhow/Anthony/2.2 Emotional Enhancing Self Esteem.md,Apple Notes,Reference,0.47,fallback-reference
Apple Notes/Old & Admin/Agility Notes/1A Important Knowhow/Anthony/2.3 Emotional how to view error and receive feedbac effectively….md,Apple Notes,Reference,0.47,fallback-reference
Apple Notes/Old & Admin/Agility Notes/1A Important Knowhow/Anthony/2.4 Emotional (Summary).md,Apple Notes,Reference,0.47,fallback-reference
Apple Notes/Old & Admin/Agility Notes/1A Important Knowhow/Anthony/3. Intelectual  developmental steps to take toward being more flexible….md,Apple Notes,Reference,0.47,fallback-reference
Apple Notes/Old & Admin/Agility Notes/1A Important Knowhow/Anthony/3.1 Intellectual One's conceptual Ability think how you think….md,Apple Notes,Reference,0.47,fallback-reference
Apple Notes/Old & Admin/Agility Notes/1A Important Knowhow/Anthony/3.2 Intellectual Management Continouse Thinking Patterns.md,Apple Notes,Reference,0.47,fallback-reference
Apple Notes/Old & Admin/Agility Notes/1A Important Knowhow/Anthony/4. Management The Management Process.md,Apple Notes,Reference,0.47,fallback-reference
Apple Notes/Old & Admin/Agility Notes/1A Important Knowhow/Anthony/4.1 Management What to do as a Coach.md,Apple Notes,Reference,0.47,fallback-reference
Apple Notes/Old & Admin/Agility Notes/1A Important Knowhow/Anthony/4.2 Managment Holding people accountable.md,Apple Notes,Reference,0.47,fallback-reference
Apple Notes/Old & Admin/Agility Notes/1A Important Knowhow/Anthony/Summary.md,Apple Notes,Reference,0.47,fallback-reference
Apple Notes/Old & Admin/Agility Notes/1A Important Knowhow/Career Planning Role Progression.md,Apple Notes,Customers,0.53,keywords=stakeholder
Apple Notes/Old & Admin/Agility Notes/1A Important Knowhow/FW Word Map....md,Apple Notes,Personal,0.65,keywords=family
Apple Notes/Old & Admin/Agility Notes/1A Important Knowhow/Hi TLT –.md,Apple Notes,Meetings,0.53,keywords=agenda
Apple Notes/Old & Admin/Agility Notes/1A Important Knowhow/Probing Questions.md,Apple Notes,Customers,0.65,keywords=account
Apple Notes/Old & Admin/Agility Notes/1A Important Knowhow/Say it with Charts - taking to next Level - Communication.md,Apple Notes,Reference,0.47,fallback-reference
Apple Notes/Old & Admin/Agility Notes/1A Important Knowhow/Sources of Confusion Repeatable Framework.md,Apple Notes,DPWorld,0.65,keywords=logistics
Apple Notes/Old & Admin/Agility Notes/1A Important Knowhow/Untitled note.md,Apple Notes,Reference,0.47,fallback-reference
Apple Notes/Old & Admin/Agility Notes/1A Important Knowhow/http--www.agileprojectmanagementtraining.com-one-year-access-.md,Apple Notes,Customers,0.53,keywords=customer
Apple Notes/Old & Admin/Agility Notes/Colocation/COLO 11 Planning.md,Apple Notes,Reference,0.65,keywords=documentation
Apple Notes/Old & Admin/Agility Notes/Colocation/COLO10 Align on PPSAC+ (Basel) 04.08.2014.md,Apple Notes,Projects,0.73,"keywords=plan,project"
Apple Notes/Old & Admin/Agility Notes/Colocation/COLO10 Policy Group Discussion - 05.08.2014.md,Apple Notes,Reference,0.47,fallback-reference
Apple Notes/Old & Admin/Agility Notes/Colocation/COLO8 - SSC for Rate Upload etc.md,Apple Notes,Meetings,0.65,keywords=meeting
Apple Notes/Old & Admin/Agility Notes/Colocation/COLO8 Agenda Planning - v10 0 - May 14 2014.xlsx.md,Apple Notes,Meetings,0.53,keywords=agenda
Apple Notes/Old & Admin/Agility Notes/Colocation/COLO8 FOCiS Framework Discussion.md,Apple Notes,Personal,0.65,keywords=family
Apple Notes/Old & Admin/Agility Notes/Colocation/COLO8 IOP-COP (DXB).md,Apple Notes,Reference,0.47,fallback-reference
Apple Notes/Old & Admin/Agility Notes/Colocation/COLO8 MDM Governance Discussion (DXB).md,Apple Notes,Customers,0.73,"keywords=customer,stakeholder"
Apple Notes/Old & Admin/Agility Notes/Colocation/COLO8 Policy Discussion Global Standard Departmens.md,Apple Notes,Ideas,0.65,keywords=idea
Apple Notes/Old & Admin/Agility Notes/Colocation/COLO8 Policy Group (DXB).md,Apple Notes,Reference,0.65,keywords=manual
Apple Notes/Old & Admin/Agility Notes/Colocation/COLO8 QM 2.0 Requierments.md,Apple Notes,Customers,0.65,keywords=stakeholder
Apple Notes/Old & Admin/Agility Notes/Colocation/COLO8 Roles Discussion (DXB).md,Apple Notes,Projects,0.73,"keywords=plan,project"
Apple Notes/Old & Admin/Agility Notes/Colocation/COLO8 SMDM Update (DXB).md,Apple Notes,Customers,0.53,keywords=stakeholder
Apple Notes/Old & Admin/Agility Notes/Colocation/COLO8 Singel Job Concept (DXB).md,Apple Notes,Ideas,0.73,"keywords=concept,idea"
Apple Notes/Old & Admin/Agility Notes/Colocation/COLO8 Stakeholder Contracts (DXB).md,Apple Notes,Customers,0.85,"keywords=client,stakeholder"
Apple Notes/Old & Admin/Agility Notes/Colocation/COLO9 Alerts & Notifications - (Baar).md,Apple Notes,Ideas,0.53,keywords=concept
"Apple Notes/Old & Admin/Agility Notes/Colocation/Co-Lo 10 - Basel, Aug 4-8 - daily agenda & basic logistics.md",Apple Notes,Meetings,0.53,keywords=agenda
"Apple Notes/Old & Admin/Agility Notes/Colocation/Co-Lo 11 Agenda Planning - v7.5 - Sep 8, 2014.xlsm.md",Apple Notes,Meetings,0.65,keywords=agenda
"Apple Notes/Old & Admin/Agility Notes/Colocation/Co-Lo 12 Agenda Planning - v2.0 - Oct 3, 2014.xlsm.md",Apple Notes,Meetings,0.53,keywords=agenda
Apple Notes/Old & Admin/Agility Notes/Colocation/Co-Lo 9 Agenda Planning - v4 - Jun 4 2014.xlsm.md,Apple Notes,Meetings,0.65,keywords=agenda
Apple Notes/Old & Admin/Agility Notes/Colocation/Credit Control - COLO10 - Lunch Meeting.md,Apple Notes,Customers,0.73,"keywords=account,customer"
Apple Notes/Old & Admin/Agility Notes/Colocation/Note conflict COLO8 QM 2.0 Requierments.md,Apple Notes,Customers,0.65,keywords=stakeholder
Apple Notes/Old & Admin/Agility Notes/Colocation/Notes Colo11.md,Apple Notes,Reference,0.47,fallback-reference
Apple Notes/Old & Admin/Agility Notes/Colocation/Ocean Alignment (Baar) COLO9 - 19-06.2014.md,Apple Notes,Customers,0.53,keywords=customer
Apple Notes/Old & Admin/Agility Notes/Colocation/PPSAC ++ COLO11 Discussion.md,Apple Notes,Reference,0.47,fallback-reference
Apple Notes/Old & Admin/Agility Notes/Colocation/QM Imp Notes COLO10.md,Apple Notes,Reference,0.47,fallback-reference
Apple Notes/Old & Admin/Agility Notes/Colocation/RE Co-Lo 14 - daily agenda - Dec 1-5.md,Apple Notes,Meetings,0.65,keywords=agenda
Apple Notes/Old & Admin/Agility Notes/Colocation/Rate Collection COLO10 (Basel) 07.08.2014.md,Apple Notes,Reference,0.47,fallback-reference
Apple Notes/Old & Admin/Agility Notes/Colocation/SJC Profit Share COLO10 (Basel) 07.08.2014.md,Apple Notes,Reference,0.47,fallback-reference
Apple Notes/Old & Admin/Agility Notes/Colocation/SJC QM Enhancement (June COLO) 19.06.2014.md,Apple Notes,Customers,0.65,keywords=customer
Apple Notes/Old & Admin/Agility Notes/Colocation/Singel Job & Related Topics - COLO9 - Baar.md,Apple Notes,Reference,0.47,fallback-reference
Apple Notes/Old & Admin/Agility Notes/Diverse/(Updated 7.01.15) Call 6th of January (open Actions FOCiS) - Points….md,Apple Notes,Projects,0.73,"keywords=delivery,project"
Apple Notes/Old & Admin/Agility Notes/Diverse/(notes from the call) RE Commercial FX rate requirements for QM.md,Apple Notes,Customers,0.53,keywords=customer
"Apple Notes/Old & Admin/Agility Notes/Diverse/- Promotions - why not bulk when - how, need anything frim me.md",Apple Notes,Reference,0.47,fallback-reference
Apple Notes/Old & Admin/Agility Notes/Diverse/- west of Fort Lauderdale Westin (after everglades (Billy swamp safari….md,Apple Notes,Reference,0.47,fallback-reference
Apple Notes/Old & Admin/Agility Notes/Diverse/1 _ Rolling Work ToDo's.md,Apple Notes,Meetings,0.61,"keywords=meeting,workshop"
Apple Notes/Old & Admin/Agility Notes/Diverse/2nd Technical Workshop BCN (CF Integration).md,Apple Notes,Meetings,0.73,"keywords=agenda,workshop"
Apple Notes/Old & Admin/Agility Notes/Diverse/AES Update (Girish) June STC 2014.md,Apple Notes,Customers,0.65,keywords=crm
Apple Notes/Old & Admin/Agility Notes/Diverse/AW 5 min bitte.md,Apple Notes,Meetings,0.53,keywords=meeting
Apple Notes/Old & Admin/Agility Notes/Diverse/Achievement 2016_v1.3_01.12.2016.pptx.md,Apple Notes,Reference,0.47,fallback-reference
Apple Notes/Old & Admin/Agility Notes/Diverse/Afternoon Day 1.md,Apple Notes,Customers,0.53,keywords=customer
Apple Notes/Old & Admin/Agility Notes/Diverse/Agenda - this weeks meeting.md,Apple Notes,Meetings,0.73,"keywords=agenda,meeting"
Apple Notes/Old & Admin/Agility Notes/Diverse/Agenda 29-30.05. HKG.md,Apple Notes,Meetings,0.73,"keywords=agenda,workshop"
Apple Notes/Old & Admin/Agility Notes/Diverse/Agenda Germany 1 Day QM Intro.md,Apple Notes,Meetings,0.85,"keywords=agenda,workshop"
Apple Notes/Old & Admin/Agility Notes/Diverse/Agenda Input.md,Apple Notes,Meetings,0.65,keywords=agenda
Apple Notes/Old & Admin/Agility Notes/Diverse/Agenda Vorpsiel Sitzung und Protokol draft.md,Apple Notes,Meetings,0.53,keywords=agenda
Apple Notes/Old & Admin/Agility Notes/Diverse/Agenda for Next Week's Team meeting.md,Apple Notes,Meetings,0.73,"keywords=agenda,meeting"
Apple Notes/Old & Admin/Agility Notes/Diverse/Agenda.md,Apple Notes,Meetings,0.65,keywords=agenda
Apple Notes/Old & Admin/Agility Notes/Diverse/Agile Structures and to come.md,Apple Notes,Reference,0.47,fallback-reference
Apple Notes/Old & Admin/Agility Notes/Diverse/Agreements from Co-Lo 6 Basel.md,Apple Notes,Ideas,0.73,"keywords=concept,draft"
Apple Notes/Old & Admin/Agility Notes/Diverse/Air Freight Update (Amjad) STC Baar.md,Apple Notes,Reference,0.47,fallback-reference
Apple Notes/Old & Admin/Agility Notes/Diverse/Airfreight.md,Apple Notes,Reference,0.47,fallback-reference
Apple Notes/Old & Admin/Agility Notes/Diverse/Al preparation for NPC Treshhold call.md,Apple Notes,Reference,0.47,fallback-reference
Apple Notes/Old & Admin/Agility Notes/Diverse/Alignment with Janaki.md,Apple Notes,Reference,0.47,fallback-reference
Apple Notes/Old & Admin/Agility Notes/Diverse/All Data Elements buildign Roles Departments and USC.md,Apple Notes,Reference,0.47,fallback-reference
Apple Notes/Old & Admin/Agility Notes/Diverse/All GIL25 are handled in COE.md,Apple Notes,Reference,0.47,fallback-reference
Apple Notes/Old & Admin/Agility Notes/Diverse/Alpha Beta.md,Apple Notes,Reference,0.47,fallback-reference
Apple Notes/Old & Admin/Agility Notes/Diverse/Anandhan Srinivasan.md,Apple Notes,Reference,0.47,fallback-reference
Apple Notes/Old & Admin/Agility Notes/Diverse/BM Training - Update  Call.md,Apple Notes,Meetings,0.73,"keywords=agenda,workshop"
Apple Notes/Old & Admin/Agility Notes/Diverse/BMX LDP Feedback.md,Apple Notes,Reference,0.47,fallback-reference
"Apple Notes/Old & Admin/Agility Notes/Diverse/BRS's Roles, Departments + new Policy.md",Apple Notes,Reference,0.47,fallback-reference
Apple Notes/Old & Admin/Agility Notes/Diverse/Baar Extended TLTL 21.07.16.md,Apple Notes,Reference,0.47,fallback-reference
Apple Notes/Old & Admin/Agility Notes/Diverse/Bachelor David Moroni.md,Apple Notes,Reference,0.47,fallback-reference
Apple Notes/Old & Admin/Agility Notes/Diverse/Beginners Guide to PPSSAC.md,Apple Notes,Reference,0.65,keywords=guide
Apple Notes/Old & Admin/Agility Notes/Diverse/Beta 1 2 3 slide.md,Apple Notes,Reference,0.47,fallback-reference
Apple Notes/Old & Admin/Agility Notes/Diverse/Betty Wenzel.md,Apple Notes,Reference,0.47,fallback-reference
Apple Notes/Old & Admin/Agility Notes/Diverse/Brain Dump for UE 2.0.md,Apple Notes,Meetings,0.65,keywords=meeting
Apple Notes/Old & Admin/Agility Notes/Diverse/CF Integration Workshop - Meeting Summary.md,Apple Notes,Meetings,0.73,"keywords=meeting,workshop"
Apple Notes/Old & Admin/Agility Notes/Diverse/CONTROL INTEGRATION Workshop Day 1.md,Apple Notes,Meetings,0.65,keywords=workshop
Apple Notes/Old & Admin/Agility Notes/Diverse/CONTROL Integration Workshop Day2.md,Apple Notes,Meetings,0.65,keywords=workshop
Apple Notes/Old & Admin/Agility Notes/Diverse/CS initiative documents.md,Apple Notes,Projects,0.53,keywords=project
Apple Notes/Old & Admin/Agility Notes/Diverse/Call Helen 5.11.md,Apple Notes,Reference,0.47,fallback-reference
Apple Notes/Old & Admin/Agility Notes/Diverse/Call from HYD internal testing with Steve 01.10.2014.md,Apple Notes,Reference,0.47,fallback-reference
Apple Notes/Old & Admin/Agility Notes/Diverse/Canada - Notes on QM Beta update call.md,Apple Notes,Projects,0.53,keywords=delivery
Apple Notes/Old & Admin/Agility Notes/Diverse/Cancel and Delete (CONTROL).md,Apple Notes,Personal,0.53,keywords=family
Apple Notes/Old & Admin/Agility Notes/Diverse/Career.md,Apple Notes,Reference,0.47,fallback-reference
Apple Notes/Old & Admin/Agility Notes/Diverse/Carrier requests with no vessel info.md,Apple Notes,Projects,0.53,keywords=project
Apple Notes/Old & Admin/Agility Notes/Diverse/Catch Up - Ellen.md,Apple Notes,Customers,0.53,keywords=stakeholder
Apple Notes/Old & Admin/Agility Notes/Diverse/Catch Up Meeting Wednesday 14.09.2016.md,Apple Notes,Meetings,0.81,"keywords=agenda,meeting,workshop"
Apple Notes/Old & Admin/Agility Notes/Diverse/Celebrate.md,Apple Notes,Meetings,0.53,keywords=meeting
Apple Notes/Old & Admin/Agility Notes/Diverse/Change of Address.md,Apple Notes,Personal,0.65,keywords=family
Apple Notes/Old & Admin/Agility Notes/Diverse/Chaning Departments.md,Apple Notes,Personal,0.65,keywords=family
Apple Notes/Old & Admin/Agility Notes/Diverse/Chicago QM Implementation workshop.md,Apple Notes,Meetings,0.65,keywords=workshop
Apple Notes/Old & Admin/Agility Notes/Diverse/Commercial FX Rate.md,Apple Notes,Reference,0.47,fallback-reference
Apple Notes/Old & Admin/Agility Notes/Diverse/Comunication to countries.md,Apple Notes,Reference,0.47,fallback-reference
Apple Notes/Old & Admin/Agility Notes/Diverse/Considerations for ORC & to do's..md,Apple Notes,Reference,0.47,fallback-reference
Apple Notes/Old & Admin/Agility Notes/Diverse/Country - Branch Services and Chargecodes.md,Apple Notes,Customers,0.73,"keywords=account,customer"
Apple Notes/Old & Admin/Agility Notes/Diverse/Currency Exchange.md,Apple Notes,Customers,0.65,keywords=customer
Apple Notes/Old & Admin/Agility Notes/Diverse/DEMO Module Skill port.md,Apple Notes,Projects,0.53,keywords=launch
Apple Notes/Old & Admin/Agility Notes/Diverse/Day 1 Chennai.md,Apple Notes,Projects,0.65,keywords=delivery
Apple Notes/Old & Admin/Agility Notes/Diverse/Day 1 TLT (Baar) - 09.06.2014.md,Apple Notes,Meetings,0.53,keywords=workshop
Apple Notes/Old & Admin/Agility Notes/Diverse/Day 2 TLT (Baar) - 10-06.2014.md,Apple Notes,Projects,0.73,"keywords=plan,project"
Apple Notes/Old & Admin/Agility Notes/Diverse/Day 3 Chennai.md,Apple Notes,Reference,0.47,fallback-reference
Apple Notes/Old & Admin/Agility Notes/Diverse/Day 3 Manchester.md,Apple Notes,Projects,0.53,keywords=plan
Apple Notes/Old & Admin/Agility Notes/Diverse/Debrief TOP 3 Issues.md,Apple Notes,Reference,0.47,fallback-reference
Apple Notes/Old & Admin/Agility Notes/Diverse/December 1st targets and next steps.md,Apple Notes,Customers,0.53,keywords=stakeholder
Apple Notes/Old & Admin/Agility Notes/Diverse/Department Discussion (STC Baar June) 13.06.2014.md,Apple Notes,Customers,0.73,"keywords=customer,stakeholder"
Apple Notes/Old & Admin/Agility Notes/Diverse/Departments.ppt.md,Apple Notes,Reference,0.47,fallback-reference
"Apple Notes/Old & Admin/Agility Notes/Diverse/Discussion on next steps on Multilane, NPC View and Reporting.md",Apple Notes,DPWorld,0.65,keywords=port
Apple Notes/Old & Admin/Agility Notes/Diverse/Discussion with Paul (Local Requirements and Pace).md,Apple Notes,DPWorld,0.65,keywords=port
Apple Notes/Old & Admin/Agility Notes/Diverse/Drafts for TLT.md,Apple Notes,Projects,0.53,keywords=plan
Apple Notes/Old & Admin/Agility Notes/Diverse/Drawin Session 1 08.09.2016.md,Apple Notes,Reference,0.47,fallback-reference
Apple Notes/Old & Admin/Agility Notes/Diverse/Drawing Session 2 16.09.2016.md,Apple Notes,Reference,0.47,fallback-reference
Apple Notes/Old & Admin/Agility Notes/Diverse/EBU-A.md,Apple Notes,Reference,0.47,fallback-reference
Apple Notes/Old & Admin/Agility Notes/Diverse/EDI received jobs.md,Apple Notes,Customers,0.53,keywords=customer
Apple Notes/Old & Admin/Agility Notes/Diverse/EMB PWT.ppt.md,Apple Notes,Ideas,0.65,keywords=draft
Apple Notes/Old & Admin/Agility Notes/Diverse/ERM Implementation.md,Apple Notes,Meetings,0.65,keywords=workshop
Apple Notes/Old & Admin/Agility Notes/Diverse/Engagement Plan.md,Apple Notes,Projects,0.53,keywords=plan
Apple Notes/Old & Admin/Agility Notes/Diverse/Enhancement of Department Concept.ppt.md,Apple Notes,Ideas,0.65,keywords=concept
Apple Notes/Old & Admin/Agility Notes/Diverse/Entity USC discussion.md,Apple Notes,Reference,0.47,fallback-reference
Apple Notes/Old & Admin/Agility Notes/Diverse/Entry Level Mgt - Hirings with Dual Degree.md,Apple Notes,Ideas,0.65,keywords=draft
Apple Notes/Old & Admin/Agility Notes/Diverse/Expand User Engagement to 2 new countries that have Oracle.md,Apple Notes,Projects,0.53,keywords=plan
Apple Notes/Old & Admin/Agility Notes/Diverse/FOCiS Academy Call - 25.02.2015.md,Apple Notes,Meetings,0.61,"keywords=agenda,minutes"
Apple Notes/Old & Admin/Agility Notes/Diverse/FOCiS Academy start.md,Apple Notes,Reference,0.65,keywords=manual
Apple Notes/Old & Admin/Agility Notes/Diverse/FOCiS Academy.md,Apple Notes,Projects,0.65,keywords=plan
Apple Notes/Old & Admin/Agility Notes/Diverse/FOCiS Accademy continued --.md,Apple Notes,Reference,0.47,fallback-reference
Apple Notes/Old & Admin/Agility Notes/Diverse/FOCiS Finance MDM - entities updated 05 04 (3).xlsx.md,Apple Notes,Personal,0.65,keywords=family
Apple Notes/Old & Admin/Agility Notes/Diverse/FOCiS QM Europe Kick off call - minutes.md,Apple Notes,Meetings,0.73,"keywords=meeting,minutes"
Apple Notes/Old & Admin/Agility Notes/Diverse/FOCiS Support Structure Plan 2015 - Business Suport Technical Support.md,Apple Notes,Customers,0.53,keywords=client
Apple Notes/Old & Admin/Agility Notes/Diverse/FOCiS functionality - Detailed-mid-high-level overview.md,Apple Notes,Ideas,0.53,keywords=concept
Apple Notes/Old & Admin/Agility Notes/Diverse/FOCiS to CONTROL integration Day 1.md,Apple Notes,Meetings,0.61,"keywords=meeting,workshop"
Apple Notes/Old & Admin/Agility Notes/Diverse/FOCiS to CONTROL integration Day 2.md,Apple Notes,Customers,0.61,"keywords=client,customer"
Apple Notes/Old & Admin/Agility Notes/Diverse/FOCiS to CONTROL integration Day 3.md,Apple Notes,Customers,0.69,"keywords=account,client,customer"
"Apple Notes/Old & Admin/Agility Notes/Diverse/FRA Frankfurt UE Presentation, ORD Chicago UE.md",Apple Notes,Reference,0.47,fallback-reference
Apple Notes/Old & Admin/Agility Notes/Diverse/FW DMS Usage Policy.md,Apple Notes,Personal,0.65,keywords=family
Apple Notes/Old & Admin/Agility Notes/Diverse/FW For our call today Imp Sequencing & Uk Ressource.md,Apple Notes,Personal,0.65,keywords=family
Apple Notes/Old & Admin/Agility Notes/Diverse/FW Local Requirements - Notes.md,Apple Notes,Personal,0.53,keywords=family
Apple Notes/Old & Admin/Agility Notes/Diverse/FW Missing rate logic.md,Apple Notes,Personal,0.65,keywords=family
Apple Notes/Old & Admin/Agility Notes/Diverse/FW NPC Workflow steps Ocean V3.2.xlsx.md,Apple Notes,Personal,0.65,keywords=family
"Apple Notes/Old & Admin/Agility Notes/Diverse/FW OF Implementation Strategy - Mental Model - v1.0 - Dec 15, 2015….md",Apple Notes,Personal,0.53,keywords=family
Apple Notes/Old & Admin/Agility Notes/Diverse/FW QM Live Service Name & Charge Name.md,Apple Notes,Personal,0.65,keywords=family
Apple Notes/Old & Admin/Agility Notes/Diverse/FW Scope s-sheet.md,Apple Notes,Personal,0.65,keywords=family
Apple Notes/Old & Admin/Agility Notes/Diverse/FW SoS Topic - Corp - regional Entities and or departments with….md,Apple Notes,Meetings,0.53,keywords=workshop
"Apple Notes/Old & Admin/Agility Notes/Diverse/FW U.S. Branch Manager Development Workshop - July 15-17, 2014.md",Apple Notes,Meetings,0.93,"keywords=agenda,meeting,workshop"
Apple Notes/Old & Admin/Agility Notes/Diverse/Fact Sheet - compleet booklet.md,Apple Notes,Reference,0.47,fallback-reference
Apple Notes/Old & Admin/Agility Notes/Diverse/Finance Change Management Workshop_v1.3_02.08.2017.pptx.md,Apple Notes,Reference,0.47,fallback-reference
Apple Notes/Old & Admin/Agility Notes/Diverse/Findings from User Training in CA.md,Apple Notes,Projects,0.65,keywords=delivery
Apple Notes/Old & Admin/Agility Notes/Diverse/Finish Line Call 26.09.md,Apple Notes,Ideas,0.65,keywords=concept
Apple Notes/Old & Admin/Agility Notes/Diverse/Focis to Control integration assessment workshop.md,Apple Notes,Customers,0.73,"keywords=account,customer"
Apple Notes/Old & Admin/Agility Notes/Diverse/Freight X - SME Big Ticket Items US.md,Apple Notes,Customers,0.69,"keywords=account,client,customer"
Apple Notes/Old & Admin/Agility Notes/Diverse/G HR - 19.06 (Baar) Kristen & Amjad.md,Apple Notes,Projects,0.65,keywords=project
Apple Notes/Old & Admin/Agility Notes/Diverse/GMB & SC Updates - Suggestions.md,Apple Notes,Personal,0.73,"keywords=family,personal"
Apple Notes/Old & Admin/Agility Notes/Diverse/GMB Update v2.1.md,Apple Notes,Ideas,0.73,"keywords=draft,idea"
Apple Notes/Old & Admin/Agility Notes/Diverse/Germany - Notes on QM Beta update call.md,Apple Notes,Meetings,0.93,"keywords=agenda,meeting,workshop"
Apple Notes/Old & Admin/Agility Notes/Diverse/Germany - Switzerland.md,Apple Notes,DPWorld,0.65,keywords=port
Apple Notes/Old & Admin/Agility Notes/Diverse/Girish - AES.md,Apple Notes,Reference,0.47,fallback-reference
"Apple Notes/Old & Admin/Agility Notes/Diverse/Global Charge Code Default Table Jan31, 2016.xlsx.md",Apple Notes,Personal,0.65,keywords=family
Apple Notes/Old & Admin/Agility Notes/Diverse/Global Pricing and Quoting.md,Apple Notes,Meetings,0.65,keywords=meeting
Apple Notes/Old & Admin/Agility Notes/Diverse/How to create a selling price.md,Apple Notes,Customers,0.53,keywords=customer
Apple Notes/Old & Admin/Agility Notes/Diverse/Hyderabad - AES - QM Enhancements 21.01.2015.md,Apple Notes,Reference,0.47,fallback-reference
Apple Notes/Old & Admin/Agility Notes/Diverse/Imp Team Update - Sven NPC.md,Apple Notes,Meetings,0.99,"keywords=agenda,meeting,workshop"
Apple Notes/Old & Admin/Agility Notes/Diverse/Imp Update & HR.md,Apple Notes,Reference,0.47,fallback-reference
Apple Notes/Old & Admin/Agility Notes/Diverse/Implementation - fyi.md,Apple Notes,Reference,0.47,fallback-reference
Apple Notes/Old & Admin/Agility Notes/Diverse/Implementation - sfd v1.pptx.md,Apple Notes,Personal,0.53,keywords=family
Apple Notes/Old & Admin/Agility Notes/Diverse/Implementation Approach (Interdependency Integration).md,Apple Notes,Meetings,0.53,keywords=sync
Apple Notes/Old & Admin/Agility Notes/Diverse/Implementation Approach.md,Apple Notes,Reference,0.47,fallback-reference
Apple Notes/Old & Admin/Agility Notes/Diverse/Implementation QM and NPC Mike Bible Matthias Dischinger 5 Quotes….md,Apple Notes,Reference,0.47,fallback-reference
"Apple Notes/Old & Admin/Agility Notes/Diverse/Implementation Update (JP) Baar, STC 2014.md",Apple Notes,Reference,0.47,fallback-reference
Apple Notes/Old & Admin/Agility Notes/Diverse/Implementation Update (Slide's for STC) - TLT Baar 10.06.2014.md,Apple Notes,Projects,0.65,keywords=plan
Apple Notes/Old & Admin/Agility Notes/Diverse/Implementation requirement - 11122015 consolidated.xlsx.md,Apple Notes,Personal,0.65,keywords=family
Apple Notes/Old & Admin/Agility Notes/Diverse/Induction program Clara Wyss & Alberto Cohen.md,Apple Notes,Ideas,0.53,keywords=draft
Apple Notes/Old & Admin/Agility Notes/Diverse/Initiated to Pre-Confirmed.md,Apple Notes,Personal,0.53,keywords=family
Apple Notes/Old & Admin/Agility Notes/Diverse/Insight MEtting with Gerard.md,Apple Notes,Customers,0.65,keywords=customer
Apple Notes/Old & Admin/Agility Notes/Diverse/Integration Implementation.md,Apple Notes,Reference,0.47,fallback-reference
Apple Notes/Old & Admin/Agility Notes/Diverse/Internal Testing Hyd.md,Apple Notes,Reference,0.47,fallback-reference
Apple Notes/Old & Admin/Agility Notes/Diverse/Introduction to EBUA.md,Apple Notes,Reference,0.47,fallback-reference
Apple Notes/Old & Admin/Agility Notes/Diverse/Irvine 13.07.2015.md,Apple Notes,Projects,0.53,keywords=plan
Apple Notes/Old & Admin/Agility Notes/Diverse/Issues UE 2.md,Apple Notes,Reference,0.47,fallback-reference
Apple Notes/Old & Admin/Agility Notes/Diverse/Job Accounting Mantis Feedback.md,Apple Notes,Personal,0.65,keywords=family
Apple Notes/Old & Admin/Agility Notes/Diverse/Job Accounting.md,Apple Notes,Customers,0.81,"keywords=account,customer,stakeholder"
Apple Notes/Old & Admin/Agility Notes/Diverse/Job Notes Explanation Alenka.md,Apple Notes,Customers,0.53,keywords=client
Apple Notes/Old & Admin/Agility Notes/Diverse/KPI Reporting.md,Apple Notes,Customers,0.53,keywords=customer
Apple Notes/Old & Admin/Agility Notes/Diverse/Kick Off on Training Material with Elsan.md,Apple Notes,Reference,0.47,fallback-reference
Apple Notes/Old & Admin/Agility Notes/Diverse/Kick off Call Recap.md,Apple Notes,Personal,0.53,keywords=family
Apple Notes/Old & Admin/Agility Notes/Diverse/LHR - DE UK US Jul 7 to 10 2014_Summary_v1.md,Apple Notes,Projects,0.53,keywords=plan
Apple Notes/Old & Admin/Agility Notes/Diverse/Last Day Alignment Session (Baar) COLO9.md,Apple Notes,Ideas,0.65,keywords=concept
Apple Notes/Old & Admin/Agility Notes/Diverse/Local Requirements job filing.md,Apple Notes,Personal,0.65,keywords=family
Apple Notes/Old & Admin/Agility Notes/Diverse/Local requirements UK  IN_v1.2_17122015.xlsx.md,Apple Notes,Personal,0.65,keywords=family
Apple Notes/Old & Admin/Agility Notes/Diverse/M&E Oryx eats Impala.md,Apple Notes,Customers,0.93,"keywords=client,customer,stakeholder"
Apple Notes/Old & Admin/Agility Notes/Diverse/MDM update (Thursday) Karl - STC June Baar.md,Apple Notes,Customers,0.99,"keywords=client,customer,stakeholder"
Apple Notes/Old & Admin/Agility Notes/Diverse/MDM.md,Apple Notes,Reference,0.47,fallback-reference
Apple Notes/Old & Admin/Agility Notes/Diverse/MS discussion.md,Apple Notes,Customers,0.53,keywords=customer
Apple Notes/Old & Admin/Agility Notes/Diverse/MVP Proposal.md,Apple Notes,Ideas,0.53,keywords=proposal
Apple Notes/Old & Admin/Agility Notes/Diverse/Main issue is to keep the output short -- Multi Quote.md,Apple Notes,Reference,0.47,fallback-reference
Apple Notes/Old & Admin/Agility Notes/Diverse/Management culture map.md,Apple Notes,Personal,0.65,keywords=family
Apple Notes/Old & Admin/Agility Notes/Diverse/Mandatory Charges.md,Apple Notes,Reference,0.47,fallback-reference
Apple Notes/Old & Admin/Agility Notes/Diverse/Meeting 1 - 27.10.2014.md,Apple Notes,Meetings,0.65,keywords=meeting
Apple Notes/Old & Admin/Agility Notes/Diverse/Meeting Minutes Session 1 + 2.md,Apple Notes,Meetings,0.73,"keywords=meeting,minutes"
Apple Notes/Old & Admin/Agility Notes/Diverse/Meeting with Cas - 28.10.2014 Quote Layout and open points Demo.md,Apple Notes,DPWorld,0.73,"keywords=cargo,port"
Apple Notes/Old & Admin/Agility Notes/Diverse/Meeting with Cas and Betty.md,Apple Notes,Meetings,0.53,keywords=meeting
"Apple Notes/Old & Admin/Agility Notes/Diverse/Meeting with Cas, 27.10.2014 QM UAT1-2.md",Apple Notes,DPWorld,0.73,"keywords=cargo,port"
Apple Notes/Old & Admin/Agility Notes/Diverse/Mockup.md,Apple Notes,Reference,0.47,fallback-reference
Apple Notes/Old & Admin/Agility Notes/Diverse/Morning Introduction Session (MS MAN) 12.01.md,Apple Notes,Customers,0.65,keywords=customer
Apple Notes/Old & Admin/Agility Notes/Diverse/Multi Quote Story Line AUS-NZ.md,Apple Notes,Customers,0.65,keywords=customer
Apple Notes/Old & Admin/Agility Notes/Diverse/Multi Quote Story Line HK.md,Apple Notes,Customers,0.53,keywords=customer
Apple Notes/Old & Admin/Agility Notes/Diverse/NEW PS Profit share Air (No more GAINS).md,Apple Notes,Personal,0.65,keywords=family
Apple Notes/Old & Admin/Agility Notes/Diverse/NPC Concept 12.01.md,Apple Notes,Ideas,0.73,"keywords=concept,draft"
Apple Notes/Old & Admin/Agility Notes/Diverse/New PPSAC Behavior.md,Apple Notes,Reference,0.47,fallback-reference
Apple Notes/Old & Admin/Agility Notes/Diverse/New Role Creation Userphase.md,Apple Notes,Reference,0.47,fallback-reference
Apple Notes/Old & Admin/Agility Notes/Diverse/Next Steps - QM.md,Apple Notes,Ideas,0.53,keywords=draft
Apple Notes/Old & Admin/Agility Notes/Diverse/Nomitated (Bolins).md,Apple Notes,Ideas,0.65,keywords=draft
Apple Notes/Old & Admin/Agility Notes/Diverse/Note from Einkaufs-Allee Metalli in Zug.md,Apple Notes,Reference,0.47,fallback-reference
Apple Notes/Old & Admin/Agility Notes/Diverse/Note from Ettingerstrasse 57 in Reinach (BL).md,Apple Notes,Reference,0.47,fallback-reference
Apple Notes/Old & Admin/Agility Notes/Diverse/Note from Hitech City Main Road 2-44-A-1 in Rajendra Nagar.md,Apple Notes,Reference,0.47,fallback-reference
Apple Notes/Old & Admin/Agility Notes/Diverse/Note from Ismail - tabling all the issues.md,Apple Notes,Reference,0.47,fallback-reference
Apple Notes/Old & Admin/Agility Notes/Diverse/Notes for ORC creation.md,Apple Notes,Meetings,0.73,"keywords=agenda,meeting"
Apple Notes/Old & Admin/Agility Notes/Diverse/Notes.md,Apple Notes,Reference,0.47,fallback-reference
Apple Notes/Old & Admin/Agility Notes/Diverse/OF Implementation.md,Apple Notes,Customers,0.53,keywords=customer
Apple Notes/Old & Admin/Agility Notes/Diverse/OF Process Scope Timelines.md,Apple Notes,Reference,0.47,fallback-reference
Apple Notes/Old & Admin/Agility Notes/Diverse/OF Rollout.md,Apple Notes,Meetings,0.53,keywords=workshop
Apple Notes/Old & Admin/Agility Notes/Diverse/ORC - JA Pre Reqs.md,Apple Notes,Ideas,0.53,keywords=draft
Apple Notes/Old & Admin/Agility Notes/Diverse/ORC - OF+JAC.md,Apple Notes,Customers,0.93,"keywords=account,client,stakeholder"
"Apple Notes/Old & Admin/Agility Notes/Diverse/Opent Hirings (2018, scrum office, Agile Teams, FIT).md",Apple Notes,Customers,0.53,keywords=account
Apple Notes/Old & Admin/Agility Notes/Diverse/Option conditional sign off -- MOM - SMDM Meeting AES Hyderabad - 3rd….md,Apple Notes,Meetings,0.73,"keywords=meeting,workshop"
Apple Notes/Old & Admin/Agility Notes/Diverse/Org Component Dpt Activity User JPL_07062016.md,Apple Notes,Reference,0.47,fallback-reference
Apple Notes/Old & Admin/Agility Notes/Diverse/P&L Owner vs Activity owner.md,Apple Notes,Reference,0.47,fallback-reference
Apple Notes/Old & Admin/Agility Notes/Diverse/PPSAC OLD and NEW.md,Apple Notes,Reference,0.47,fallback-reference
Apple Notes/Old & Admin/Agility Notes/Diverse/PPSAC updates - 11 Feb 2016.xlsx.md,Apple Notes,Personal,0.65,keywords=family
Apple Notes/Old & Admin/Agility Notes/Diverse/Papi Okologie Ablauf.md,Apple Notes,Personal,0.53,keywords=family
Apple Notes/Old & Admin/Agility Notes/Diverse/Planing Meeting tomorrow.md,Apple Notes,Customers,0.53,keywords=stakeholder
Apple Notes/Old & Admin/Agility Notes/Diverse/Port Catchment.md,Apple Notes,DPWorld,0.65,keywords=port
Apple Notes/Old & Admin/Agility Notes/Diverse/Pre-req for QM functions draft_30May.xlsx.md,Apple Notes,Personal,0.65,keywords=family
Apple Notes/Old & Admin/Agility Notes/Diverse/Profit Share.md,Apple Notes,Customers,0.65,keywords=customer
Apple Notes/Old & Admin/Agility Notes/Diverse/Q formats 11 Dec 2015.xlsx.md,Apple Notes,Personal,0.65,keywords=family
Apple Notes/Old & Admin/Agility Notes/Diverse/QM - UK next steps - minutes.md,Apple Notes,Meetings,0.53,keywords=minutes
Apple Notes/Old & Admin/Agility Notes/Diverse/QM 1.0 Release Plan.md,Apple Notes,Projects,0.53,keywords=plan
Apple Notes/Old & Admin/Agility Notes/Diverse/QM Beta Scrum (Updaed 16.01.2014) Next Release - UAT Testing.md,Apple Notes,DPWorld,0.65,keywords=port
Apple Notes/Old & Admin/Agility Notes/Diverse/QM Demo Sites & Scenarios.md,Apple Notes,Reference,0.47,fallback-reference
Apple Notes/Old & Admin/Agility Notes/Diverse/QM Discussion.md,Apple Notes,Customers,0.65,keywords=customer
Apple Notes/Old & Admin/Agility Notes/Diverse/QM Enduser Survey.md,Apple Notes,Reference,0.47,fallback-reference
Apple Notes/Old & Admin/Agility Notes/Diverse/QM Enhancement (GOPAL).md,Apple Notes,Customers,0.53,keywords=customer
Apple Notes/Old & Admin/Agility Notes/Diverse/QM Enhancement.md,Apple Notes,Customers,0.73,"keywords=customer,stakeholder"
Apple Notes/Old & Admin/Agility Notes/Diverse/QM Implementation - (Alex) Basel UAG 23.05.2014.md,Apple Notes,Reference,0.65,keywords=manual
Apple Notes/Old & Admin/Agility Notes/Diverse/QM Intro CH.md,Apple Notes,Meetings,0.65,keywords=workshop
Apple Notes/Old & Admin/Agility Notes/Diverse/QM Metrics.md,Apple Notes,Reference,0.47,fallback-reference
Apple Notes/Old & Admin/Agility Notes/Diverse/QM Next Steps.md,Apple Notes,Meetings,0.85,"keywords=agenda,workshop"
Apple Notes/Old & Admin/Agility Notes/Diverse/QM Planning Tomi (BSL) 28.05.2014.md,Apple Notes,Projects,0.85,"keywords=plan,project"
Apple Notes/Old & Admin/Agility Notes/Diverse/QM Reporting Win Ratio calculationv2.xlsx.md,Apple Notes,Personal,0.65,keywords=family
Apple Notes/Old & Admin/Agility Notes/Diverse/QM SMDM - HYD - 4.02.15.md,Apple Notes,Customers,0.65,keywords=stakeholder
"Apple Notes/Old & Admin/Agility Notes/Diverse/QM Stabilization Discussion Document Dec 16, 2015 v1.0.docx.md",Apple Notes,Personal,0.65,keywords=family
Apple Notes/Old & Admin/Agility Notes/Diverse/QM System Performance Analysis v4_1Dec16.pptx.md,Apple Notes,Reference,0.47,fallback-reference
Apple Notes/Old & Admin/Agility Notes/Diverse/QM UAT intro session.md,Apple Notes,Meetings,0.85,"keywords=meeting,minutes"
Apple Notes/Old & Admin/Agility Notes/Diverse/QM Update Call UAE Notes 18.02.md,Apple Notes,Reference,0.47,fallback-reference
Apple Notes/Old & Admin/Agility Notes/Diverse/Qm Intro De.md,Apple Notes,Reference,0.47,fallback-reference
Apple Notes/Old & Admin/Agility Notes/Diverse/Questions for Kumar 25.09.md,Apple Notes,Projects,0.53,keywords=delivery
Apple Notes/Old & Admin/Agility Notes/Diverse/Questions to Ocean Product.md,Apple Notes,Reference,0.47,fallback-reference
Apple Notes/Old & Admin/Agility Notes/Diverse/Questions to be resolved.md,Apple Notes,Reference,0.47,fallback-reference
Apple Notes/Old & Admin/Agility Notes/Diverse/Quick Quote QQ - SS Self Service.md,Apple Notes,Customers,0.85,"keywords=account,customer"
Apple Notes/Old & Admin/Agility Notes/Diverse/Quotation Module Reporting.md,Apple Notes,Reference,0.47,fallback-reference
Apple Notes/Old & Admin/Agility Notes/Diverse/Quote Level & Rate DB - Access Table v1.0.xls.md,Apple Notes,Reference,0.47,fallback-reference
Apple Notes/Old & Admin/Agility Notes/Diverse/RADAR Call.md,Apple Notes,Personal,0.65,keywords=family
Apple Notes/Old & Admin/Agility Notes/Diverse/RE Actions from CONTROL Integration Workshop.md,Apple Notes,Meetings,0.53,keywords=workshop
Apple Notes/Old & Admin/Agility Notes/Diverse/RE Any legal requirement for specific text on a C&D note.md,Apple Notes,Projects,0.53,keywords=project
Apple Notes/Old & Admin/Agility Notes/Diverse/RE Canada - Notes on QM Beta update call.md,Apple Notes,Meetings,0.53,keywords=minutes
Apple Notes/Old & Admin/Agility Notes/Diverse/RE Carrier requests with no vessel info.md,Apple Notes,Projects,0.73,"keywords=delivery,project"
Apple Notes/Old & Admin/Agility Notes/Diverse/RE Charge Codes and PPSAC Update.md,Apple Notes,Meetings,0.53,keywords=minutes
Apple Notes/Old & Admin/Agility Notes/Diverse/RE Ctry Rep & Implementation team list.md,Apple Notes,Personal,0.65,keywords=family
Apple Notes/Old & Admin/Agility Notes/Diverse/RE FOCiS Finance UK Meeting.md,Apple Notes,Meetings,0.53,keywords=meeting
Apple Notes/Old & Admin/Agility Notes/Diverse/RE FOCiS University.md,Apple Notes,Customers,0.53,keywords=stakeholder
Apple Notes/Old & Admin/Agility Notes/Diverse/RE Financial Reporting Categories - Dec 2015.xlsx.md,Apple Notes,Personal,0.65,keywords=family
Apple Notes/Old & Admin/Agility Notes/Diverse/RE Focis to Control integration assessment workshop.md,Apple Notes,Meetings,0.65,keywords=workshop
Apple Notes/Old & Admin/Agility Notes/Diverse/RE Germany - Notes on QM Beta update call.md,Apple Notes,DPWorld,0.73,"keywords=cargo,port"
Apple Notes/Old & Admin/Agility Notes/Diverse/RE ICI Policy Doc (DRAFT).md,Apple Notes,Customers,0.53,keywords=customer
Apple Notes/Old & Admin/Agility Notes/Diverse/RE Imp Team Standard Induction.md,Apple Notes,Ideas,0.61,"keywords=concept,idea"
Apple Notes/Old & Admin/Agility Notes/Diverse/RE Is Certificate of Shipment a requirement for UK.md,Apple Notes,Projects,0.53,keywords=project
Apple Notes/Old & Admin/Agility Notes/Diverse/RE Metrics QM - Update.md,Apple Notes,Meetings,0.53,keywords=minutes
Apple Notes/Old & Admin/Agility Notes/Diverse/RE Mumbai - network - performance assessment QM  - Initial Findings.md,Apple Notes,Ideas,0.53,keywords=draft
Apple Notes/Old & Admin/Agility Notes/Diverse/RE NPC Access Tables.md,Apple Notes,Personal,0.65,keywords=family
Apple Notes/Old & Admin/Agility Notes/Diverse/RE NPC Workflow steps Air  V3.2.xlsx.md,Apple Notes,Personal,0.65,keywords=family
Apple Notes/Old & Admin/Agility Notes/Diverse/RE NW Implementation - agenda.md,Apple Notes,Meetings,0.53,keywords=agenda
Apple Notes/Old & Admin/Agility Notes/Diverse/RE Needed for Beta.md,Apple Notes,Customers,0.53,keywords=stakeholder
Apple Notes/Old & Admin/Agility Notes/Diverse/RE Ops Training - working doc.md,Apple Notes,Ideas,0.53,keywords=brainstorm
Apple Notes/Old & Admin/Agility Notes/Diverse/RE Oracle Roles.md,Apple Notes,Personal,0.65,keywords=family
Apple Notes/Old & Admin/Agility Notes/Diverse/RE Oracle Rollout plan.md,Apple Notes,Projects,0.53,keywords=plan
Apple Notes/Old & Admin/Agility Notes/Diverse/RE Pls Help - 3 things.md,Apple Notes,Personal,0.65,keywords=family
Apple Notes/Old & Admin/Agility Notes/Diverse/RE QM Assessment - Nov 15 v1.md,Apple Notes,Personal,0.53,keywords=family
Apple Notes/Old & Admin/Agility Notes/Diverse/RE QM User Experience - Compilation of Results - 1st Draft discussion.md,Apple Notes,Ideas,0.53,keywords=draft
Apple Notes/Old & Admin/Agility Notes/Diverse/RE QM User Levels.md,Apple Notes,Ideas,0.93,"keywords=concept,draft,proposal"
Apple Notes/Old & Admin/Agility Notes/Diverse/RE SMDM BRS.md,Apple Notes,Customers,0.53,keywords=customer
Apple Notes/Old & Admin/Agility Notes/Diverse/RE SMDM Module Product Review - Feedback review with Implementation….md,Apple Notes,Personal,0.65,keywords=family
Apple Notes/Old & Admin/Agility Notes/Diverse/RE Scrum of Scrums & TLT agenda draft v2.0.md,Apple Notes,Meetings,0.73,"keywords=agenda,meeting"
Apple Notes/Old & Admin/Agility Notes/Diverse/RE SoS & TLT presentation - June 2016.md,Apple Notes,Projects,0.53,keywords=plan
Apple Notes/Old & Admin/Agility Notes/Diverse/RE TLT 4 Meeting (Mar 21-23).md,Apple Notes,Meetings,0.53,keywords=meeting
Apple Notes/Old & Admin/Agility Notes/Diverse/RE Talk with Roman.md,Apple Notes,Personal,0.53,keywords=family
Apple Notes/Old & Admin/Agility Notes/Diverse/RE The week's top stories (Online FFW Training).md,Apple Notes,Reference,0.47,fallback-reference
Apple Notes/Old & Admin/Agility Notes/Diverse/RE UAE- Minutes.md,Apple Notes,Customers,0.53,keywords=stakeholder
Apple Notes/Old & Admin/Agility Notes/Diverse/RE USA - Notes on QM Beta update call.md,Apple Notes,Projects,0.53,keywords=plan
Apple Notes/Old & Admin/Agility Notes/Diverse/RE User Engagement Observations Chennai 27-29 Jan 2016.docx.md,Apple Notes,Personal,0.65,keywords=family
"Apple Notes/Old & Admin/Agility Notes/Diverse/RE User Engagment 3 Mumbai 8th, 9th 10th March 2016.md",Apple Notes,Meetings,0.53,keywords=meeting
Apple Notes/Old & Admin/Agility Notes/Diverse/RE Visit & Transformation Update.md,Apple Notes,Meetings,0.73,"keywords=agenda,meeting"
Apple Notes/Old & Admin/Agility Notes/Diverse/RE Wednessday.md,Apple Notes,Customers,0.53,keywords=customer
Apple Notes/Old & Admin/Agility Notes/Diverse/RE local requirements tracker.md,Apple Notes,Projects,0.53,keywords=project
Apple Notes/Old & Admin/Agility Notes/Diverse/RE need another report.md,Apple Notes,Personal,0.65,keywords=family
Apple Notes/Old & Admin/Agility Notes/Diverse/RMG & Implementation - STC out - 14.08.2014.md,Apple Notes,Customers,0.81,"keywords=account,customer,stakeholder"
Apple Notes/Old & Admin/Agility Notes/Diverse/RMG - MDM Update Karl (Baar) STC June 2014.md,Apple Notes,Projects,0.73,"keywords=delivery,plan"
Apple Notes/Old & Admin/Agility Notes/Diverse/RMG Discussion 24.11.2014.md,Apple Notes,Reference,0.47,fallback-reference
Apple Notes/Old & Admin/Agility Notes/Diverse/RMG Topics with Karl in Basel.md,Apple Notes,Meetings,0.65,keywords=workshop
Apple Notes/Old & Admin/Agility Notes/Diverse/Rate Collection Workhop Air (LHR) Day 1.md,Apple Notes,Customers,0.53,keywords=customer
Apple Notes/Old & Admin/Agility Notes/Diverse/Rate Collection Workshop Ocean (LHR) Day 1.md,Apple Notes,Customers,0.53,keywords=customer
Apple Notes/Old & Admin/Agility Notes/Diverse/Rate Collection Workshop Ocean (LHR) Day 2.md,Apple Notes,Customers,0.61,"keywords=account,customer"
Apple Notes/Old & Admin/Agility Notes/Diverse/Rate collection worksshop Air CN IN Day 1 (HKG) - 28.07.2014.md,Apple Notes,Reference,0.47,fallback-reference
Apple Notes/Old & Admin/Agility Notes/Diverse/Rate collection worksshop Air CN IN Day 2 (HKG) - 29.07.2014.md,Apple Notes,Customers,0.53,keywords=customer
Apple Notes/Old & Admin/Agility Notes/Diverse/Rate collection worksshop Ocean CN IN Day 1 (HKG) - 24.07.2014.md,Apple Notes,Ideas,0.73,"keywords=concept,draft"
Apple Notes/Old & Admin/Agility Notes/Diverse/Rate collection worksshop Ocean CN IN Day 2 (HKG) - 2.07.2014.md,Apple Notes,DPWorld,0.73,"keywords=port,terminal"
Apple Notes/Old & Admin/Agility Notes/Diverse/Re Half hour discussion on Job Numbering.md,Apple Notes,Ideas,0.53,keywords=proposal
Apple Notes/Old & Admin/Agility Notes/Diverse/Request for a video mini workshop - on terms and conditions.md,Apple Notes,Meetings,0.73,"keywords=meeting,workshop"
Apple Notes/Old & Admin/Agility Notes/Diverse/Requirement Lists F2C & C2F Scenarios.md,Apple Notes,Reference,0.47,fallback-reference
Apple Notes/Old & Admin/Agility Notes/Diverse/Roles & Department (HYD).md,Apple Notes,Meetings,0.53,keywords=workshop
Apple Notes/Old & Admin/Agility Notes/Diverse/Roles - Discussion (Basel) 25.06.2014.md,Apple Notes,Reference,0.47,fallback-reference
Apple Notes/Old & Admin/Agility Notes/Diverse/Russia FOCiS Quotation Module Implementation.md,Apple Notes,Meetings,0.65,keywords=meeting
Apple Notes/Old & Admin/Agility Notes/Diverse/SBRS discussion summary.md,Apple Notes,Personal,0.65,keywords=family
Apple Notes/Old & Admin/Agility Notes/Diverse/SC Doc - v 3.5.md,Apple Notes,Personal,0.53,keywords=family
Apple Notes/Old & Admin/Agility Notes/Diverse/SC June 2014 - Minutes & Reference documents.md,Apple Notes,Meetings,0.93,"keywords=agenda,meeting,minutes"
Apple Notes/Old & Admin/Agility Notes/Diverse/SC Overview (Steve intro).md,Apple Notes,Reference,0.47,fallback-reference
Apple Notes/Old & Admin/Agility Notes/Diverse/SC Take-aways June 2014.md,Apple Notes,Projects,0.73,"keywords=delivery,plan"
Apple Notes/Old & Admin/Agility Notes/Diverse/SJC Update (Venky) STC Baar June 2014.md,Apple Notes,Customers,0.53,keywords=customer
Apple Notes/Old & Admin/Agility Notes/Diverse/SJC-OPS subject status tracker v 1 2-18 JUN 2014.xlsx.md,Apple Notes,Personal,0.65,keywords=family
Apple Notes/Old & Admin/Agility Notes/Diverse/SMDM Discussion 24.06 HYD.md,Apple Notes,Customers,0.73,"keywords=customer,stakeholder"
Apple Notes/Old & Admin/Agility Notes/Diverse/SMDM Implementation.md,Apple Notes,Customers,0.65,keywords=customer
Apple Notes/Old & Admin/Agility Notes/Diverse/SMDM Lite + OFAB.md,Apple Notes,Reference,0.47,fallback-reference
Apple Notes/Old & Admin/Agility Notes/Diverse/SMDM.md,Apple Notes,Customers,0.53,keywords=stakeholder
Apple Notes/Old & Admin/Agility Notes/Diverse/SSRM Update (Baar) STC Rushabh June 2013.md,Apple Notes,Reference,0.47,fallback-reference
Apple Notes/Old & Admin/Agility Notes/Diverse/Sample Job Workshop (Irvine) - Day 1 14.07.2014.md,Apple Notes,Meetings,0.53,keywords=workshop
Apple Notes/Old & Admin/Agility Notes/Diverse/Sample Job Workshop (Irvine) - Day 2 14.07.2014.md,Apple Notes,Projects,0.53,keywords=plan
Apple Notes/Old & Admin/Agility Notes/Diverse/Sample Job.md,Apple Notes,DPWorld,0.73,"keywords=cargo,shipping"
Apple Notes/Old & Admin/Agility Notes/Diverse/Scenario 1.md,Apple Notes,Customers,0.65,keywords=customer
Apple Notes/Old & Admin/Agility Notes/Diverse/Scrum of Scrums Agenda Input - By Friday May 27th.md,Apple Notes,Meetings,0.73,"keywords=agenda,meeting"
Apple Notes/Old & Admin/Agility Notes/Diverse/Seaquest Issue.md,Apple Notes,Reference,0.47,fallback-reference
Apple Notes/Old & Admin/Agility Notes/Diverse/Shared Service Overview Sid.md,Apple Notes,Reference,0.47,fallback-reference
Apple Notes/Old & Admin/Agility Notes/Diverse/Skitch Image from Pfeffingen.md,Apple Notes,Reference,0.47,fallback-reference
"Apple Notes/Old & Admin/Agility Notes/Diverse/Snapshot @ Basel, Basel-Stadt.md",Apple Notes,Reference,0.47,fallback-reference
Apple Notes/Old & Admin/Agility Notes/Diverse/Snapshot from 1900 NW 2nd Ave in Wilton Manors.md,Apple Notes,Reference,0.47,fallback-reference
Apple Notes/Old & Admin/Agility Notes/Diverse/Snapshot.md,Apple Notes,Reference,0.47,fallback-reference
"Apple Notes/Old & Admin/Agility Notes/Diverse/SoS & TLT meeting June 6-10, 2016 - Baar - Basic logistics.md",Apple Notes,Meetings,0.53,keywords=meeting
Apple Notes/Old & Admin/Agility Notes/Diverse/SoS & TLT presentation - June 2016.md,Apple Notes,Projects,0.53,keywords=plan
Apple Notes/Old & Admin/Agility Notes/Diverse/Standard Implementation QM deck.md,Apple Notes,Meetings,0.85,"keywords=agenda,workshop"
Apple Notes/Old & Admin/Agility Notes/Diverse/Standardising Job Families - Titels.md,Apple Notes,Reference,0.47,fallback-reference
Apple Notes/Old & Admin/Agility Notes/Diverse/Stc march 2015.md,Apple Notes,Reference,0.47,fallback-reference
Apple Notes/Old & Admin/Agility Notes/Diverse/Steve Baar 19.09.2014.md,Apple Notes,Reference,0.47,fallback-reference
Apple Notes/Old & Admin/Agility Notes/Diverse/Steve Update 6.03.md,Apple Notes,Meetings,0.65,keywords=meeting
Apple Notes/Old & Admin/Agility Notes/Diverse/Sunntig Mäntig Zieschtig Mittwuch Donnstig Fritig Samstig total.md,Apple Notes,Reference,0.47,fallback-reference
Apple Notes/Old & Admin/Agility Notes/Diverse/Survey Links for  preview.md,Apple Notes,Personal,0.65,keywords=family
"Apple Notes/Old & Admin/Agility Notes/Diverse/System Performance, Manual Time Motions, Diffrence auto vs manual.md",Apple Notes,Reference,0.65,keywords=manual
Apple Notes/Old & Admin/Agility Notes/Diverse/TLT Agenda December.md,Apple Notes,Projects,0.61,"keywords=plan,project"
Apple Notes/Old & Admin/Agility Notes/Diverse/TLT Call 15.10.2014.md,Apple Notes,Reference,0.47,fallback-reference
Apple Notes/Old & Admin/Agility Notes/Diverse/TLT Call Brasil and Imp QM + NPC Escalation.md,Apple Notes,Reference,0.47,fallback-reference
Apple Notes/Old & Admin/Agility Notes/Diverse/TLT Communications - raising the bar.md,Apple Notes,Meetings,0.53,keywords=workshop
Apple Notes/Old & Admin/Agility Notes/Diverse/TLT March meeting - PPTs.md,Apple Notes,Meetings,0.53,keywords=meeting
Apple Notes/Old & Admin/Agility Notes/Diverse/TLT Recap.md,Apple Notes,Reference,0.47,fallback-reference
"Apple Notes/Old & Admin/Agility Notes/Diverse/TLT call - August 13, 2014.md",Apple Notes,Meetings,0.53,keywords=agenda
"Apple Notes/Old & Admin/Agility Notes/Diverse/TLT call - July 2, 2014.md",Apple Notes,Projects,0.53,keywords=delivery
Apple Notes/Old & Admin/Agility Notes/Diverse/TLT call 24.10.2014.md,Apple Notes,Reference,0.47,fallback-reference
Apple Notes/Old & Admin/Agility Notes/Diverse/TLX.md,Apple Notes,Customers,0.65,keywords=customer
"Apple Notes/Old & Admin/Agility Notes/Diverse/TX Org Chart consolidated - v1.0 - Jun 14, 2015.pptx.md",Apple Notes,Projects,0.65,keywords=project
Apple Notes/Old & Admin/Agility Notes/Diverse/Takeaway-Agreement Day1  TLT (Baar) - 09.06.2014.md,Apple Notes,Projects,0.53,keywords=plan
Apple Notes/Old & Admin/Agility Notes/Diverse/Task.md,Apple Notes,Personal,0.65,keywords=family
Apple Notes/Old & Admin/Agility Notes/Diverse/Tasks and Dependencies for the PP.md,Apple Notes,Customers,0.53,keywords=customer
Apple Notes/Old & Admin/Agility Notes/Diverse/Team Meeting 23.06.2016 (Zoom).md,Apple Notes,Meetings,0.73,"keywords=meeting,workshop"
Apple Notes/Old & Admin/Agility Notes/Diverse/Test Creation of New Note.md,Apple Notes,Reference,0.47,fallback-reference
Apple Notes/Old & Admin/Agility Notes/Diverse/To Do's.md,Apple Notes,Customers,0.53,keywords=customer
Apple Notes/Old & Admin/Agility Notes/Diverse/Training ATM Video Lost-Won JP.md,Apple Notes,Reference,0.47,fallback-reference
Apple Notes/Old & Admin/Agility Notes/Diverse/Training dianne.md,Apple Notes,Reference,0.47,fallback-reference
Apple Notes/Old & Admin/Agility Notes/Diverse/Tranformation.md,Apple Notes,Customers,0.53,keywords=customer
Apple Notes/Old & Admin/Agility Notes/Diverse/Trans SC Agenda-Review Doc.md,Apple Notes,Meetings,0.53,keywords=agenda
Apple Notes/Old & Admin/Agility Notes/Diverse/Transformation Report_FCL_(Oracle_Countries)V2 1_31052016.xlsx.md,Apple Notes,Reference,0.47,fallback-reference
Apple Notes/Old & Admin/Agility Notes/Diverse/Transformation STC (Baar) June 2014 - Day 1.md,Apple Notes,Customers,0.53,keywords=stakeholder
Apple Notes/Old & Admin/Agility Notes/Diverse/UAE - Notes on QM Beta update call.md,Apple Notes,Customers,0.73,"keywords=customer,stakeholder"
Apple Notes/Old & Admin/Agility Notes/Diverse/UAE 18.03.2015.md,Apple Notes,Meetings,0.65,keywords=agenda
Apple Notes/Old & Admin/Agility Notes/Diverse/UAE- Minutes.md,Apple Notes,Customers,0.53,keywords=stakeholder
Apple Notes/Old & Admin/Agility Notes/Diverse/UE 2017.md,Apple Notes,Ideas,0.85,"keywords=concept,draft"
Apple Notes/Old & Admin/Agility Notes/Diverse/UE UK Thurrock.md,Apple Notes,Customers,0.53,keywords=stakeholder
Apple Notes/Old & Admin/Agility Notes/Diverse/UK Pre-Implementation Brainstorming (BIH) 20.05.2014.md,Apple Notes,Meetings,0.53,keywords=agenda
Apple Notes/Old & Admin/Agility Notes/Diverse/UK engagement Manchester.md,Apple Notes,Projects,0.85,"keywords=delivery,plan"
Apple Notes/Old & Admin/Agility Notes/Diverse/US.md,Apple Notes,Reference,0.47,fallback-reference
Apple Notes/Old & Admin/Agility Notes/Diverse/USA - Notes on QM Beta update call.md,Apple Notes,Projects,0.61,"keywords=delivery,plan"
Apple Notes/Old & Admin/Agility Notes/Diverse/USC - FOCiS Dept.md,Apple Notes,Projects,0.53,keywords=project
Apple Notes/Old & Admin/Agility Notes/Diverse/USC Audit Discussion Outcome.md,Apple Notes,Meetings,0.53,keywords=workshop
Apple Notes/Old & Admin/Agility Notes/Diverse/USC DQ Audit - AES Action Items.md,Apple Notes,Personal,0.65,keywords=family
Apple Notes/Old & Admin/Agility Notes/Diverse/USC and Departments.md,Apple Notes,Reference,0.47,fallback-reference
Apple Notes/Old & Admin/Agility Notes/Diverse/Uat Qm Call.md,Apple Notes,Reference,0.47,fallback-reference
Apple Notes/Old & Admin/Agility Notes/Diverse/Unique Site Code PA v5.xlsx.md,Apple Notes,Personal,0.65,keywords=family
Apple Notes/Old & Admin/Agility Notes/Diverse/Update 21.11.2014.md,Apple Notes,Reference,0.47,fallback-reference
Apple Notes/Old & Admin/Agility Notes/Diverse/Update 22.07.2014.md,Apple Notes,Reference,0.65,keywords=documentation
Apple Notes/Old & Admin/Agility Notes/Diverse/Update Call  -QM.md,Apple Notes,Customers,0.73,"keywords=client,stakeholder"
Apple Notes/Old & Admin/Agility Notes/Diverse/Update with Colm (Full Time Team Member).md,Apple Notes,Projects,0.65,keywords=project
Apple Notes/Old & Admin/Agility Notes/Diverse/User Engagement Observations Chennai 27-29 Jan 2016.docx.md,Apple Notes,Personal,0.65,keywords=family
Apple Notes/Old & Admin/Agility Notes/Diverse/User Engagment Overview.pptx.md,Apple Notes,Personal,0.65,keywords=family
Apple Notes/Old & Admin/Agility Notes/Diverse/User engagement 2.md,Apple Notes,Customers,0.53,keywords=customer
Apple Notes/Old & Admin/Agility Notes/Diverse/VAT India.md,Apple Notes,Reference,0.47,fallback-reference
"Apple Notes/Old & Admin/Agility Notes/Diverse/We not changing the system, we just changing the view..md",Apple Notes,Customers,0.65,keywords=stakeholder
Apple Notes/Old & Admin/Agility Notes/Diverse/Weekly Roll.md,Apple Notes,Reference,0.47,fallback-reference
Apple Notes/Old & Admin/Agility Notes/Diverse/West Thurrock SPC process walk through 21.05.2014.md,Apple Notes,Reference,0.47,fallback-reference
Apple Notes/Old & Admin/Agility Notes/Diverse/Who does what for until QM UAT.md,Apple Notes,Reference,0.47,fallback-reference
Apple Notes/Old & Admin/Agility Notes/Diverse/Won lost.md,Apple Notes,Reference,0.47,fallback-reference
Apple Notes/Old & Admin/Agility Notes/Diverse/Written 01-03-16 0909.md,Apple Notes,Reference,0.47,fallback-reference
Apple Notes/Old & Admin/Agility Notes/Diverse/Written 01-09-16 1046.md,Apple Notes,Reference,0.47,fallback-reference
"Apple Notes/Old & Admin/Agility Notes/Diverse/Written 01.06.18, 0914.md",Apple Notes,Reference,0.47,fallback-reference
"Apple Notes/Old & Admin/Agility Notes/Diverse/Written 01.06.18, 1001.md",Apple Notes,Reference,0.47,fallback-reference
"Apple Notes/Old & Admin/Agility Notes/Diverse/Written 01.12.16, 0856.md",Apple Notes,Reference,0.47,fallback-reference
"Apple Notes/Old & Admin/Agility Notes/Diverse/Written 02.11.17, 1315.md",Apple Notes,Reference,0.47,fallback-reference
Apple Notes/Old & Admin/Agility Notes/Diverse/Written 03-08-16 1544.md,Apple Notes,Reference,0.47,fallback-reference
"Apple Notes/Old & Admin/Agility Notes/Diverse/Written 03.04.17, 1020.md",Apple Notes,Reference,0.47,fallback-reference
"Apple Notes/Old & Admin/Agility Notes/Diverse/Written 03.04.17, 2008.md",Apple Notes,Reference,0.47,fallback-reference
"Apple Notes/Old & Admin/Agility Notes/Diverse/Written 03.09.18, 0746.md",Apple Notes,Reference,0.47,fallback-reference
"Apple Notes/Old & Admin/Agility Notes/Diverse/Written 04.10.17, 1453.md",Apple Notes,Reference,0.47,fallback-reference
"Apple Notes/Old & Admin/Agility Notes/Diverse/Written 04.10.17, 1454.md",Apple Notes,Reference,0.47,fallback-reference
Apple Notes/Old & Admin/Agility Notes/Diverse/Written 05-05-15 0944.md,Apple Notes,Reference,0.47,fallback-reference
"Apple Notes/Old & Admin/Agility Notes/Diverse/Written 05.03.18, 1835.md",Apple Notes,Reference,0.47,fallback-reference
"Apple Notes/Old & Admin/Agility Notes/Diverse/Written 05.06.18, 0903.md",Apple Notes,Reference,0.47,fallback-reference
"Apple Notes/Old & Admin/Agility Notes/Diverse/Written 05.09.17, 1416.md",Apple Notes,Reference,0.47,fallback-reference
"Apple Notes/Old & Admin/Agility Notes/Diverse/Written 05.12.16, 1006.md",Apple Notes,Reference,0.47,fallback-reference
Apple Notes/Old & Admin/Agility Notes/Diverse/Written 06-06-16 1313.md,Apple Notes,Reference,0.47,fallback-reference
"Apple Notes/Old & Admin/Agility Notes/Diverse/Written 06.03.17, 1324.md",Apple Notes,Reference,0.47,fallback-reference
"Apple Notes/Old & Admin/Agility Notes/Diverse/Written 06.09.17, 1018.md",Apple Notes,Reference,0.47,fallback-reference
"Apple Notes/Old & Admin/Agility Notes/Diverse/Written 06.11.18, 1602.md",Apple Notes,Reference,0.47,fallback-reference
"Apple Notes/Old & Admin/Agility Notes/Diverse/Written 07.03.17, 1022.md",Apple Notes,Reference,0.47,fallback-reference
"Apple Notes/Old & Admin/Agility Notes/Diverse/Written 07.08.17, 0938.md",Apple Notes,Reference,0.47,fallback-reference
"Apple Notes/Old & Admin/Agility Notes/Diverse/Written 07.12.17, 1808.md",Apple Notes,Reference,0.47,fallback-reference
"Apple Notes/Old & Admin/Agility Notes/Diverse/Written 07.12.17, 2001.md",Apple Notes,Reference,0.47,fallback-reference
Apple Notes/Old & Admin/Agility Notes/Diverse/Written 08-06-16 1018.md,Apple Notes,Reference,0.47,fallback-reference
"Apple Notes/Old & Admin/Agility Notes/Diverse/Written 08.05.18, 0900.md",Apple Notes,Reference,0.47,fallback-reference
"Apple Notes/Old & Admin/Agility Notes/Diverse/Written 08.11.16, 1003.md",Apple Notes,Reference,0.47,fallback-reference
Apple Notes/Old & Admin/Agility Notes/Diverse/Written 10-06-15 1919.md,Apple Notes,Reference,0.47,fallback-reference
Apple Notes/Old & Admin/Agility Notes/Diverse/Written 10-06-16 1858.md,Apple Notes,Reference,0.47,fallback-reference
"Apple Notes/Old & Admin/Agility Notes/Diverse/Written 10.01.18, 2026.md",Apple Notes,Reference,0.47,fallback-reference
"Apple Notes/Old & Admin/Agility Notes/Diverse/Written 10.04.17, 0906.md",Apple Notes,Reference,0.47,fallback-reference
"Apple Notes/Old & Admin/Agility Notes/Diverse/Written 10.07.17, 1725.md",Apple Notes,Reference,0.47,fallback-reference
"Apple Notes/Old & Admin/Agility Notes/Diverse/Written 10.08.18, 1755.md",Apple Notes,Reference,0.47,fallback-reference
"Apple Notes/Old & Admin/Agility Notes/Diverse/Written 10.09.18, 1407.md",Apple Notes,Reference,0.47,fallback-reference
"Apple Notes/Old & Admin/Agility Notes/Diverse/Written 10.11.16, 1317.md",Apple Notes,Reference,0.47,fallback-reference
"Apple Notes/Old & Admin/Agility Notes/Diverse/Written 10.11.17, 0835.md",Apple Notes,Reference,0.47,fallback-reference
"Apple Notes/Old & Admin/Agility Notes/Diverse/Written 10.11.17, 1106.md",Apple Notes,Reference,0.47,fallback-reference
"Apple Notes/Old & Admin/Agility Notes/Diverse/Written 11.05.18, 1002.md",Apple Notes,Reference,0.47,fallback-reference
"Apple Notes/Old & Admin/Agility Notes/Diverse/Written 11.08.17, 1650.md",Apple Notes,Reference,0.47,fallback-reference
"Apple Notes/Old & Admin/Agility Notes/Diverse/Written 11.09.17, 1158.md",Apple Notes,Reference,0.47,fallback-reference
"Apple Notes/Old & Admin/Agility Notes/Diverse/Written 12.04.18, 0845.md",Apple Notes,Reference,0.47,fallback-reference
Apple Notes/Old & Admin/Agility Notes/Diverse/Written 13-09-16 1544.md,Apple Notes,Reference,0.47,fallback-reference
"Apple Notes/Old & Admin/Agility Notes/Diverse/Written 13.07.17, 0947.md",Apple Notes,Reference,0.47,fallback-reference
"Apple Notes/Old & Admin/Agility Notes/Diverse/Written 13.07.17, 1137.md",Apple Notes,Reference,0.47,fallback-reference
"Apple Notes/Old & Admin/Agility Notes/Diverse/Written 13.09.17, 0951.md",Apple Notes,Reference,0.47,fallback-reference
"Apple Notes/Old & Admin/Agility Notes/Diverse/Written 13.09.18, 1019.md",Apple Notes,Reference,0.47,fallback-reference
"Apple Notes/Old & Admin/Agility Notes/Diverse/Written 13.09.18, 1354.md",Apple Notes,Reference,0.47,fallback-reference
"Apple Notes/Old & Admin/Agility Notes/Diverse/Written 13.11.17, 1332.md",Apple Notes,Reference,0.47,fallback-reference
"Apple Notes/Old & Admin/Agility Notes/Diverse/Written 13.11.18, 1208.md",Apple Notes,Reference,0.47,fallback-reference
"Apple Notes/Old & Admin/Agility Notes/Diverse/Written 13.12.17, 1256.md",Apple Notes,Reference,0.47,fallback-reference
Apple Notes/Old & Admin/Agility Notes/Diverse/Written 14-09-16 1000.md,Apple Notes,Reference,0.47,fallback-reference
"Apple Notes/Old & Admin/Agility Notes/Diverse/Written 14.05.18, 0935.md",Apple Notes,Reference,0.47,fallback-reference
"Apple Notes/Old & Admin/Agility Notes/Diverse/Written 14.06.17, 1005.md",Apple Notes,Reference,0.47,fallback-reference
"Apple Notes/Old & Admin/Agility Notes/Diverse/Written 14.11.16, 1049.md",Apple Notes,Reference,0.47,fallback-reference
"Apple Notes/Old & Admin/Agility Notes/Diverse/Written 14.11.17, 1106.md",Apple Notes,Reference,0.47,fallback-reference
"Apple Notes/Old & Admin/Agility Notes/Diverse/Written 15.09.17, 0923.md",Apple Notes,Reference,0.47,fallback-reference
"Apple Notes/Old & Admin/Agility Notes/Diverse/Written 15.09.17, 1440.md",Apple Notes,Reference,0.47,fallback-reference
Apple Notes/Old & Admin/Agility Notes/Diverse/Written 16-06-15 1934.md,Apple Notes,Reference,0.47,fallback-reference
Apple Notes/Old & Admin/Agility Notes/Diverse/Written 16-08-16 0931.md,Apple Notes,Reference,0.47,fallback-reference
"Apple Notes/Old & Admin/Agility Notes/Diverse/Written 16.01.18, 1255.md",Apple Notes,Reference,0.47,fallback-reference
"Apple Notes/Old & Admin/Agility Notes/Diverse/Written 16.05.18, 0838.md",Apple Notes,Reference,0.47,fallback-reference
"Apple Notes/Old & Admin/Agility Notes/Diverse/Written 16.08.18, 1659.md",Apple Notes,Reference,0.47,fallback-reference
"Apple Notes/Old & Admin/Agility Notes/Diverse/Written 16.09.16, 1600.md",Apple Notes,Reference,0.47,fallback-reference
"Apple Notes/Old & Admin/Agility Notes/Diverse/Written 16.11.16, 1311.md",Apple Notes,Reference,0.47,fallback-reference
"Apple Notes/Old & Admin/Agility Notes/Diverse/Written 17.04.18, 1034.md",Apple Notes,Reference,0.47,fallback-reference
"Apple Notes/Old & Admin/Agility Notes/Diverse/Written 17.08.17, 1123.md",Apple Notes,Reference,0.47,fallback-reference
"Apple Notes/Old & Admin/Agility Notes/Diverse/Written 17.08.17, 1721.md",Apple Notes,Reference,0.47,fallback-reference
"Apple Notes/Old & Admin/Agility Notes/Diverse/Written 17.11.17, 1615.md",Apple Notes,Reference,0.47,fallback-reference
Apple Notes/Old & Admin/Agility Notes/Diverse/Written 18-08-16 1026.md,Apple Notes,Reference,0.47,fallback-reference
"Apple Notes/Old & Admin/Agility Notes/Diverse/Written 18.09.17, 1503.md",Apple Notes,Reference,0.47,fallback-reference
"Apple Notes/Old & Admin/Agility Notes/Diverse/Written 18.09.18, 1213.md",Apple Notes,Reference,0.47,fallback-reference
Apple Notes/Old & Admin/Agility Notes/Diverse/Written 19-08-16 0956.md,Apple Notes,Reference,0.47,fallback-reference
"Apple Notes/Old & Admin/Agility Notes/Diverse/Written 19.11.18, 0914.md",Apple Notes,Reference,0.47,fallback-reference
Apple Notes/Old & Admin/Agility Notes/Diverse/Written 20-04-15 1235.md,Apple Notes,Reference,0.47,fallback-reference
"Apple Notes/Old & Admin/Agility Notes/Diverse/Written 20.02.18, 1346.md",Apple Notes,Reference,0.47,fallback-reference
"Apple Notes/Old & Admin/Agility Notes/Diverse/Written 20.03.17, 1108.md",Apple Notes,Reference,0.47,fallback-reference
"Apple Notes/Old & Admin/Agility Notes/Diverse/Written 20.08.17, 2015.md",Apple Notes,Reference,0.47,fallback-reference
"Apple Notes/Old & Admin/Agility Notes/Diverse/Written 20.09.16, 0930.md",Apple Notes,Reference,0.47,fallback-reference
Apple Notes/Old & Admin/Agility Notes/Diverse/Written 21-05-15 1847.md,Apple Notes,Reference,0.47,fallback-reference
Apple Notes/Old & Admin/Agility Notes/Diverse/Written 21-06-16 1350.md,Apple Notes,Reference,0.47,fallback-reference
"Apple Notes/Old & Admin/Agility Notes/Diverse/Written 21.08.18, 1504.md",Apple Notes,Reference,0.47,fallback-reference
"Apple Notes/Old & Admin/Agility Notes/Diverse/Written 21.09.16, 0902.md",Apple Notes,Reference,0.47,fallback-reference
"Apple Notes/Old & Admin/Agility Notes/Diverse/Written 21.09.17, 2136.md",Apple Notes,Reference,0.47,fallback-reference
"Apple Notes/Old & Admin/Agility Notes/Diverse/Written 21.09.18, 1007.md",Apple Notes,Reference,0.47,fallback-reference
"Apple Notes/Old & Admin/Agility Notes/Diverse/Written 21.11.16, 1602.md",Apple Notes,Reference,0.47,fallback-reference
Apple Notes/Old & Admin/Agility Notes/Diverse/Written 22-02-16 0858.md,Apple Notes,Reference,0.47,fallback-reference
Apple Notes/Old & Admin/Agility Notes/Diverse/Written 22-04-15 1002.md,Apple Notes,Reference,0.47,fallback-reference
Apple Notes/Old & Admin/Agility Notes/Diverse/Written 22-05-15 1343.md,Apple Notes,Reference,0.47,fallback-reference
Apple Notes/Old & Admin/Agility Notes/Diverse/Written 22-08-16 1053.md,Apple Notes,Reference,0.47,fallback-reference
"Apple Notes/Old & Admin/Agility Notes/Diverse/Written 22.03.17, 1007.md",Apple Notes,Reference,0.47,fallback-reference
"Apple Notes/Old & Admin/Agility Notes/Diverse/Written 22.05.18, 1339.md",Apple Notes,Reference,0.47,fallback-reference
"Apple Notes/Old & Admin/Agility Notes/Diverse/Written 22.08.17, 1030.md",Apple Notes,Reference,0.47,fallback-reference
"Apple Notes/Old & Admin/Agility Notes/Diverse/Written 22.11.16, 0943.md",Apple Notes,Reference,0.47,fallback-reference
Apple Notes/Old & Admin/Agility Notes/Diverse/Written 23-08-16 1508.md,Apple Notes,Reference,0.47,fallback-reference
"Apple Notes/Old & Admin/Agility Notes/Diverse/Written 23.01.17, 0955.md",Apple Notes,Reference,0.47,fallback-reference
"Apple Notes/Old & Admin/Agility Notes/Diverse/Written 23.04.18, 1343.md",Apple Notes,Reference,0.47,fallback-reference
"Apple Notes/Old & Admin/Agility Notes/Diverse/Written 23.05.18, 1734.md",Apple Notes,Reference,0.47,fallback-reference
"Apple Notes/Old & Admin/Agility Notes/Diverse/Written 23.07.18, 1209.md",Apple Notes,Reference,0.47,fallback-reference
"Apple Notes/Old & Admin/Agility Notes/Diverse/Written 23.09.17, 1431.md",Apple Notes,Reference,0.47,fallback-reference
"Apple Notes/Old & Admin/Agility Notes/Diverse/Written 23.10.17, 0955.md",Apple Notes,Reference,0.47,fallback-reference
Apple Notes/Old & Admin/Agility Notes/Diverse/Written 24-06-16 1106.md,Apple Notes,Reference,0.47,fallback-reference
Apple Notes/Old & Admin/Agility Notes/Diverse/Written 24-06-16 1510.md,Apple Notes,Reference,0.47,fallback-reference
Apple Notes/Old & Admin/Agility Notes/Diverse/Written 24-08-16 1042.md,Apple Notes,Reference,0.47,fallback-reference
"Apple Notes/Old & Admin/Agility Notes/Diverse/Written 24.10.17, 1956.md",Apple Notes,Reference,0.47,fallback-reference
"Apple Notes/Old & Admin/Agility Notes/Diverse/Written 24.11.16, 1333.md",Apple Notes,Reference,0.47,fallback-reference
"Apple Notes/Old & Admin/Agility Notes/Diverse/Written 24.11.16, 1937.md",Apple Notes,Reference,0.47,fallback-reference
Apple Notes/Old & Admin/Agility Notes/Diverse/Written 25-05-16 0906.md,Apple Notes,Reference,0.47,fallback-reference
"Apple Notes/Old & Admin/Agility Notes/Diverse/Written 25.05.18, 1033.md",Apple Notes,Reference,0.47,fallback-reference
"Apple Notes/Old & Admin/Agility Notes/Diverse/Written 25.06.18, 1417.md",Apple Notes,Reference,0.47,fallback-reference
"Apple Notes/Old & Admin/Agility Notes/Diverse/Written 25.10.18, 0947.md",Apple Notes,Reference,0.47,fallback-reference
"Apple Notes/Old & Admin/Agility Notes/Diverse/Written 26.03.18, 0952.md",Apple Notes,Reference,0.47,fallback-reference
"Apple Notes/Old & Admin/Agility Notes/Diverse/Written 26.06.17, 1131.md",Apple Notes,Reference,0.47,fallback-reference
"Apple Notes/Old & Admin/Agility Notes/Diverse/Written 26.07.17, 0946.md",Apple Notes,Reference,0.47,fallback-reference
"Apple Notes/Old & Admin/Agility Notes/Diverse/Written 26.07.18, 1525.md",Apple Notes,Reference,0.47,fallback-reference
"Apple Notes/Old & Admin/Agility Notes/Diverse/Written 26.09.16, 0909.md",Apple Notes,Reference,0.47,fallback-reference
Apple Notes/Old & Admin/Agility Notes/Diverse/Written 27-06-16 0859.md,Apple Notes,Reference,0.47,fallback-reference
Apple Notes/Old & Admin/Agility Notes/Diverse/Written 27-07-16 1513.md,Apple Notes,Reference,0.47,fallback-reference
"Apple Notes/Old & Admin/Agility Notes/Diverse/Written 27.01.17, 1301.md",Apple Notes,Reference,0.47,fallback-reference
"Apple Notes/Old & Admin/Agility Notes/Diverse/Written 27.01.17, 1348.md",Apple Notes,Reference,0.47,fallback-reference
"Apple Notes/Old & Admin/Agility Notes/Diverse/Written 27.06.17, 1928.md",Apple Notes,Reference,0.47,fallback-reference
Apple Notes/Old & Admin/Agility Notes/Diverse/Written 28-07-16 1437.md,Apple Notes,Reference,0.47,fallback-reference
"Apple Notes/Old & Admin/Agility Notes/Diverse/Written 28.03.17, 1447.md",Apple Notes,Reference,0.47,fallback-reference
"Apple Notes/Old & Admin/Agility Notes/Diverse/Written 29.08.18, 2250.md",Apple Notes,Reference,0.47,fallback-reference
"Apple Notes/Old & Admin/Agility Notes/Diverse/Written 29.09.16, 0845.md",Apple Notes,Reference,0.47,fallback-reference
Apple Notes/Old & Admin/Agility Notes/Diverse/Written 30-05-16 0850.md,Apple Notes,Reference,0.47,fallback-reference
"Apple Notes/Old & Admin/Agility Notes/Diverse/Written 30.03.17, 0927.md",Apple Notes,Reference,0.47,fallback-reference
"Apple Notes/Old & Admin/Agility Notes/Diverse/Written 30.05.18, 1301.md",Apple Notes,Reference,0.47,fallback-reference
"Apple Notes/Old & Admin/Agility Notes/Diverse/Written 30.05.18, 1610.md",Apple Notes,Reference,0.47,fallback-reference
"Apple Notes/Old & Admin/Agility Notes/Diverse/Written 30.08.18, 1744.md",Apple Notes,Reference,0.47,fallback-reference
Apple Notes/Old & Admin/Agility Notes/Diverse/Written 31-08-16 0912.md,Apple Notes,Reference,0.47,fallback-reference
"Apple Notes/Old & Admin/Agility Notes/Diverse/Written 31.10.18, 1230.md",Apple Notes,Reference,0.47,fallback-reference
"Apple Notes/Old & Admin/Agility Notes/Diverse/Written 31.10.18, 1409.md",Apple Notes,Reference,0.47,fallback-reference
"Apple Notes/Old & Admin/Agility Notes/Diverse/Written 31.10.18, 1715.md",Apple Notes,Reference,0.47,fallback-reference
Apple Notes/Old & Admin/Agility Notes/Diverse/alpha-beta discussion.md,Apple Notes,Reference,0.47,fallback-reference
Apple Notes/Old & Admin/Agility Notes/Diverse/floating rates.md,Apple Notes,Reference,0.47,fallback-reference
Apple Notes/Old & Admin/Agility Notes/Diverse/how can you allow Keren not using it in NY.md,Apple Notes,Customers,0.65,keywords=stakeholder
Apple Notes/Old & Admin/Agility Notes/Diverse/joint approach infrastructure + feedback for training (Steve Mia August….md,Apple Notes,Reference,0.47,fallback-reference
Apple Notes/Old & Admin/Agility Notes/Diverse/notes - meeting with Steve - brakefast media one.md,Apple Notes,Meetings,0.73,"keywords=meeting,workshop"
Apple Notes/Old & Admin/Agility Notes/Diverse/notes from call with steve (06.06.2014).md,Apple Notes,Reference,0.47,fallback-reference
Apple Notes/Old & Admin/Agility Notes/Diverse/passport copy.md,Apple Notes,Personal,0.65,keywords=family
Apple Notes/Old & Admin/Agility Notes/Diverse/push it forward or pushing back for the close (how will this work….md,Apple Notes,Reference,0.47,fallback-reference
Apple Notes/Old & Admin/Agility Notes/Diverse/resignation's in China.md,Apple Notes,Personal,0.65,keywords=family
Apple Notes/Old & Admin/Agility Notes/Diverse/running Todo's.md,Apple Notes,Reference,0.47,fallback-reference
Apple Notes/Old & Admin/Agility Notes/Diverse/simulation.md,Apple Notes,Projects,0.53,keywords=plan
Apple Notes/Old & Admin/Agility Notes/Diverse/survey.md,Apple Notes,Reference,0.47,fallback-reference
Apple Notes/Old & Admin/Agility Notes/Diverse/to do's 1.md,Apple Notes,Projects,0.85,"keywords=plan,project"
Apple Notes/Old & Admin/Agility Notes/Diverse/to do's before we leave.md,Apple Notes,Reference,0.47,fallback-reference
Apple Notes/Old & Admin/Agility Notes/Diverse/unter test scenario speichern CReq_T.Scenarios.md,Apple Notes,Reference,0.47,fallback-reference
Apple Notes/Old & Admin/Agility Notes/Diverse/use own User ID -- change to.md,Apple Notes,Reference,0.47,fallback-reference
Apple Notes/Old & Admin/Agility Notes/Diverse/user engagement 2 1.md,Apple Notes,Customers,0.53,keywords=customer
Apple Notes/Old & Admin/Agility Notes/Diverse/vorgespräch 30.01.2015.md,Apple Notes,Reference,0.47,fallback-reference
Apple Notes/Old & Admin/Agility Notes/Diverse/weight brake vs pivot weight.md,Apple Notes,Reference,0.47,fallback-reference
Apple Notes/Old & Admin/Agility Notes/FOCiS/ATM.md,Apple Notes,Reference,0.47,fallback-reference
Apple Notes/Old & Admin/Agility Notes/FOCiS/CRP/CRP Boston.md,Apple Notes,Reference,0.47,fallback-reference
Apple Notes/Old & Admin/Agility Notes/FOCiS/Calendar.md,Apple Notes,Meetings,0.53,keywords=meeting
Apple Notes/Old & Admin/Agility Notes/FOCiS/FOCiS Change Management Framework_TLT Update Sept 2017_v1.3_31.08.2017….md,Apple Notes,Reference,0.47,fallback-reference
Apple Notes/Old & Admin/Agility Notes/FOCiS/FOCiS Implementation Team Resume V_01.pptx.md,Apple Notes,Reference,0.47,fallback-reference
Apple Notes/Old & Admin/Agility Notes/FOCiS/Finance Change Management Workshop.md,Apple Notes,Meetings,0.81,"keywords=meeting,minutes,workshop"
Apple Notes/Old & Admin/Agility Notes/FOCiS/JA Glossary.md,Apple Notes,Reference,0.47,fallback-reference
Apple Notes/Old & Admin/Agility Notes/FOCiS/Job Growth Notes APAC.md,Apple Notes,AI,0.65,keywords=model
Apple Notes/Old & Admin/Agility Notes/FOCiS/NPC/EUR Update 12.05.2015 QM-NPC.md,Apple Notes,Reference,0.47,fallback-reference
Apple Notes/Old & Admin/Agility Notes/FOCiS/NPC/Implementation Requirements.md,Apple Notes,Meetings,0.53,keywords=workshop
Apple Notes/Old & Admin/Agility Notes/FOCiS/NPC/NPC Workflow Process.md,Apple Notes,Reference,0.47,fallback-reference
Apple Notes/Old & Admin/Agility Notes/FOCiS/NPC/SMDM and NPC Testing Notes.md,Apple Notes,Reference,0.47,fallback-reference
Apple Notes/Old & Admin/Agility Notes/FOCiS/NPC/Untitled note.md,Apple Notes,Ideas,0.73,"keywords=concept,draft"
Apple Notes/Old & Admin/Agility Notes/FOCiS/Quotation Module/2. QM country-level utilization – what is current C-CEO guidance on….md,Apple Notes,Meetings,0.81,"keywords=agenda,meeting,workshop"
Apple Notes/Old & Admin/Agility Notes/FOCiS/Quotation Module/Americas Status.md,Apple Notes,Reference,0.47,fallback-reference
Apple Notes/Old & Admin/Agility Notes/FOCiS/Quotation Module/FW Pre-req for QM functions draft_30May.xlsx.md,Apple Notes,Personal,0.65,keywords=family
Apple Notes/Old & Admin/Agility Notes/FOCiS/Quotation Module/Imp Update.md,Apple Notes,Ideas,0.65,keywords=draft
Apple Notes/Old & Admin/Agility Notes/FOCiS/Quotation Module/QM APAC.md,Apple Notes,Personal,0.53,keywords=family
Apple Notes/Old & Admin/Agility Notes/FOCiS/Quotation Module/QM ATM Report.md,Apple Notes,Personal,0.53,keywords=family
Apple Notes/Old & Admin/Agility Notes/FOCiS/Quotation Module/QM Update User Rights.pptx.md,Apple Notes,Reference,0.47,fallback-reference
Apple Notes/Old & Admin/Agility Notes/FOCiS/Quotation Module/QM by SteveM.md,Apple Notes,Ideas,0.53,keywords=concept
Apple Notes/Old & Admin/Agility Notes/FOCiS/Quotation Module/RE Billing Process CH - Feedback- Questions.md,Apple Notes,Customers,0.73,"keywords=account,customer"
Apple Notes/Old & Admin/Agility Notes/FOCiS/Quotation Module/RE Metrics QM - Update.md,Apple Notes,Personal,0.53,keywords=family
Apple Notes/Old & Admin/Agility Notes/FOCiS/Quotation Module/RE QM China Implementation meeting - 22Apr.md,Apple Notes,Meetings,0.73,"keywords=agenda,meeting"
Apple Notes/Old & Admin/Agility Notes/FOCiS/Quotation Module/RE QM Fact Sheets - Next Steps.md,Apple Notes,Reference,0.47,fallback-reference
Apple Notes/Old & Admin/Agility Notes/FOCiS/SJC.md,Apple Notes,Reference,0.47,fallback-reference
Apple Notes/Old & Admin/Agility Notes/FOCiS/Simulation/NWC current new proposal.md,Apple Notes,Ideas,0.53,keywords=proposal
Apple Notes/Old & Admin/Agility Notes/FOCiS/Simulation/SMDM Simulation Table.xlsx.md,Apple Notes,Reference,0.47,fallback-reference
Apple Notes/Old & Admin/Agility Notes/FOCiS/Simulation/Simulatino 2 Next Steps.md,Apple Notes,Customers,0.53,keywords=customer
Apple Notes/Old & Admin/Agility Notes/FOCiS/Simulation/Simulation (1) FCL (NVOCC) Review.md,Apple Notes,Customers,0.73,"keywords=customer,stakeholder"
Apple Notes/Old & Admin/Agility Notes/FOCiS/Simulation/Simulation 2.md,Apple Notes,Customers,0.65,keywords=account
Apple Notes/Old & Admin/Agility Notes/FOCiS/Simulation/identify the users involved.md,Apple Notes,Reference,0.47,fallback-reference
Apple Notes/Old & Admin/Agility Notes/FOCiS/Step1.md,Apple Notes,Reference,0.47,fallback-reference
Apple Notes/Old & Admin/Agility Notes/FOCiS/Subject USC - FOCiS Dept.md,Apple Notes,Projects,0.53,keywords=project
Apple Notes/Old & Admin/Agility Notes/FOCiS/User Engagemetn/(UO) A standing Calendar.md,Apple Notes,Meetings,0.81,"keywords=agenda,meeting,workshop"
Apple Notes/Old & Admin/Agility Notes/FOCiS/User Engagemetn/6_UE Explanations_v1.3_23.09.2016.ppt.md,Apple Notes,Meetings,0.99,"keywords=agenda,meeting,minutes"
Apple Notes/Old & Admin/Agility Notes/FOCiS/User Engagemetn/Day 2 - Birmingham.md,Apple Notes,Reference,0.47,fallback-reference
Apple Notes/Old & Admin/Agility Notes/FOCiS/User Engagemetn/Day 3.md,Apple Notes,Customers,0.73,"keywords=customer,stakeholder"
Apple Notes/Old & Admin/Agility Notes/FOCiS/User Engagemetn/Day2.md,Apple Notes,Customers,0.53,keywords=customer
Apple Notes/Old & Admin/Agility Notes/FOCiS/User Engagemetn/RE Review Branch Management Dashboard (Draft).md,Apple Notes,Meetings,0.53,keywords=meeting
Apple Notes/Old & Admin/Agility Notes/FOCiS/User Engagemetn/SME Beta - Freight X - Online Quote Beta.md,Apple Notes,Projects,0.53,keywords=project
Apple Notes/Old & Admin/Agility Notes/FOCiS/User Engagemetn/UE 4 Mumbai.md,Apple Notes,Customers,0.53,keywords=customer
Apple Notes/Old & Admin/Agility Notes/FOCiS/User Engagemetn/UE 5 Mumbai.md,Apple Notes,Customers,0.53,keywords=customer
Apple Notes/Old & Admin/Agility Notes/FOCiS/User Engagemetn/UE Germany.md,Apple Notes,Reference,0.47,fallback-reference
Apple Notes/Old & Admin/Agility Notes/FOCiS/User Engagemetn/User Engagment Overview.pptx.md,Apple Notes,Projects,0.53,keywords=plan
Apple Notes/Old & Admin/Agility Notes/FOCiS/User Engagemetn/User Observation.md,Apple Notes,Ideas,0.65,keywords=idea
Apple Notes/Old & Admin/Agility Notes/FOCiS/User Engagemetn/Virtual User Observation_draft_v1.14.06.2017.ppt.md,Apple Notes,Reference,0.47,fallback-reference
Apple Notes/Old & Admin/Agility Notes/FOCiS/User Engagemetn/user observation 1.md,Apple Notes,Reference,0.47,fallback-reference
Apple Notes/Old & Admin/Agility Notes/People/Biju Evening Call.md,Apple Notes,Meetings,0.85,"keywords=agenda,minutes"
Apple Notes/Old & Admin/Agility Notes/People/Essa Update.md,Apple Notes,Reference,0.47,fallback-reference
Apple Notes/Old & Admin/Agility Notes/People/Interview Clara Wyss.md,Apple Notes,Reference,0.47,fallback-reference
"Apple Notes/Old & Admin/Agility Notes/People/Interview Ivan Jakovic, Basel Aug 4th 2014.md",Apple Notes,Reference,0.47,fallback-reference
Apple Notes/Old & Admin/Agility Notes/Team Meetings/Agenda Day 1.md,Apple Notes,Meetings,0.65,keywords=agenda
Apple Notes/Old & Admin/Agility Notes/Team Meetings/Agenda Draft.md,Apple Notes,Meetings,0.61,"keywords=agenda,meeting"
Apple Notes/Old & Admin/Agility Notes/Team Meetings/Follow Up Team Meeting in Manchester March 2017.md,Apple Notes,Customers,0.73,"keywords=customer,stakeholder"
Apple Notes/Old & Admin/Agility Notes/Team Meetings/Slides.md,Apple Notes,Meetings,0.65,keywords=meeting
"Apple Notes/Old & Admin/Agility Notes/Team Meetings/TLT agenda June - v1.0 - June 9, 2017.xlsx.md",Apple Notes,Meetings,0.65,keywords=agenda
"Apple Notes/Old & Admin/Agility Notes/Written 19.11.18, 0914.md",Apple Notes,Reference,0.47,fallback-reference
"Apple Notes/Old & Admin/CV's & Jobs/1 Minute Introduction of JP Lang, Swiss AviationSoftware - Business….md",Apple Notes,Customers,0.53,keywords=account
Apple Notes/Old & Admin/CV's & Jobs/CV updates - Anna.md,Apple Notes,Personal,0.65,keywords=personal
Apple Notes/Old & Admin/CV's & Jobs/Cap gemini guido 27.09.md,Apple Notes,Reference,0.47,fallback-reference
Apple Notes/Old & Admin/CV's & Jobs/Mailboxes ETC/ETC - what does it stander (other things).md,Apple Notes,Customers,0.53,keywords=customer
Apple Notes/Old & Admin/CV's & Jobs/Mailboxes ETC/MBE Questions.md,Apple Notes,Reference,0.47,fallback-reference
Apple Notes/Old & Admin/CV's & Jobs/NEw CV idears.md,Apple Notes,Reference,0.47,fallback-reference
Apple Notes/Old & Admin/CV's & Jobs/Roche Notes.md,Apple Notes,Projects,0.73,"keywords=delivery,project"
Apple Notes/Old & Admin/CV's & Jobs/Work Agility/-1.md,Apple Notes,Reference,0.47,fallback-reference
Apple Notes/Old & Admin/CV's & Jobs/Work Agility/4' you' tain- _____ $ _____ Repu't _.md,Apple Notes,Reference,0.47,fallback-reference
Apple Notes/Old & Admin/CV's & Jobs/Work Agility/Cap Gemini Call.md,Apple Notes,Reference,0.47,fallback-reference
Apple Notes/Old & Admin/CV's & Jobs/Work Agility/Cap Gemini off the shelf.md,Apple Notes,Reference,0.47,fallback-reference
Apple Notes/Old & Admin/CV's & Jobs/Work Agility/Cass invoicing.md,Apple Notes,Reference,0.65,keywords=manual
Apple Notes/Old & Admin/CV's & Jobs/Work Agility/Chris price 01 07 2019.md,Apple Notes,Reference,0.47,fallback-reference
Apple Notes/Old & Admin/CV's & Jobs/Work Agility/Expect same.md,Apple Notes,Personal,0.85,"keywords=family,life"
Apple Notes/Old & Admin/CV's & Jobs/Work Agility/Initial categorization doc review - by cap gemini.md,Apple Notes,Meetings,0.65,keywords=meeting
Apple Notes/Old & Admin/CV's & Jobs/Work Agility/Jonathan - JP.md,Apple Notes,Personal,0.73,"keywords=family,personal"
Apple Notes/Old & Admin/CV's & Jobs/Work Agility/Markus.md,Apple Notes,Reference,0.47,fallback-reference
Apple Notes/Old & Admin/CV's & Jobs/Work Agility/New Note.md,Apple Notes,Reference,0.47,fallback-reference
Apple Notes/Old & Admin/CV's & Jobs/Work Agility/Pre Workshop Speech & Cap Gemini.md,Apple Notes,Meetings,0.73,"keywords=meeting,workshop"
Apple Notes/Old & Admin/CV's & Jobs/Work Agility/___ for Manual ____ f 2.md,Apple Notes,Reference,0.65,keywords=manual
Apple Notes/Old & Admin/CV's & Jobs/Work Agility/add changemanagement framework.md,Apple Notes,Reference,0.47,fallback-reference
Apple Notes/Old & Admin/Cargo Partner/AGENDA CW1 workshop.md,Apple Notes,Customers,0.81,"keywords=client,crm,customer"
Apple Notes/Old & Admin/Cargo Partner/Account Management Steering 2nd steering.md,Apple Notes,Customers,0.65,keywords=account
Apple Notes/Old & Admin/Cargo Partner/BPO jour fix.md,Apple Notes,Reference,0.47,fallback-reference
Apple Notes/Old & Admin/Cargo Partner/BRO-OPEL-TQM-GMtCPM-Tah.md,Apple Notes,Reference,0.47,fallback-reference
Apple Notes/Old & Admin/Cargo Partner/CDO Intro COM alignment.md,Apple Notes,Reference,0.47,fallback-reference
"Apple Notes/Old & Admin/Cargo Partner/Call mario (ssc, global meeting, dna).md",Apple Notes,Meetings,0.65,keywords=meeting
Apple Notes/Old & Admin/Cargo Partner/Cargo Partner Schweiz.md,Apple Notes,DPWorld,0.65,keywords=cargo
Apple Notes/Old & Admin/Cargo Partner/Cargowise (gregory bruce).md,Apple Notes,Reference,0.47,fallback-reference
Apple Notes/Old & Admin/Cargo Partner/Control towers.md,Apple Notes,Reference,0.47,fallback-reference
Apple Notes/Old & Admin/Cargo Partner/Current ToDo’s.md,Apple Notes,Customers,0.61,"keywords=account,customer"
Apple Notes/Old & Admin/Cargo Partner/Cw1 steering 29 10.md,Apple Notes,Reference,0.47,fallback-reference
Apple Notes/Old & Admin/Cargo Partner/Deliverables Mario.md,Apple Notes,Reference,0.47,fallback-reference
Apple Notes/Old & Admin/Cargo Partner/Deliverables ROM’s Meeting.md,Apple Notes,Customers,0.53,keywords=customer
Apple Notes/Old & Admin/Cargo Partner/Digital Board.md,Apple Notes,Reference,0.47,fallback-reference
Apple Notes/Old & Admin/Cargo Partner/Felix OPM 20.10.md,Apple Notes,Reference,0.47,fallback-reference
Apple Notes/Old & Admin/Cargo Partner/Global Meeting.md,Apple Notes,Meetings,0.65,keywords=meeting
Apple Notes/Old & Admin/Cargo Partner/Hr lever.md,Apple Notes,Reference,0.47,fallback-reference
Apple Notes/Old & Admin/Cargo Partner/Human Ressources/1 Raum.md,Apple Notes,Meetings,0.65,keywords=workshop
Apple Notes/Old & Admin/Cargo Partner/Human Ressources/Agenda.md,Apple Notes,Meetings,0.65,keywords=agenda
Apple Notes/Old & Admin/Cargo Partner/Human Ressources/Aleksandar.md,Apple Notes,Reference,0.47,fallback-reference
Apple Notes/Old & Admin/Cargo Partner/Human Ressources/Lever to do.md,Apple Notes,Reference,0.47,fallback-reference
Apple Notes/Old & Admin/Cargo Partner/Human Ressources/Mit nutzung.md,Apple Notes,Meetings,0.65,keywords=meeting
Apple Notes/Old & Admin/Cargo Partner/Intros Week 2.md,Apple Notes,Reference,0.47,fallback-reference
Apple Notes/Old & Admin/Cargo Partner/Jar fix - miletich exchange.md,Apple Notes,Reference,0.47,fallback-reference
Apple Notes/Old & Admin/Cargo Partner/Jour fix bpo 29.10.md,Apple Notes,Reference,0.47,fallback-reference
Apple Notes/Old & Admin/Cargo Partner/Kotter - Transformation Guide.md,Apple Notes,Reference,0.65,keywords=guide
Apple Notes/Old & Admin/Cargo Partner/Login & Induction.md,Apple Notes,Customers,0.53,keywords=customer
Apple Notes/Old & Admin/Cargo Partner/Meeting Notes Schenzel Martin 7.12.md,Apple Notes,Meetings,0.73,"keywords=agenda,meeting"
Apple Notes/Old & Admin/Cargo Partner/Molhotra Manisha Intro.md,Apple Notes,Reference,0.47,fallback-reference
Apple Notes/Old & Admin/Cargo Partner/New Note.md,Apple Notes,Reference,0.47,fallback-reference
Apple Notes/Old & Admin/Cargo Partner/New org.md,Apple Notes,Reference,0.47,fallback-reference
Apple Notes/Old & Admin/Cargo Partner/Notes for Mario.md,Apple Notes,Projects,0.73,"keywords=plan,project"
Apple Notes/Old & Admin/Cargo Partner/Operations Management Ressources.md,Apple Notes,Customers,0.53,keywords=customer
Apple Notes/Old & Admin/Cargo Partner/Profit Share Air.md,Apple Notes,Reference,0.47,fallback-reference
Apple Notes/Old & Admin/Cargo Partner/Question Katalog.md,Apple Notes,DPWorld,0.73,"keywords=cargo,logistics"
Apple Notes/Old & Admin/Cargo Partner/Road Digitization.md,Apple Notes,Reference,0.47,fallback-reference
Apple Notes/Old & Admin/Cargo Partner/Road TMS.md,Apple Notes,Customers,0.53,keywords=client
Apple Notes/Old & Admin/Cargo Partner/Sales.md,Apple Notes,Reference,0.47,fallback-reference
Apple Notes/Old & Admin/Cargo Partner/Sprint 1 Planning Session.md,Apple Notes,Customers,0.61,"keywords=customer,stakeholder"
Apple Notes/Old & Admin/Cargo Partner/Swot.md,Apple Notes,Reference,0.47,fallback-reference
Apple Notes/Old & Admin/Cargo Partner/To do Monday.md,Apple Notes,Meetings,0.65,keywords=meeting
Apple Notes/Old & Admin/Cargo Partner/Woche 1.md,Apple Notes,Customers,0.53,keywords=stakeholder
Apple Notes/Old & Admin/Crypto/Accounts and Password (Coinrunners).md,Apple Notes,Personal,0.73,"keywords=family,health"
Apple Notes/Old & Admin/Crypto/Accounts and Passwords.md,Apple Notes,Customers,0.53,keywords=account
Apple Notes/Old & Admin/Crypto/BCC - target 2250 - SOLD AT +14%.md,Apple Notes,Reference,0.47,fallback-reference
Apple Notes/Old & Admin/Crypto/BFT - BnK To The Future.md,Apple Notes,Reference,0.47,fallback-reference
Apple Notes/Old & Admin/Crypto/BLZ (LongTerm Hold.md,Apple Notes,Reference,0.47,fallback-reference
Apple Notes/Old & Admin/Crypto/CashBet.md,Apple Notes,Reference,0.47,fallback-reference
Apple Notes/Old & Admin/Crypto/Cosmic Trading.md,Apple Notes,Customers,0.53,keywords=account
Apple Notes/Old & Admin/Crypto/Crypto Education.md,Apple Notes,Reference,0.47,fallback-reference
Apple Notes/Old & Admin/Crypto/Current Signals in holding.md,Apple Notes,Reference,0.47,fallback-reference
Apple Notes/Old & Admin/Crypto/Ferien Liste.md,Apple Notes,Reference,0.47,fallback-reference
Apple Notes/Old & Admin/Crypto/Flexa.md,Apple Notes,Reference,0.47,fallback-reference
Apple Notes/Old & Admin/Crypto/GTO - target 8639 - closed for loss.md,Apple Notes,Reference,0.47,fallback-reference
Apple Notes/Old & Admin/Crypto/HOLO (HOT).md,Apple Notes,Reference,0.47,fallback-reference
Apple Notes/Old & Admin/Crypto/IDAP all infos.md,Apple Notes,Customers,0.65,keywords=account
Apple Notes/Old & Admin/Crypto/IDAP.md,Apple Notes,Reference,0.47,fallback-reference
Apple Notes/Old & Admin/Crypto/LBA Libra Credit (Long Term Hold).md,Apple Notes,Reference,0.47,fallback-reference
Apple Notes/Old & Admin/Crypto/LOOM - HODL 2months.md,Apple Notes,Reference,0.47,fallback-reference
Apple Notes/Old & Admin/Crypto/LTC Sold at loss ... 0.017037.md,Apple Notes,Reference,0.47,fallback-reference
Apple Notes/Old & Admin/Crypto/Latest BTC white list.md,Apple Notes,Reference,0.47,fallback-reference
Apple Notes/Old & Admin/Crypto/Matrix AI (MAN) Newly on Kukoin (moved to Huobi).md,Apple Notes,AI,0.65,keywords=ai
Apple Notes/Old & Admin/Crypto/Mining.md,Apple Notes,Reference,0.47,fallback-reference
Apple Notes/Old & Admin/Crypto/Modern Finance Chain (MFX).md,Apple Notes,Reference,0.47,fallback-reference
Apple Notes/Old & Admin/Crypto/NANO Swing.md,Apple Notes,Reference,0.47,fallback-reference
Apple Notes/Old & Admin/Crypto/NEO - sold at lost.md,Apple Notes,Reference,0.47,fallback-reference
Apple Notes/Old & Admin/Crypto/NEXO (moved to NEXO wallet).md,Apple Notes,Reference,0.47,fallback-reference
Apple Notes/Old & Admin/Crypto/New Note.md,Apple Notes,Reference,0.47,fallback-reference
Apple Notes/Old & Admin/Crypto/OUNA ICO.md,Apple Notes,Reference,0.47,fallback-reference
Apple Notes/Old & Admin/Crypto/Only the King ETH BTC USDT all the same (bitrex-USDT all the same….md,Apple Notes,Reference,0.47,fallback-reference
Apple Notes/Old & Admin/Crypto/PEP ICO (not proceeded and died).md,Apple Notes,Reference,0.47,fallback-reference
Apple Notes/Old & Admin/Crypto/Poly (Long Term Hold).md,Apple Notes,Reference,0.47,fallback-reference
Apple Notes/Old & Admin/Crypto/RLC (bought at arround 2.1USD).md,Apple Notes,Reference,0.47,fallback-reference
Apple Notes/Old & Admin/Crypto/SOLD TRON TRX target 1410-1700 - SL 718.md,Apple Notes,Reference,0.47,fallback-reference
Apple Notes/Old & Admin/Crypto/STOP Oders.md,Apple Notes,Reference,0.47,fallback-reference
Apple Notes/Old & Admin/Crypto/Safe as grandma (all ETH BTC  USDT the same).md,Apple Notes,Reference,0.47,fallback-reference
Apple Notes/Old & Admin/Crypto/Short Bot Starting Point 30-12-2018.md,Apple Notes,Reference,0.47,fallback-reference
Apple Notes/Old & Admin/Crypto/Signal Results.md,Apple Notes,Reference,0.47,fallback-reference
Apple Notes/Old & Admin/Crypto/Signals Vinbot/Bug Reports.md,Apple Notes,Reference,0.47,fallback-reference
Apple Notes/Old & Admin/Crypto/Signals Vinbot/Development Suggestions.md,Apple Notes,Ideas,0.65,keywords=idea
Apple Notes/Old & Admin/Crypto/Signals Vinbot/From Vili Vatafu to Me (Privately) (0701 PM).md,Apple Notes,Reference,0.47,fallback-reference
Apple Notes/Old & Admin/Crypto/Signals to Track.md,Apple Notes,Personal,0.65,keywords=family
Apple Notes/Old & Admin/Crypto/Sold to trade.md,Apple Notes,Reference,0.47,fallback-reference
Apple Notes/Old & Admin/Crypto/Starting Point Learning World.md,Apple Notes,Reference,0.47,fallback-reference
"Apple Notes/Old & Admin/Crypto/Swing - GTOBTC Lisa (fucked up, sold at SL).md",Apple Notes,Reference,0.47,fallback-reference
Apple Notes/Old & Admin/Crypto/Swing Lisa - Lend.md,Apple Notes,Reference,0.47,fallback-reference
Apple Notes/Old & Admin/Crypto/TomoChain TOMO NEwly on Kukoin.md,Apple Notes,Reference,0.47,fallback-reference
"Apple Notes/Old & Admin/Crypto/USDT Surving the Wafe DCA, Pair, Indicator prior boost.md",Apple Notes,Reference,0.47,fallback-reference
Apple Notes/Old & Admin/Crypto/ZEBI (ZCO).md,Apple Notes,Reference,0.47,fallback-reference
Apple Notes/Old & Admin/Crypto/Zanetta.md,Apple Notes,Meetings,0.73,"keywords=agenda,meeting"
Apple Notes/Onboarding - Offboarding.md,Apple Notes,Meetings,0.53,keywords=agenda
Apple Notes/Ooo.md,Apple Notes,Customers,0.65,keywords=customer
Apple Notes/Ordering process.md,Apple Notes,Projects,0.65,keywords=plan
Apple Notes/Org.md,Apple Notes,Reference,0.47,fallback-reference
Apple Notes/Otto.md,Apple Notes,Customers,0.73,"keywords=account,customer"
Apple Notes/Our pension.md,Apple Notes,Reference,0.47,fallback-reference
Apple Notes/Our purpose is to transform non-strategic procurement costs into strategic….md,Apple Notes,Reference,0.47,fallback-reference
Apple Notes/Out of the Box Update Call.md,Apple Notes,Ideas,0.65,keywords=concept
Apple Notes/PCC Call Prep.md,Apple Notes,Reference,0.47,fallback-reference
Apple Notes/PCC Prep for 1st of April.md,Apple Notes,Customers,0.73,"keywords=crm,customer"
Apple Notes/PCC.md,Apple Notes,Customers,0.65,keywords=customer
Apple Notes/PIC's first Container.md,Apple Notes,Reference,0.47,fallback-reference
Apple Notes/PMI Meeting Frankfurt.md,Apple Notes,Projects,0.53,keywords=plan
Apple Notes/PO-PL I1 classics _ rest Agile.md,Apple Notes,Reference,0.47,fallback-reference
Apple Notes/PSF.md,Apple Notes,Reference,0.47,fallback-reference
Apple Notes/Packing Notes.md,Apple Notes,Reference,0.47,fallback-reference
Apple Notes/Packliste JP.md,Apple Notes,Reference,0.47,fallback-reference
Apple Notes/Packliste Wildhaus.md,Apple Notes,HiFi,0.65,keywords=speaker
Apple Notes/Paolo.md,Apple Notes,Reference,0.47,fallback-reference
Apple Notes/Papi Okologie Ablauf.md,Apple Notes,Personal,0.53,keywords=family
Apple Notes/Papier Heizungserneuerung.md,Apple Notes,Reference,0.47,fallback-reference
Apple Notes/Parasound P-FET 900 Vorstufe – revidiert.md,Apple Notes,Reference,0.65,keywords=reference
Apple Notes/Party Amelie.md,Apple Notes,Reference,0.47,fallback-reference
Apple Notes/PassCIQ.md,Apple Notes,Reference,0.47,fallback-reference
Apple Notes/Paycargo - alternative.md,Apple Notes,Reference,0.47,fallback-reference
Apple Notes/Pcc 21.01.25.md,Apple Notes,Reference,0.47,fallback-reference
Apple Notes/Pcc march 4th.md,Apple Notes,Reference,0.47,fallback-reference
Apple Notes/Pens.md,Apple Notes,Reference,0.47,fallback-reference
Apple Notes/Pfarrer.md,Apple Notes,Reference,0.47,fallback-reference
Apple Notes/Picke125.08.23.md,Apple Notes,Reference,0.47,fallback-reference
Apple Notes/Pictet kickoff.md,Apple Notes,Reference,0.47,fallback-reference
Apple Notes/Pictet.md,Apple Notes,Reference,0.47,fallback-reference
Apple Notes/Pieter asks if the one that looks at it.md,Apple Notes,Reference,0.65,keywords=guide
Apple Notes/Pmi roadmap workshop.md,Apple Notes,Projects,0.53,keywords=roadmap
Apple Notes/Pmi ws.md,Apple Notes,DPWorld,0.65,keywords=dp
Apple Notes/Post cdc ao ae.md,Apple Notes,Reference,0.47,fallback-reference
Apple Notes/Postmortem.md,Apple Notes,Projects,0.65,keywords=delivery
Apple Notes/Pre Meeting cw1 hamburg.md,Apple Notes,Meetings,0.65,keywords=meeting
"Apple Notes/Pre-read attached, initial status below..md",Apple Notes,Projects,0.53,keywords=delivery
Apple Notes/Pre-req for QM functions draft_30May.xlsx.md,Apple Notes,Personal,0.65,keywords=family
Apple Notes/Prep for Tuesday.md,Apple Notes,Projects,0.65,keywords=project
Apple Notes/Presight clarification call AI.md,Apple Notes,DPWorld,0.81,"keywords=dp,logistics,port"
Apple Notes/Privat/'AWE.md,Apple Notes,Reference,0.47,fallback-reference
Apple Notes/Privat/3.       Formatting your paper.md,Apple Notes,Reference,0.47,fallback-reference
Apple Notes/Privat/BRO-Jaurfix.md,Apple Notes,Reference,0.47,fallback-reference
Apple Notes/Privat/Bergmatten/Bergmatten Versammlung.md,Apple Notes,Reference,0.47,fallback-reference
Apple Notes/Privat/Bergmatten/New Note.md,Apple Notes,Reference,0.47,fallback-reference
Apple Notes/Privat/Bergmatten/Regimo basel ag.md,Apple Notes,Reference,0.47,fallback-reference
Apple Notes/Privat/Bergmatten/Verwaltung und Anträge.md,Apple Notes,Reference,0.47,fallback-reference
Apple Notes/Privat/Bpo update.md,Apple Notes,Reference,0.47,fallback-reference
Apple Notes/Privat/DB CBE Update.md,Apple Notes,Reference,0.47,fallback-reference
Apple Notes/Privat/DQ.md,Apple Notes,Reference,0.47,fallback-reference
Apple Notes/Privat/Einkaufliste.md,Apple Notes,Reference,0.47,fallback-reference
Apple Notes/Privat/Fasnacht/- zusammenfassen alle bestellungen ( und denn mit New York).md,Apple Notes,Reference,0.47,fallback-reference
Apple Notes/Privat/Fasnacht/500 litter.md,Apple Notes,Reference,0.47,fallback-reference
Apple Notes/Privat/Fasnacht/Accounts.md,Apple Notes,Personal,0.65,keywords=family
Apple Notes/Privat/Fasnacht/FKR für GV und 2018.md,Apple Notes,Personal,0.65,keywords=family
Apple Notes/Privat/Fasnacht/Fasnacht 2017.md,Apple Notes,Personal,0.65,keywords=family
Apple Notes/Privat/Fasnacht/Gemeinde -- FKR Besprechung 15.12.md,Apple Notes,Reference,0.47,fallback-reference
Apple Notes/Privat/Fasnacht/Plagetten Fest.md,Apple Notes,Reference,0.47,fallback-reference
Apple Notes/Privat/Fasnacht/Sitzig 7 july 15.md,Apple Notes,Reference,0.47,fallback-reference
Apple Notes/Privat/Fasnacht/Sitzig Delux 09.md,Apple Notes,Reference,0.47,fallback-reference
Apple Notes/Privat/Fasnacht/Übergabe FKR Finanzen.md,Apple Notes,Reference,0.47,fallback-reference
Apple Notes/Privat/Fasnacht/V0rst@nd.FKR.md,Apple Notes,Reference,0.47,fallback-reference
Apple Notes/Privat/Fasnacht/Vorspiel Sitzig (1)16 24.10.2016.md,Apple Notes,Projects,0.53,keywords=plan
Apple Notes/Privat/Finned of Import.md,Apple Notes,Reference,0.47,fallback-reference
Apple Notes/Privat/Fragen Denner.md,Apple Notes,Reference,0.47,fallback-reference
Apple Notes/Privat/Garten 2019.md,Apple Notes,Reference,0.47,fallback-reference
Apple Notes/Privat/GetAwayFindings.md,Apple Notes,Reference,0.47,fallback-reference
Apple Notes/Privat/Grburt.md,Apple Notes,Reference,0.47,fallback-reference
"Apple Notes/Privat/I cant focus on what i lost, i have to focus on what i have. Sometimes….md",Apple Notes,Reference,0.47,fallback-reference
Apple Notes/Privat/Intro.md,Apple Notes,Reference,0.47,fallback-reference
Apple Notes/Privat/Jobs/AWK WestSchweiz.md,Apple Notes,Reference,0.47,fallback-reference
Apple Notes/Privat/Jobs/Call with Jared Amazon.md,Apple Notes,Reference,0.47,fallback-reference
Apple Notes/Privat/Jobs/Cargo Partner.md,Apple Notes,DPWorld,0.65,keywords=cargo
Apple Notes/Privat/Jobs/Execution Excellence.md,Apple Notes,Reference,0.47,fallback-reference
Apple Notes/Privat/Jobs/Fincon group Nigan Bilgez 17.1.20.md,Apple Notes,Reference,0.47,fallback-reference
Apple Notes/Privat/Jobs/Interview Preparation Amazon.md,Apple Notes,DPWorld,0.73,"keywords=cargo,port"
Apple Notes/Privat/Jobs/Sven Ingrish  New Placement.md,Apple Notes,Reference,0.47,fallback-reference
Apple Notes/Privat/Lash FUB'.md,Apple Notes,Reference,0.47,fallback-reference
Apple Notes/Privat/Mbe haegi businessparc.md,Apple Notes,Reference,0.47,fallback-reference
Apple Notes/Privat/My Goals/Blog ideas.md,Apple Notes,Customers,0.65,keywords=account
Apple Notes/Privat/My Goals/Brainstorm for Income.md,Apple Notes,Projects,0.53,keywords=plan
Apple Notes/Privat/My Goals/Concept für OpenShareServices.md,Apple Notes,Ideas,0.65,keywords=concept
Apple Notes/Privat/My Goals/Desy.md,Apple Notes,Reference,0.47,fallback-reference
Apple Notes/Privat/My Goals/Expenses 3.-08 bis 26.08.md,Apple Notes,Personal,0.65,keywords=family
Apple Notes/Privat/My Goals/HBR reinvent yourself.md,Apple Notes,Reference,0.47,fallback-reference
Apple Notes/Privat/My Goals/May 20 2020 Version 2 My Goals.md,Apple Notes,Personal,0.65,keywords=family
Apple Notes/Privat/My Goals/Multiple incomes passive.md,Apple Notes,Reference,0.47,fallback-reference
Apple Notes/Privat/My Goals/Why hiring me.md,Apple Notes,Personal,0.73,"keywords=family,life"
Apple Notes/Privat/New Note.md,Apple Notes,Reference,0.47,fallback-reference
Apple Notes/Privat/Öffnungszeiten.md,Apple Notes,Projects,0.53,keywords=plan
Apple Notes/Privat/Packliste wildhaus.md,Apple Notes,Reference,0.47,fallback-reference
Apple Notes/Privat/Passwords.md,Apple Notes,Customers,0.53,keywords=account
Apple Notes/Privat/PodCast and Knowleage/Data as a design element.md,Apple Notes,AI,0.65,keywords=ai
Apple Notes/Privat/PodCast and Knowleage/Links and tools.md,Apple Notes,Reference,0.47,fallback-reference
Apple Notes/Privat/PodCast and Knowleage/Zitate.md,Apple Notes,Meetings,0.65,keywords=minutes
Apple Notes/Privat/Remeber no buy zone.md,Apple Notes,Reference,0.47,fallback-reference
Apple Notes/Privat/Rom meeting.md,Apple Notes,Meetings,0.65,keywords=meeting
Apple Notes/Privat/SUP.md,Apple Notes,Reference,0.47,fallback-reference
Apple Notes/Privat/Salami kid.md,Apple Notes,Reference,0.47,fallback-reference
Apple Notes/Privat/Selbstverpflichtung.md,Apple Notes,Reference,0.47,fallback-reference
Apple Notes/Privat/Silk und empire.md,Apple Notes,Reference,0.47,fallback-reference
Apple Notes/Privat/Steven porges.md,Apple Notes,Reference,0.47,fallback-reference
Apple Notes/Privat/Training Guide.md,Apple Notes,Personal,0.53,keywords=family
Apple Notes/Privat/Vorgespräch Verhandlung 27.10.2014.md,Apple Notes,Reference,0.47,fallback-reference
Apple Notes/Privat/Zeman.md,Apple Notes,Reference,0.47,fallback-reference
Apple Notes/Product.md,Apple Notes,Reference,0.47,fallback-reference
Apple Notes/Profit Share System.md,Apple Notes,Reference,0.53,keywords=manual
Apple Notes/Profit shAre.md,Apple Notes,Reference,0.47,fallback-reference
Apple Notes/Profit share 1.md,Apple Notes,Reference,0.47,fallback-reference
Apple Notes/Project Forum Ubs 24.05.md,Apple Notes,Projects,0.65,keywords=project
Apple Notes/Project Goal Ensure the successful implementation of Ration Connect….md,Apple Notes,AI,0.73,"keywords=ai,prompt"
Apple Notes/Project initiation ideation 7.05.md,Apple Notes,Projects,0.65,keywords=project
Apple Notes/Proteshigh.md,Apple Notes,Reference,0.47,fallback-reference
Apple Notes/Putting the cart before the horse.md,Apple Notes,Reference,0.47,fallback-reference
Apple Notes/QM Desing Workshop - Conference Room Pilot - MIA 20.08 - 22.08.2014.md,Apple Notes,Customers,0.73,"keywords=crm,customer"
"Apple Notes/QM Finish Line Plan v3 - Sep 10, 2014.xlsx.md",Apple Notes,Projects,0.85,"keywords=delivery,plan"
Apple Notes/QM Reporting Working Group.md,Apple Notes,Customers,0.65,keywords=customer
Apple Notes/QUOM & UserRights.md,Apple Notes,Projects,0.53,keywords=roadmap
Apple Notes/Qualifiziertes workout.md,Apple Notes,Reference,0.47,fallback-reference
Apple Notes/Question Mareike.md,Apple Notes,Reference,0.47,fallback-reference
Apple Notes/Quick 3.0 Update.md,Apple Notes,Reference,0.65,keywords=manual
"Apple Notes/QuoM halt - CW1 Spot Quote, Rates and Tarifs.md",Apple Notes,Reference,0.81,"keywords=documentation,guide,manual"
Apple Notes/R cw1 minutes.md,Apple Notes,Meetings,0.81,"keywords=meeting,minutes,workshop"
Apple Notes/RE Germany - Notes on QM Beta update call.md,Apple Notes,Meetings,0.53,keywords=minutes
Apple Notes/RE USA - Notes on QM Beta update call.md,Apple Notes,Meetings,0.53,keywords=workshop
Apple Notes/RMG & Implementation.md,Apple Notes,Reference,0.47,fallback-reference
Apple Notes/ROM Meeting 23.02.md,Apple Notes,Meetings,0.53,keywords=meeting
Apple Notes/Radu - 25.04 -.md,Apple Notes,Reference,0.47,fallback-reference
Apple Notes/Rainer.md,Apple Notes,Reference,0.47,fallback-reference
Apple Notes/Rami call.md,Apple Notes,Customers,0.53,keywords=crm
Apple Notes/Rami.md,Apple Notes,Reference,0.47,fallback-reference
Apple Notes/Raphi probezeit.md,Apple Notes,Reference,0.47,fallback-reference
Apple Notes/Rate Mgt..md,Apple Notes,Reference,0.47,fallback-reference
Apple Notes/Rav.md,Apple Notes,Reference,0.47,fallback-reference
Apple Notes/Razvan - 25.04 - Buk.md,Apple Notes,Reference,0.47,fallback-reference
Apple Notes/Remo update.md,Apple Notes,Reference,0.47,fallback-reference
Apple Notes/Rent A Manager.md,Apple Notes,Reference,0.47,fallback-reference
Apple Notes/Ripped 2.md,Apple Notes,Reference,0.47,fallback-reference
Apple Notes/Risk Ressilience - slim down the list.md,Apple Notes,Customers,0.65,keywords=crm
Apple Notes/Rob answers.md,Apple Notes,Customers,0.53,keywords=customer
Apple Notes/Romania.md,Apple Notes,Meetings,0.53,keywords=meeting
Apple Notes/Ronald.braber dpweur.com.md,Apple Notes,Reference,0.47,fallback-reference
Apple Notes/Room Upstairs.md,Apple Notes,Reference,0.47,fallback-reference
Apple Notes/Round Table.md,Apple Notes,Meetings,0.65,keywords=minutes
Apple Notes/Rpa neo ops.md,Apple Notes,Reference,0.47,fallback-reference
Apple Notes/Running List of Topics.md,Apple Notes,Customers,0.65,keywords=customer
Apple Notes/Running. shoes.md,Apple Notes,Reference,0.47,fallback-reference
Apple Notes/SMDM Simulation Table.xlsx.md,Apple Notes,Reference,0.47,fallback-reference
Apple Notes/SMDM Update Call - Process for Beta.md,Apple Notes,Customers,0.73,"keywords=client,stakeholder"
Apple Notes/SPITEX255354. 90.000.12.12.1308.md,Apple Notes,Reference,0.47,fallback-reference
Apple Notes/SWAN thought trail.md,Apple Notes,Reference,0.47,fallback-reference
Apple Notes/Salami pizza with garlic salami pizza with nothing.md,Apple Notes,Reference,0.47,fallback-reference
Apple Notes/Samstag.md,Apple Notes,Reference,0.47,fallback-reference
Apple Notes/Schedules while sick-job seeking.md,Apple Notes,Reference,0.47,fallback-reference
Apple Notes/Screenshot 2024-02-20 at 11.00.59.png.md,Apple Notes,Reference,0.47,fallback-reference
Apple Notes/Sea SSC - HAM.md,Apple Notes,Reference,0.47,fallback-reference
Apple Notes/See.md,Apple Notes,Reference,0.47,fallback-reference
"Apple Notes/Sehr geehrte Frau Soldati,.md",Apple Notes,Reference,0.47,fallback-reference
Apple Notes/Sehstoerungen.md,Apple Notes,Reference,0.47,fallback-reference
"Apple Notes/Seit unserem Bier am Donnerstag, denke ich viel über die Möglichkeit….md",Apple Notes,Reference,0.47,fallback-reference
Apple Notes/Sen mai brit.md,Apple Notes,Reference,0.47,fallback-reference
Apple Notes/Sharepoint.md,Apple Notes,Reference,0.47,fallback-reference
Apple Notes/She started crying..md,Apple Notes,Reference,0.47,fallback-reference
Apple Notes/Sjs workshop 4.05.md,Apple Notes,Meetings,0.65,keywords=workshop
Apple Notes/Slavonir.md,Apple Notes,Reference,0.47,fallback-reference
Apple Notes/Slide 1 Introduction.md,Apple Notes,Projects,0.53,keywords=milestone
Apple Notes/Snapshot from 1900 NW 2nd Ave in Wilton Manors.md,Apple Notes,Reference,0.47,fallback-reference
Apple Notes/So what.md,Apple Notes,Reference,0.47,fallback-reference
Apple Notes/Sourc sup. Feed.md,Apple Notes,Reference,0.47,fallback-reference
Apple Notes/Spätzli topf vege.md,Apple Notes,Reference,0.47,fallback-reference
Apple Notes/Spitex.md,Apple Notes,Reference,0.47,fallback-reference
Apple Notes/Split.md,Apple Notes,Reference,0.47,fallback-reference
Apple Notes/Stand ups.md,Apple Notes,Reference,0.47,fallback-reference
Apple Notes/Status discription.md,Apple Notes,Reference,0.47,fallback-reference
Apple Notes/Stefan P. Buk april 23.md,Apple Notes,Reference,0.47,fallback-reference
Apple Notes/Steuern 2024.md,Apple Notes,Reference,0.47,fallback-reference
Apple Notes/Stimmenzähler Merkblatt.md,Apple Notes,Reference,0.47,fallback-reference
Apple Notes/Strategisch.md,Apple Notes,Reference,0.47,fallback-reference
Apple Notes/Supplier/Murpf (holger ulrich).md,Apple Notes,Reference,0.47,fallback-reference
Apple Notes/Supplier management.md,Apple Notes,Reference,0.47,fallback-reference
Apple Notes/Supply chain engeneering awareness session.md,Apple Notes,Reference,0.47,fallback-reference
Apple Notes/Sustainability Director Ricola.md,Apple Notes,Customers,0.53,keywords=customer
Apple Notes/Svantesson - GDP.md,Apple Notes,Reference,0.47,fallback-reference
Apple Notes/Sylvia Tactical today Bukarest.md,Apple Notes,Reference,0.47,fallback-reference
Apple Notes/Syngenta.md,Apple Notes,Reference,0.47,fallback-reference
Apple Notes/TOM Handover - GSC Europe Structure.md,Apple Notes,Reference,0.47,fallback-reference
Apple Notes/TQM LOFO.md,Apple Notes,Reference,0.47,fallback-reference
Apple Notes/Talent Aqusition.md,Apple Notes,Reference,0.47,fallback-reference
Apple Notes/Talk ubs raffa.md,Apple Notes,Reference,0.47,fallback-reference
Apple Notes/Tanja Osler.md,Apple Notes,Reference,0.47,fallback-reference
Apple Notes/Tanja.md,Apple Notes,Reference,0.47,fallback-reference
Apple Notes/Tanya.md,Apple Notes,Reference,0.47,fallback-reference
Apple Notes/Team Lead Emea meeting 25..md,Apple Notes,Meetings,0.65,keywords=meeting
Apple Notes/Team Meet.md,Apple Notes,Reference,0.47,fallback-reference
Apple Notes/Team Meeting 08.08.23.md,Apple Notes,Meetings,0.65,keywords=meeting
Apple Notes/Team Meeting.md,Apple Notes,Meetings,0.65,keywords=meeting
Apple Notes/Team Meetings Monthly.md,Apple Notes,Projects,0.65,keywords=project
Apple Notes/Team meeting 1.md,Apple Notes,Meetings,0.65,keywords=meeting
Apple Notes/Team..md,Apple Notes,Reference,0.47,fallback-reference
Apple Notes/Team.md,Apple Notes,Projects,0.65,keywords=plan
Apple Notes/Template Mid Year.md,Apple Notes,Reference,0.47,fallback-reference
Apple Notes/Template.md,Apple Notes,Customers,0.53,keywords=customer
"Apple Notes/This is a really interesting opportunity, Jean Pierre. Given your….md",Apple Notes,Ideas,0.61,"keywords=draft,idea"
Apple Notes/This is all artifical.md,Apple Notes,Customers,0.65,keywords=customer
Apple Notes/Tiab Assessment.md,Apple Notes,Reference,0.47,fallback-reference
Apple Notes/Tino 11.md,Apple Notes,Reference,0.47,fallback-reference
Apple Notes/Tino T.md,Apple Notes,Reference,0.47,fallback-reference
Apple Notes/Tino exit.md,Apple Notes,Reference,0.47,fallback-reference
Apple Notes/Tino.md,Apple Notes,Reference,0.47,fallback-reference
Apple Notes/Tk max downtown lörrach.md,Apple Notes,Reference,0.47,fallback-reference
Apple Notes/To Do’s Tuesday 28th.md,Apple Notes,Reference,0.47,fallback-reference
Apple Notes/ToDos.md,Apple Notes,Reference,0.47,fallback-reference
Apple Notes/Todo paper.md,Apple Notes,Reference,0.65,keywords=reference
Apple Notes/Todo tomorrow.md,Apple Notes,Meetings,0.65,keywords=meeting
Apple Notes/Todo.md,Apple Notes,Reference,0.47,fallback-reference
Apple Notes/Todos 1.md,Apple Notes,Reference,0.47,fallback-reference
Apple Notes/Tomorrow todo.md,Apple Notes,Reference,0.47,fallback-reference
Apple Notes/Topics for next PCC.md,Apple Notes,Reference,0.47,fallback-reference
Apple Notes/Transformation RE-FM to CorpServices under new Target Model.md,Apple Notes,Customers,0.93,"keywords=client,customer,stakeholder"
Apple Notes/UBS CM Community Meeting 25.04.md,Apple Notes,Meetings,0.65,keywords=meeting
Apple Notes/UBS.md,Apple Notes,Reference,0.47,fallback-reference
Apple Notes/Ubs by weekly.md,Apple Notes,Reference,0.47,fallback-reference
Apple Notes/Ubs escreens kick off.md,Apple Notes,Reference,0.47,fallback-reference
Apple Notes/Ubs kick off - swiss construction area.md,Apple Notes,Reference,0.47,fallback-reference
Apple Notes/Ubs kirsten and q3 cm meeting.md,Apple Notes,Meetings,0.65,keywords=meeting
Apple Notes/Unico Meeting Poland.md,Apple Notes,Meetings,0.85,"keywords=meeting,workshop"
Apple Notes/Unico framework.md,Apple Notes,Customers,0.69,"keywords=client,crm,customer"
Apple Notes/Unico tom workshop.md,Apple Notes,Meetings,0.65,keywords=workshop
Apple Notes/Upadte Helen 26.09.2014.md,Apple Notes,Ideas,0.53,keywords=concept
Apple Notes/Update for COR.md,Apple Notes,Reference,0.47,fallback-reference
Apple Notes/User Story Multi Quote.md,Apple Notes,DPWorld,0.73,"keywords=cargo,port"
Apple Notes/Usm.md,Apple Notes,Reference,0.47,fallback-reference
Apple Notes/V.md,Apple Notes,Reference,0.47,fallback-reference
Apple Notes/V1 mit verlust ner Heizians.md,Apple Notes,Reference,0.47,fallback-reference
Apple Notes/Var ________ Sitzus.md,Apple Notes,Reference,0.47,fallback-reference
Apple Notes/Vegan Stake Recipe.md,Apple Notes,Reference,0.47,fallback-reference
Apple Notes/Vereinbarung Miriam.md,Apple Notes,Reference,0.47,fallback-reference
Apple Notes/Verena hemschke.md,Apple Notes,Reference,0.47,fallback-reference
Apple Notes/Verlauf Facial Parese (idiomatisch).md,Apple Notes,Reference,0.47,fallback-reference
Apple Notes/Versicherungen.md,Apple Notes,Reference,0.47,fallback-reference
Apple Notes/Very different.md,Apple Notes,Customers,0.53,keywords=customer
Apple Notes/Very promising.md,Apple Notes,Reference,0.47,fallback-reference
Apple Notes/Vic KPMG.md,Apple Notes,Reference,0.47,fallback-reference
Apple Notes/Vikas Garikipati (Cargoes TMS).md,Apple Notes,DPWorld,0.99,"keywords=cargo,port,terminal"
Apple Notes/Virtual Conference Freight 14 + 15 11.2024.md,Apple Notes,Projects,0.53,keywords=project
Apple Notes/Visa india 2025.md,Apple Notes,Reference,0.47,fallback-reference
Apple Notes/Visa.md,Apple Notes,Reference,0.47,fallback-reference
Apple Notes/Vpv offert Nachbesserungen.md,Apple Notes,Reference,0.47,fallback-reference
Apple Notes/Wann kommt das bett.md,Apple Notes,Reference,0.47,fallback-reference
Apple Notes/We already do this.md,Apple Notes,Meetings,0.73,"keywords=minutes,standup"
Apple Notes/WeekEnd Plan.md,Apple Notes,Projects,0.65,keywords=plan
Apple Notes/What could i do.md,Apple Notes,Reference,0.47,fallback-reference
Apple Notes/What is best.md,Apple Notes,Reference,0.47,fallback-reference
Apple Notes/When started - when to start.md,Apple Notes,Reference,0.47,fallback-reference
Apple Notes/White Paper - Corporate eLearning Process.md,Apple Notes,Projects,0.65,keywords=roadmap
Apple Notes/White Paper “QuoM”.md,Apple Notes,Customers,0.53,keywords=customer
Apple Notes/White Sunday Fun Plan A&J.md,Apple Notes,Projects,0.65,keywords=plan
Apple Notes/Willhaus.md,Apple Notes,Reference,0.47,fallback-reference
Apple Notes/Wintergemüse.md,Apple Notes,Reference,0.47,fallback-reference
Apple Notes/Wir sind Geister und essen gern Kleister. Willst du mir nichts Süßes….md,Apple Notes,Reference,0.47,fallback-reference
Apple Notes/Wisor.md,Apple Notes,Reference,0.47,fallback-reference
Apple Notes/Wochenende Amelie Jämpi Liste.md,Apple Notes,Reference,0.47,fallback-reference
Apple Notes/Workshop (maturing the rules for Tenders).md,Apple Notes,Customers,0.61,"keywords=account,customer"
Apple Notes/Writing sample Jean Piere Lang.md,Apple Notes,Reference,0.47,fallback-reference
Apple Notes/Writing sample Year Pierre Lang.md,Apple Notes,Reference,0.47,fallback-reference
"Apple Notes/Written 01.06.18, 1001.md",Apple Notes,Reference,0.47,fallback-reference
"Apple Notes/Written 03.04.17, 1020.md",Apple Notes,Reference,0.47,fallback-reference
"Apple Notes/Written 03.04.17, 2008.md",Apple Notes,Reference,0.47,fallback-reference
"Apple Notes/Written 04.10.17, 1453.md",Apple Notes,Reference,0.47,fallback-reference
"Apple Notes/Written 05.12.16, 1006.md",Apple Notes,Reference,0.47,fallback-reference
"Apple Notes/Written 06.03.17, 1324.md",Apple Notes,Reference,0.47,fallback-reference
"Apple Notes/Written 06.09.17, 1018.md",Apple Notes,Reference,0.47,fallback-reference
"Apple Notes/Written 07.03.17, 1022.md",Apple Notes,Reference,0.47,fallback-reference
"Apple Notes/Written 08.11.16, 1003.md",Apple Notes,Reference,0.47,fallback-reference
"Apple Notes/Written 10.04.17, 0906.md",Apple Notes,Reference,0.47,fallback-reference
"Apple Notes/Written 10.07.17, 1725.md",Apple Notes,Reference,0.47,fallback-reference
"Apple Notes/Written 10.09.18, 1407.md",Apple Notes,Reference,0.47,fallback-reference
"Apple Notes/Written 10.11.16, 1317.md",Apple Notes,Reference,0.47,fallback-reference
"Apple Notes/Written 10.11.17, 0835.md",Apple Notes,Reference,0.47,fallback-reference
"Apple Notes/Written 11.05.18, 1002.md",Apple Notes,Reference,0.47,fallback-reference
"Apple Notes/Written 11.08.17, 1650.md",Apple Notes,Reference,0.47,fallback-reference
Apple Notes/Written 13-09-16 1544.md,Apple Notes,Reference,0.47,fallback-reference
"Apple Notes/Written 13.07.17, 0947.md",Apple Notes,Reference,0.47,fallback-reference
"Apple Notes/Written 13.07.17, 1137.md",Apple Notes,Reference,0.47,fallback-reference
"Apple Notes/Written 13.09.17, 0951.md",Apple Notes,Reference,0.47,fallback-reference
"Apple Notes/Written 13.09.18, 1354.md",Apple Notes,Reference,0.47,fallback-reference
"Apple Notes/Written 15.09.17, 0923.md",Apple Notes,Reference,0.47,fallback-reference
"Apple Notes/Written 15.09.17, 1440.md",Apple Notes,Reference,0.47,fallback-reference
"Apple Notes/Written 16.11.16, 1311.md",Apple Notes,Reference,0.47,fallback-reference
"Apple Notes/Written 17.08.17, 1123.md",Apple Notes,Reference,0.47,fallback-reference
"Apple Notes/Written 17.08.17, 1721.md",Apple Notes,Reference,0.47,fallback-reference
"Apple Notes/Written 18.09.17, 1503.md",Apple Notes,Reference,0.47,fallback-reference
"Apple Notes/Written 18.09.18, 1213.md",Apple Notes,Reference,0.47,fallback-reference
"Apple Notes/Written 20.03.17, 1108.md",Apple Notes,Reference,0.47,fallback-reference
"Apple Notes/Written 20.08.17, 2015.md",Apple Notes,Reference,0.47,fallback-reference
"Apple Notes/Written 21.09.17, 2136.md",Apple Notes,Reference,0.47,fallback-reference
"Apple Notes/Written 21.09.18, 1007.md",Apple Notes,Reference,0.47,fallback-reference
"Apple Notes/Written 22.08.17, 1030.md",Apple Notes,Reference,0.47,fallback-reference
"Apple Notes/Written 22.11.16, 0943.md",Apple Notes,Reference,0.47,fallback-reference
"Apple Notes/Written 23.04.18, 1343.md",Apple Notes,Reference,0.47,fallback-reference
"Apple Notes/Written 23.05.18, 1734.md",Apple Notes,Reference,0.47,fallback-reference
"Apple Notes/Written 23.10.17, 0955.md",Apple Notes,Reference,0.47,fallback-reference
"Apple Notes/Written 24.11.16, 1333.md",Apple Notes,Reference,0.47,fallback-reference
"Apple Notes/Written 24.11.16, 1937.md",Apple Notes,Reference,0.47,fallback-reference
"Apple Notes/Written 25.05.18, 1033.md",Apple Notes,Reference,0.47,fallback-reference
"Apple Notes/Written 26.06.17, 1131.md",Apple Notes,Reference,0.47,fallback-reference
"Apple Notes/Written 27.01.17, 1301.md",Apple Notes,Reference,0.47,fallback-reference
"Apple Notes/Written 27.01.17, 1348.md",Apple Notes,Reference,0.47,fallback-reference
"Apple Notes/Written 27.03.17, 1207.md",Apple Notes,Reference,0.47,fallback-reference
"Apple Notes/Written 27.06.17, 1928.md",Apple Notes,Reference,0.47,fallback-reference
"Apple Notes/Written 28.03.17, 1918.md",Apple Notes,Reference,0.47,fallback-reference
"Apple Notes/Written 29.09.16, 0845.md",Apple Notes,Reference,0.47,fallback-reference
"Apple Notes/Written 30.03.17, 0927.md",Apple Notes,Reference,0.47,fallback-reference
"Apple Notes/Written 31.10.18, 1230.md",Apple Notes,Reference,0.47,fallback-reference
Apple Notes/X-Mas Messages.md,Apple Notes,Personal,0.65,keywords=family
Apple Notes/Yesday.md,Apple Notes,Reference,0.47,fallback-reference
Apple Notes/Your organization's data cannot be pasted here. Your organization's….md,Apple Notes,Reference,0.47,fallback-reference
Apple Notes/Zero down.md,Apple Notes,Reference,0.47,fallback-reference
Apple Notes/Ziegenhagen implenia strom de.md,Apple Notes,Reference,0.47,fallback-reference
Apple Notes/Zoll customs dakosy.md,Apple Notes,Reference,0.47,fallback-reference
Apple Notes/Züge Buchen.md,Apple Notes,Reference,0.47,fallback-reference
Apple Notes/__ dee NOT.md,Apple Notes,Reference,0.47,fallback-reference
Apple Notes/___ proofread-pul SUR.md,Apple Notes,Reference,0.47,fallback-reference
Apple Notes/______ presidios) (gege versites when.md,Apple Notes,Reference,0.47,fallback-reference
Apple Notes/call her there.md,Apple Notes,Reference,0.47,fallback-reference
"Apple Notes/die meist auftretten,ertatt direkt hergeslech.md",Apple Notes,Reference,0.47,fallback-reference
Apple Notes/electo Such.md,Apple Notes,Reference,0.47,fallback-reference
Apple Notes/fyMu4tnSQwFVeRpdI91Jl7CYrsDZqUOPm6vxk3hjogAbiNTGX8W2Ezca05KL.md,Apple Notes,Reference,0.47,fallback-reference
Apple Notes/https--www.alltours.de-hoteldetail-3236airportCodes=FKB_STR_MUC_NUE_FDH_BRE_HAM_HAJ_CGN_DTM_DUS_FM….md,Apple Notes,Reference,0.47,fallback-reference
"Apple Notes/in BEL, Standup f Pascal Beth.md",Apple Notes,Meetings,0.65,keywords=standup
Apple Notes/in.md,Apple Notes,Reference,0.47,fallback-reference
Apple Notes/it.md,Apple Notes,Reference,0.47,fallback-reference
Apple Notes/l.md,Apple Notes,Reference,0.47,fallback-reference
Apple Notes/paycargs.md,Apple Notes,Reference,0.47,fallback-reference
Apple Notes/svenja.purnhagen@dpworld.com.md,Apple Notes,DPWorld,0.65,keywords=dpworld
Apple Notes/ther for.md,Apple Notes,Reference,0.47,fallback-reference
"Apple Notes/“Sfoltire molto. Ai lati molto corto sulle orecchie, con un passaggio….md",Apple Notes,AI,0.65,keywords=ai
"Apple Notes/•SSL Smart Solutions Line – NVOCC (acts as carrier, but does not….md",Apple Notes,DPWorld,0.81,"keywords=cargo,dp,dpworld"
Apple Notes/🏃‍♀️ Running for Sophia 2025 – Support Our Colleague Mathilde….md,Apple Notes,Personal,0.61,"keywords=family,life"
Health Check.md,(root),Personal,0.65,keywords=health
Implementation  Global Framework.md,(root),Reference,0.47,fallback-reference
JPS vault on M2/Welcome.md,JPS vault on M2,Reference,0.47,fallback-reference
JP Obsidian Vault/2026-07-06.md,JP Obsidian Vault,Reference,0.47,fallback-reference
JP Obsidian Vault/Apple Notes/!.md,JP Obsidian Vault,Reference,0.47,fallback-reference
JP Obsidian Vault/Apple Notes/%Tuesday@654321!.md,JP Obsidian Vault,Reference,0.47,fallback-reference
JP Obsidian Vault/Apple Notes/(.md,JP Obsidian Vault,Reference,0.47,fallback-reference
JP Obsidian Vault/Apple Notes/(Updated 7.01.15) Call 6th of January (open Actions FOCiS) - Points….md,JP Obsidian Vault,Projects,0.73,"keywords=delivery,project"
"JP Obsidian Vault/Apple Notes/+ Picket, ful 1th.md",JP Obsidian Vault,Reference,0.47,fallback-reference
JP Obsidian Vault/Apple Notes/+Axel Uhl.md,JP Obsidian Vault,Reference,0.47,fallback-reference
JP Obsidian Vault/Apple Notes/+Bett-kissenJP.md,JP Obsidian Vault,Reference,0.47,fallback-reference
JP Obsidian Vault/Apple Notes/- Limath-kundeentwicklerny.md,JP Obsidian Vault,Reference,0.47,fallback-reference
JP Obsidian Vault/Apple Notes/-.md,JP Obsidian Vault,Reference,0.47,fallback-reference
JP Obsidian Vault/Apple Notes/-cs (narie).md,JP Obsidian Vault,Reference,0.47,fallback-reference
JP Obsidian Vault/Apple Notes/...md,JP Obsidian Vault,Reference,0.47,fallback-reference
JP Obsidian Vault/Apple Notes/.md.md,JP Obsidian Vault,Reference,0.47,fallback-reference
JP Obsidian Vault/Apple Notes/0.md,JP Obsidian Vault,Reference,0.47,fallback-reference
JP Obsidian Vault/Apple Notes/0x7b1D87632a560eCCF57de8358ABe9e7512375eD1.md,JP Obsidian Vault,Reference,0.47,fallback-reference
JP Obsidian Vault/Apple Notes/1 woche (raphi).md,JP Obsidian Vault,Reference,0.47,fallback-reference
JP Obsidian Vault/Apple Notes/1) What me Done.md,JP Obsidian Vault,Reference,0.47,fallback-reference
"JP Obsidian Vault/Apple Notes/1) repart XLS, and for teamleals-cadinc(as global data. only DA.md",JP Obsidian Vault,Reference,0.47,fallback-reference
JP Obsidian Vault/Apple Notes/1. Hän Dir für Amelie Drittbetreuungskosten (Tagi oder Mittagstisch….md,JP Obsidian Vault,Reference,0.47,fallback-reference
JP Obsidian Vault/Apple Notes/10 Johr.md,JP Obsidian Vault,Reference,0.47,fallback-reference
JP Obsidian Vault/Apple Notes/10 MinMove to room.md,JP Obsidian Vault,Meetings,0.65,keywords=workshop
JP Obsidian Vault/Apple Notes/100269638.md,JP Obsidian Vault,Reference,0.47,fallback-reference
JP Obsidian Vault/Apple Notes/11 Artur 07.02.md,JP Obsidian Vault,Reference,0.47,fallback-reference
JP Obsidian Vault/Apple Notes/11 Banas -JP 06.06.md,JP Obsidian Vault,Reference,0.47,fallback-reference
JP Obsidian Vault/Apple Notes/11 Daniel.md,JP Obsidian Vault,Reference,0.47,fallback-reference
JP Obsidian Vault/Apple Notes/11 Victor.md,JP Obsidian Vault,Reference,0.47,fallback-reference
JP Obsidian Vault/Apple Notes/11 caroline 18.07.md,JP Obsidian Vault,Reference,0.47,fallback-reference
JP Obsidian Vault/Apple Notes/11 caroline 26.09.md,JP Obsidian Vault,Reference,0.47,fallback-reference
JP Obsidian Vault/Apple Notes/11 dani jp 16.08.md,JP Obsidian Vault,Reference,0.47,fallback-reference
JP Obsidian Vault/Apple Notes/1st RCEO Call - CW1.md,JP Obsidian Vault,Projects,0.53,keywords=project
JP Obsidian Vault/Apple Notes/25 Jahre in Transport und Logistik. 12 Jahre in globalen operationellen….md,JP Obsidian Vault,Reference,0.47,fallback-reference
JP Obsidian Vault/Apple Notes/2x soul burger.md,JP Obsidian Vault,Reference,0.47,fallback-reference
JP Obsidian Vault/Apple Notes/3 options.md,JP Obsidian Vault,Reference,0.47,fallback-reference
JP Obsidian Vault/Apple Notes/3 wichtigste Erfahrungen - Mehrwert.md,JP Obsidian Vault,Projects,0.73,"keywords=delivery,project"
JP Obsidian Vault/Apple Notes/3BZ''.md,JP Obsidian Vault,Reference,0.47,fallback-reference
JP Obsidian Vault/Apple Notes/3a.md,JP Obsidian Vault,Reference,0.47,fallback-reference
JP Obsidian Vault/Apple Notes/4.md,JP Obsidian Vault,Reference,0.47,fallback-reference
JP Obsidian Vault/Apple Notes/4x.md,JP Obsidian Vault,Reference,0.47,fallback-reference
JP Obsidian Vault/Apple Notes/725 ic61 gl 4.md,JP Obsidian Vault,Reference,0.47,fallback-reference
JP Obsidian Vault/Apple Notes/730-0030 2h ___.md,JP Obsidian Vault,Reference,0.47,fallback-reference
JP Obsidian Vault/Apple Notes/@.md,JP Obsidian Vault,Reference,0.47,fallback-reference
JP Obsidian Vault/Apple Notes/A Construction Colin Hasten- New Catas Scheiremen.md,JP Obsidian Vault,Reference,0.47,fallback-reference
JP Obsidian Vault/Apple Notes/A Difficult Decision with a Positive Outlook and Gratitude.md,JP Obsidian Vault,Personal,0.65,keywords=personal
JP Obsidian Vault/Apple Notes/ANR Training with Filippo.md,JP Obsidian Vault,Reference,0.47,fallback-reference
"JP Obsidian Vault/Apple Notes/AP CALLs Tanja, and Workflow Nikil.md",JP Obsidian Vault,Meetings,0.61,"keywords=meeting,minutes"
JP Obsidian Vault/Apple Notes/AWK.md,JP Obsidian Vault,Customers,0.61,"keywords=account,customer"
JP Obsidian Vault/Apple Notes/AWKEINFOLMSFAG@4.6.ZZ.md,JP Obsidian Vault,Reference,0.47,fallback-reference
JP Obsidian Vault/Apple Notes/Accounting desk.md,JP Obsidian Vault,Reference,0.47,fallback-reference
JP Obsidian Vault/Apple Notes/Add Caroline to ubs.md,JP Obsidian Vault,Reference,0.47,fallback-reference
JP Obsidian Vault/Apple Notes/Adecco - Syngenta notes.md,JP Obsidian Vault,Ideas,0.73,"keywords=concept,idea"
JP Obsidian Vault/Apple Notes/Af of pcc 18.03.md,JP Obsidian Vault,Reference,0.47,fallback-reference
JP Obsidian Vault/Apple Notes/Agenda Steven W..md,JP Obsidian Vault,Meetings,0.65,keywords=agenda
JP Obsidian Vault/Apple Notes/Albion Intro - Colm.md,JP Obsidian Vault,AI,0.65,keywords=ai
JP Obsidian Vault/Apple Notes/Alts to dca in new.md,JP Obsidian Vault,Personal,0.53,keywords=health
JP Obsidian Vault/Apple Notes/Amazing tea walk.md,JP Obsidian Vault,Reference,0.65,keywords=guide
JP Obsidian Vault/Apple Notes/Amazon.md,JP Obsidian Vault,Customers,0.85,"keywords=customer,stakeholder"
JP Obsidian Vault/Apple Notes/Amelie toy.md,JP Obsidian Vault,Reference,0.47,fallback-reference
JP Obsidian Vault/Apple Notes/Ana buk 24.05.md,JP Obsidian Vault,Reference,0.47,fallback-reference
JP Obsidian Vault/Apple Notes/Anand Xavier - API Discussion.md,JP Obsidian Vault,Reference,0.47,fallback-reference
JP Obsidian Vault/Apple Notes/Andrees.md,JP Obsidian Vault,Reference,0.47,fallback-reference
JP Obsidian Vault/Apple Notes/Andrew Rushusu- Quality.md,JP Obsidian Vault,Reference,0.47,fallback-reference
JP Obsidian Vault/Apple Notes/Aniko BUK 25.04.md,JP Obsidian Vault,Reference,0.47,fallback-reference
JP Obsidian Vault/Apple Notes/Anouï.md,JP Obsidian Vault,Reference,0.47,fallback-reference
JP Obsidian Vault/Apple Notes/Applications.md,JP Obsidian Vault,DPWorld,0.93,"keywords=cargo,dp,logistics"
JP Obsidian Vault/Apple Notes/Apply and check.md,JP Obsidian Vault,Projects,0.53,keywords=project
JP Obsidian Vault/Apple Notes/Aproz.md,JP Obsidian Vault,Reference,0.47,fallback-reference
JP Obsidian Vault/Apple Notes/Artur 11 -.md,JP Obsidian Vault,Reference,0.47,fallback-reference
JP Obsidian Vault/Apple Notes/Artur HR - 1+2 - 2.05.23.md,JP Obsidian Vault,Projects,0.65,keywords=plan
JP Obsidian Vault/Apple Notes/Artur Performance Review.md,JP Obsidian Vault,Projects,0.65,keywords=plan
JP Obsidian Vault/Apple Notes/Artur.md,JP Obsidian Vault,Reference,0.47,fallback-reference
JP Obsidian Vault/Apple Notes/As the PL and product I have to make you aware.md,JP Obsidian Vault,Reference,0.47,fallback-reference
JP Obsidian Vault/Apple Notes/Asdf a.md,JP Obsidian Vault,Projects,0.65,keywords=plan
JP Obsidian Vault/Apple Notes/Atkigh.FeS..md,JP Obsidian Vault,Reference,0.47,fallback-reference
JP Obsidian Vault/Apple Notes/Aw perf 08.06.md,JP Obsidian Vault,Reference,0.47,fallback-reference
JP Obsidian Vault/Apple Notes/Awesome Day.md,JP Obsidian Vault,Personal,0.65,keywords=family
JP Obsidian Vault/Apple Notes/Axa customer.md,JP Obsidian Vault,Customers,0.65,keywords=customer
JP Obsidian Vault/Apple Notes/B Besprechen Raphi Stunden.md,JP Obsidian Vault,Reference,0.47,fallback-reference
JP Obsidian Vault/Apple Notes/BPO.md,JP Obsidian Vault,Reference,0.47,fallback-reference
JP Obsidian Vault/Apple Notes/BUS.md,JP Obsidian Vault,Reference,0.47,fallback-reference
JP Obsidian Vault/Apple Notes/Baiersdorf.md,JP Obsidian Vault,Reference,0.47,fallback-reference
JP Obsidian Vault/Apple Notes/Basak.md,JP Obsidian Vault,Reference,0.47,fallback-reference
JP Obsidian Vault/Apple Notes/Base savings calculation.md,JP Obsidian Vault,Reference,0.47,fallback-reference
JP Obsidian Vault/Apple Notes/Basstrap.md,JP Obsidian Vault,Reference,0.47,fallback-reference
JP Obsidian Vault/Apple Notes/Beef bacon burger (without tomato and reliah).md,JP Obsidian Vault,Reference,0.47,fallback-reference
JP Obsidian Vault/Apple Notes/Beerdigung.md,JP Obsidian Vault,Reference,0.47,fallback-reference
JP Obsidian Vault/Apple Notes/Beetroot carpaccio with soy with a rice cyrcel.md,JP Obsidian Vault,Reference,0.47,fallback-reference
"JP Obsidian Vault/Apple Notes/Begrüssung,.md",JP Obsidian Vault,Reference,0.47,fallback-reference
JP Obsidian Vault/Apple Notes/Bewerbung.md,JP Obsidian Vault,Projects,0.53,keywords=project
JP Obsidian Vault/Apple Notes/Beyond cgeesburger and fries.md,JP Obsidian Vault,Reference,0.47,fallback-reference
JP Obsidian Vault/Apple Notes/Biberist Corix.md,JP Obsidian Vault,Reference,0.47,fallback-reference
JP Obsidian Vault/Apple Notes/Binder.md,JP Obsidian Vault,Reference,0.47,fallback-reference
JP Obsidian Vault/Apple Notes/Body Language for Leaders.md,JP Obsidian Vault,Meetings,0.53,keywords=meeting
JP Obsidian Vault/Apple Notes/Boic meeting basel july 25.md,JP Obsidian Vault,Meetings,0.65,keywords=meeting
JP Obsidian Vault/Apple Notes/Boring List.md,JP Obsidian Vault,Reference,0.47,fallback-reference
JP Obsidian Vault/Apple Notes/Boring.md,JP Obsidian Vault,Reference,0.47,fallback-reference
JP Obsidian Vault/Apple Notes/Brainstorm Internship.md,JP Obsidian Vault,Ideas,0.65,keywords=brainstorm
JP Obsidian Vault/Apple Notes/Brasil.md,JP Obsidian Vault,Personal,0.65,keywords=family
JP Obsidian Vault/Apple Notes/Brief Bäume Gabi.md,JP Obsidian Vault,Reference,0.47,fallback-reference
JP Obsidian Vault/Apple Notes/Bsv 031022.md,JP Obsidian Vault,Reference,0.47,fallback-reference
JP Obsidian Vault/Apple Notes/Bsv Demo Bern BSV.md,JP Obsidian Vault,Reference,0.47,fallback-reference
JP Obsidian Vault/Apple Notes/Bsv demo 2.md,JP Obsidian Vault,Reference,0.47,fallback-reference
JP Obsidian Vault/Apple Notes/Bsv notice.md,JP Obsidian Vault,Reference,0.47,fallback-reference
JP Obsidian Vault/Apple Notes/Bsv update.md,JP Obsidian Vault,Reference,0.47,fallback-reference
JP Obsidian Vault/Apple Notes/Bsv weekly 2810.md,JP Obsidian Vault,Reference,0.47,fallback-reference
JP Obsidian Vault/Apple Notes/Budget 2026 (2025 Cycle Notes).md,JP Obsidian Vault,Reference,0.47,fallback-reference
JP Obsidian Vault/Apple Notes/Budget-conglem planning --whats coming.md,JP Obsidian Vault,Reference,0.47,fallback-reference
JP Obsidian Vault/Apple Notes/CIQ/Admin/HR Introduction.md,JP Obsidian Vault,Reference,0.47,fallback-reference
JP Obsidian Vault/Apple Notes/CIQ/Admin/Hr successfactor intro 19.12.md,JP Obsidian Vault,Reference,0.47,fallback-reference
JP Obsidian Vault/Apple Notes/CIQ/Admin/Training ISTT 2.0 Intro.md,JP Obsidian Vault,Reference,0.47,fallback-reference
JP Obsidian Vault/Apple Notes/CIQ/Client Engagement/Sauer Dirk Stefan.md,JP Obsidian Vault,Reference,0.47,fallback-reference
JP Obsidian Vault/Apple Notes/CIQ/Client Engagement/Senn Eric.md,JP Obsidian Vault,Reference,0.47,fallback-reference
JP Obsidian Vault/Apple Notes/CIQ/Clients/Axa/AXA evidencing input 09.01.md,JP Obsidian Vault,Reference,0.47,fallback-reference
JP Obsidian Vault/Apple Notes/CIQ/Clients/CS/By weekly CS.md,JP Obsidian Vault,Reference,0.47,fallback-reference
JP Obsidian Vault/Apple Notes/CIQ/Clients/CS/Byweekly cs 20 02.md,JP Obsidian Vault,Reference,0.47,fallback-reference
JP Obsidian Vault/Apple Notes/CIQ/Clients/CS/COMPAS UPDATE marc 13.01.md,JP Obsidian Vault,Reference,0.47,fallback-reference
JP Obsidian Vault/Apple Notes/CIQ/Clients/CS/CS Mailroom.md,JP Obsidian Vault,Reference,0.47,fallback-reference
JP Obsidian Vault/Apple Notes/CIQ/Clients/CS/CS Procurement Savings Guidelines.md,JP Obsidian Vault,Reference,0.47,fallback-reference
JP Obsidian Vault/Apple Notes/CIQ/Clients/CS/CS UH1 procurement strategie kurz update.md,JP Obsidian Vault,Reference,0.47,fallback-reference
JP Obsidian Vault/Apple Notes/CIQ/Clients/CS/Call internal 16.01.md,JP Obsidian Vault,Reference,0.47,fallback-reference
JP Obsidian Vault/Apple Notes/CIQ/Clients/CS/Cs Workshop 1.md,JP Obsidian Vault,Meetings,0.65,keywords=workshop
JP Obsidian Vault/Apple Notes/CIQ/Clients/CS/Cs intro 09.01.md,JP Obsidian Vault,Reference,0.47,fallback-reference
JP Obsidian Vault/Apple Notes/CIQ/Clients/CS/Cs intro with caroline (23.01).md,JP Obsidian Vault,Reference,0.47,fallback-reference
JP Obsidian Vault/Apple Notes/CIQ/Clients/CS/Cs sourcing call internal 23.01.md,JP Obsidian Vault,Reference,0.47,fallback-reference
JP Obsidian Vault/Apple Notes/CIQ/Clients/CS/Cs weekly call.md,JP Obsidian Vault,Reference,0.47,fallback-reference
JP Obsidian Vault/Apple Notes/CIQ/Clients/CS/Cs weekly with customer 16.01.md,JP Obsidian Vault,Customers,0.65,keywords=customer
JP Obsidian Vault/Apple Notes/CIQ/Clients/CS/Intro cS.md,JP Obsidian Vault,Reference,0.47,fallback-reference
JP Obsidian Vault/Apple Notes/CIQ/Clients/CS/Planzer 13.03.md,JP Obsidian Vault,Reference,0.47,fallback-reference
JP Obsidian Vault/Apple Notes/CIQ/Clients/CS/Uetlihof CS austausch stefanie.md,JP Obsidian Vault,Reference,0.47,fallback-reference
JP Obsidian Vault/Apple Notes/CIQ/Clients/CS/Weekly CS call (with CS) 25.01.md,JP Obsidian Vault,Reference,0.47,fallback-reference
JP Obsidian Vault/Apple Notes/CIQ/Clients/CS/Weekly cs actions.md,JP Obsidian Vault,Reference,0.47,fallback-reference
JP Obsidian Vault/Apple Notes/CIQ/Clients/CS/cS uetlihof 22.02 (.md,JP Obsidian Vault,Reference,0.47,fallback-reference
JP Obsidian Vault/Apple Notes/CIQ/Clients/CS/Ütliberg Meeting UH1 procurement strategy.md,JP Obsidian Vault,Meetings,0.65,keywords=meeting
JP Obsidian Vault/Apple Notes/CIQ/Clients/Consortia.md,JP Obsidian Vault,Reference,0.47,fallback-reference
JP Obsidian Vault/Apple Notes/CIQ/Clients/Franke/Franke kick off dirk 06.01 + 17.01.md,JP Obsidian Vault,Reference,0.47,fallback-reference
JP Obsidian Vault/Apple Notes/CIQ/Clients/Franke/Loomis.md,JP Obsidian Vault,Reference,0.47,fallback-reference
JP Obsidian Vault/Apple Notes/CIQ/Clients/Implenia/Austausch kevin gross - 10.01.md,JP Obsidian Vault,Reference,0.47,fallback-reference
JP Obsidian Vault/Apple Notes/CIQ/Clients/Implenia/Implenia sourcing internal rewiew.md,JP Obsidian Vault,Reference,0.47,fallback-reference
JP Obsidian Vault/Apple Notes/CIQ/Clients/Implenia/Mcp scrum & Implenia Lease Discussion.md,JP Obsidian Vault,Reference,0.47,fallback-reference
JP Obsidian Vault/Apple Notes/CIQ/Clients/Implenia/New Note.md,JP Obsidian Vault,Reference,0.47,fallback-reference
JP Obsidian Vault/Apple Notes/CIQ/Clients/Joachim - intro - 16.01.md,JP Obsidian Vault,Reference,0.47,fallback-reference
JP Obsidian Vault/Apple Notes/CIQ/Clients/KPMG/Absprache enerprise - mit KPMG.md,JP Obsidian Vault,Reference,0.47,fallback-reference
JP Obsidian Vault/Apple Notes/CIQ/Clients/KPMG/Joint internal Team STC DM.md,JP Obsidian Vault,Reference,0.47,fallback-reference
JP Obsidian Vault/Apple Notes/CIQ/Clients/KPMG/Kpmg visit .md,JP Obsidian Vault,Reference,0.47,fallback-reference
JP Obsidian Vault/Apple Notes/CIQ/Clients/KPMG/Training Video KPMG.md,JP Obsidian Vault,Reference,0.47,fallback-reference
JP Obsidian Vault/Apple Notes/CIQ/Clients/Kpmg (ursula austausch). 09.01.23.md,JP Obsidian Vault,Reference,0.47,fallback-reference
JP Obsidian Vault/Apple Notes/CIQ/Clients/Manor/IFM/Edi türen.md,JP Obsidian Vault,Reference,0.47,fallback-reference
JP Obsidian Vault/Apple Notes/CIQ/Clients/Manor/IFM/IFM intro mit Marie.md,JP Obsidian Vault,Reference,0.47,fallback-reference
JP Obsidian Vault/Apple Notes/CIQ/Clients/Manor/IFM/Manor Jour Fix.md,JP Obsidian Vault,Reference,0.47,fallback-reference
JP Obsidian Vault/Apple Notes/CIQ/Clients/Manor/IFM/Manor Sicherheit.md,JP Obsidian Vault,Reference,0.47,fallback-reference
JP Obsidian Vault/Apple Notes/CIQ/Clients/Manor/IFM/Preis Analyse manor 17.01.md,JP Obsidian Vault,Reference,0.47,fallback-reference
JP Obsidian Vault/Apple Notes/CIQ/Clients/Manor/Logistics DCHWCH National/+ Transport SR.md,JP Obsidian Vault,Reference,0.47,fallback-reference
JP Obsidian Vault/Apple Notes/CIQ/Clients/Manor/Logistics DCHWCH National/- Debris _.md,JP Obsidian Vault,Reference,0.47,fallback-reference
JP Obsidian Vault/Apple Notes/CIQ/Clients/Manor/Logistics DCHWCH National/2021 Total 555256 Manor Rohdaten.md,JP Obsidian Vault,Reference,0.47,fallback-reference
JP Obsidian Vault/Apple Notes/CIQ/Clients/Manor/Logistics DCHWCH National/42K=.md,JP Obsidian Vault,Reference,0.47,fallback-reference
JP Obsidian Vault/Apple Notes/CIQ/Clients/Manor/Logistics DCHWCH National/Antwort & plan.md,JP Obsidian Vault,Projects,0.85,"keywords=plan,project"
JP Obsidian Vault/Apple Notes/CIQ/Clients/Manor/Logistics DCHWCH National/Auswertung.md,JP Obsidian Vault,Reference,0.47,fallback-reference
JP Obsidian Vault/Apple Notes/CIQ/Clients/Manor/Logistics DCHWCH National/Auswertungen Nick 14.10.md,JP Obsidian Vault,Reference,0.47,fallback-reference
JP Obsidian Vault/Apple Notes/CIQ/Clients/Manor/Logistics DCHWCH National/BTW 1. 33.md,JP Obsidian Vault,Reference,0.47,fallback-reference
JP Obsidian Vault/Apple Notes/CIQ/Clients/Manor/Logistics DCHWCH National/Batna abc.md,JP Obsidian Vault,Reference,0.47,fallback-reference
JP Obsidian Vault/Apple Notes/CIQ/Clients/Manor/Logistics DCHWCH National/Belinda 29.08.md,JP Obsidian Vault,Reference,0.47,fallback-reference
JP Obsidian Vault/Apple Notes/CIQ/Clients/Manor/Logistics DCHWCH National/Besprechung Alex - 021222.md,JP Obsidian Vault,Reference,0.47,fallback-reference
JP Obsidian Vault/Apple Notes/CIQ/Clients/Manor/Logistics DCHWCH National/CTW m1 1410 Vertrag.md,JP Obsidian Vault,Reference,0.47,fallback-reference
JP Obsidian Vault/Apple Notes/CIQ/Clients/Manor/Logistics DCHWCH National/Carin pro Filial.md,JP Obsidian Vault,Reference,0.47,fallback-reference
JP Obsidian Vault/Apple Notes/CIQ/Clients/Manor/Logistics DCHWCH National/Chain iq übergabe Rolf Imhof.md,JP Obsidian Vault,Reference,0.47,fallback-reference
JP Obsidian Vault/Apple Notes/CIQ/Clients/Manor/Logistics DCHWCH National/Ctw nachbesprevhung 21.09.md,JP Obsidian Vault,Reference,0.47,fallback-reference
JP Obsidian Vault/Apple Notes/CIQ/Clients/Manor/Logistics DCHWCH National/Findings.md,JP Obsidian Vault,Reference,0.47,fallback-reference
JP Obsidian Vault/Apple Notes/CIQ/Clients/Manor/Logistics DCHWCH National/General Idea.md,JP Obsidian Vault,Ideas,0.65,keywords=idea
JP Obsidian Vault/Apple Notes/CIQ/Clients/Manor/Logistics DCHWCH National/Gesprächsnotiz manor.md,JP Obsidian Vault,Reference,0.47,fallback-reference
JP Obsidian Vault/Apple Notes/CIQ/Clients/Manor/Logistics DCHWCH National/Hallo Belinda.md,JP Obsidian Vault,Reference,0.47,fallback-reference
JP Obsidian Vault/Apple Notes/CIQ/Clients/Manor/Logistics DCHWCH National/Have mindliche Update.md,JP Obsidian Vault,Reference,0.47,fallback-reference
JP Obsidian Vault/Apple Notes/CIQ/Clients/Manor/Logistics DCHWCH National/Immaterialgüterrecht - Geistiges Eigentum.md,JP Obsidian Vault,Reference,0.47,fallback-reference
JP Obsidian Vault/Apple Notes/CIQ/Clients/Manor/Logistics DCHWCH National/Intro Slides.md,JP Obsidian Vault,Reference,0.47,fallback-reference
JP Obsidian Vault/Apple Notes/CIQ/Clients/Manor/Logistics DCHWCH National/LeClerc.md,JP Obsidian Vault,Reference,0.47,fallback-reference
JP Obsidian Vault/Apple Notes/CIQ/Clients/Manor/Logistics DCHWCH National/Leclerc 1.md,JP Obsidian Vault,Reference,0.47,fallback-reference
JP Obsidian Vault/Apple Notes/CIQ/Clients/Manor/Logistics DCHWCH National/Leclerc 2.md,JP Obsidian Vault,Reference,0.47,fallback-reference
JP Obsidian Vault/Apple Notes/CIQ/Clients/Manor/Logistics DCHWCH National/Leclerc 311 .md,JP Obsidian Vault,Reference,0.47,fallback-reference
JP Obsidian Vault/Apple Notes/CIQ/Clients/Manor/Logistics DCHWCH National/Leclerc Vertragsfragen.md,JP Obsidian Vault,Reference,0.47,fallback-reference
JP Obsidian Vault/Apple Notes/CIQ/Clients/Manor/Logistics DCHWCH National/Lederc.md,JP Obsidian Vault,Reference,0.47,fallback-reference
JP Obsidian Vault/Apple Notes/CIQ/Clients/Manor/Logistics DCHWCH National/MANORRFP.md,JP Obsidian Vault,Reference,0.47,fallback-reference
JP Obsidian Vault/Apple Notes/CIQ/Clients/Manor/Logistics DCHWCH National/Manly Data.md,JP Obsidian Vault,Reference,0.47,fallback-reference
JP Obsidian Vault/Apple Notes/CIQ/Clients/Manor/Logistics DCHWCH National/Manor 20% 1.6m Risiko.md,JP Obsidian Vault,Reference,0.47,fallback-reference
JP Obsidian Vault/Apple Notes/CIQ/Clients/Manor/Logistics DCHWCH National/Manor Eskalation.md,JP Obsidian Vault,Projects,0.65,keywords=project
JP Obsidian Vault/Apple Notes/CIQ/Clients/Manor/Logistics DCHWCH National/Manor Update-Escalation 20%.md,JP Obsidian Vault,Reference,0.47,fallback-reference
JP Obsidian Vault/Apple Notes/CIQ/Clients/Manor/Logistics DCHWCH National/Manor systems.md,JP Obsidian Vault,Reference,0.47,fallback-reference
"JP Obsidian Vault/Apple Notes/CIQ/Clients/Manor/Logistics DCHWCH National/Meeting Alex, Fabien, Marine, op.md",JP Obsidian Vault,Meetings,0.65,keywords=meeting
JP Obsidian Vault/Apple Notes/CIQ/Clients/Manor/Logistics DCHWCH National/NF af Food truck.md,JP Obsidian Vault,Reference,0.47,fallback-reference
JP Obsidian Vault/Apple Notes/CIQ/Clients/Manor/Logistics DCHWCH National/Output meetings.md,JP Obsidian Vault,Projects,0.53,keywords=project
JP Obsidian Vault/Apple Notes/CIQ/Clients/Manor/Logistics DCHWCH National/Panzer.md,JP Obsidian Vault,Reference,0.47,fallback-reference
JP Obsidian Vault/Apple Notes/CIQ/Clients/Manor/Logistics DCHWCH National/Pit Stop tsi2.md,JP Obsidian Vault,Reference,0.47,fallback-reference
JP Obsidian Vault/Apple Notes/CIQ/Clients/Manor/Logistics DCHWCH National/Pitstop 21.09.md,JP Obsidian Vault,Reference,0.47,fallback-reference
"JP Obsidian Vault/Apple Notes/CIQ/Clients/Manor/Logistics DCHWCH National/Planzer Angebots Besprechung (Runde 2, 3 Eingabe).md",JP Obsidian Vault,Reference,0.47,fallback-reference
JP Obsidian Vault/Apple Notes/CIQ/Clients/Manor/Logistics DCHWCH National/Planzer Daten Call.md,JP Obsidian Vault,Reference,0.47,fallback-reference
JP Obsidian Vault/Apple Notes/CIQ/Clients/Manor/Logistics DCHWCH National/Planzer Daten.md,JP Obsidian Vault,Reference,0.47,fallback-reference
JP Obsidian Vault/Apple Notes/CIQ/Clients/Manor/Logistics DCHWCH National/Planzer.md,JP Obsidian Vault,Reference,0.47,fallback-reference
JP Obsidian Vault/Apple Notes/CIQ/Clients/Manor/Logistics DCHWCH National/Pricing Idea.md,JP Obsidian Vault,Projects,0.53,keywords=delivery
JP Obsidian Vault/Apple Notes/CIQ/Clients/Manor/Logistics DCHWCH National/Ridate.md,JP Obsidian Vault,Reference,0.47,fallback-reference
JP Obsidian Vault/Apple Notes/CIQ/Clients/Manor/Logistics DCHWCH National/SEA 1 Anyang 7 - Joureph tangier.md,JP Obsidian Vault,Reference,0.47,fallback-reference
JP Obsidian Vault/Apple Notes/CIQ/Clients/Manor/Logistics DCHWCH National/Sasina-letti.md,JP Obsidian Vault,Reference,0.47,fallback-reference
JP Obsidian Vault/Apple Notes/CIQ/Clients/Manor/Logistics DCHWCH National/Sieber m1 vertrag 14.10.md,JP Obsidian Vault,Reference,0.47,fallback-reference
JP Obsidian Vault/Apple Notes/CIQ/Clients/Manor/Logistics DCHWCH National/Sieber t2 1810.md,JP Obsidian Vault,Reference,0.47,fallback-reference
JP Obsidian Vault/Apple Notes/CIQ/Clients/Manor/Logistics DCHWCH National/Sieber.md,JP Obsidian Vault,Reference,0.47,fallback-reference
JP Obsidian Vault/Apple Notes/CIQ/Clients/Manor/Logistics DCHWCH National/Termine.md,JP Obsidian Vault,Reference,0.47,fallback-reference
JP Obsidian Vault/Apple Notes/CIQ/Clients/Manor/Logistics DCHWCH National/Thought Marcel.md,JP Obsidian Vault,Reference,0.47,fallback-reference
JP Obsidian Vault/Apple Notes/CIQ/Clients/Manor/Logistics DCHWCH National/Todo Nicole _ op.md,JP Obsidian Vault,Reference,0.47,fallback-reference
JP Obsidian Vault/Apple Notes/CIQ/Clients/Manor/Logistics DCHWCH National/Vorbereitung 2. Evaluationsrunde.md,JP Obsidian Vault,Reference,0.47,fallback-reference
"JP Obsidian Vault/Apple Notes/CIQ/Clients/Manor/Logistics DCHWCH National/Was mit heute klar ist, mit dem bidsheet versuchte ich ein syamesiacher….md",JP Obsidian Vault,Projects,0.53,keywords=launch
JP Obsidian Vault/Apple Notes/CIQ/Clients/Manor/Logistics DCHWCH National/Weekly manor 2810.md,JP Obsidian Vault,Reference,0.47,fallback-reference
JP Obsidian Vault/Apple Notes/CIQ/Clients/Manor/Logistics DCHWCH National/Zu hohe Stell Platz ( in _______.md,JP Obsidian Vault,Reference,0.47,fallback-reference
JP Obsidian Vault/Apple Notes/CIQ/Clients/Manor/Logistics DCHWCH National/______ test Anicolei.md,JP Obsidian Vault,Reference,0.47,fallback-reference
JP Obsidian Vault/Apple Notes/CIQ/Clients/Manor/Logistics DCHWCH National/lade _ Va's.md,JP Obsidian Vault,Reference,0.47,fallback-reference
JP Obsidian Vault/Apple Notes/CIQ/Clients/Manor/Security/Standpunkt Meeting 02.12.md,JP Obsidian Vault,Meetings,0.65,keywords=meeting
JP Obsidian Vault/Apple Notes/CIQ/Clients/Savings Methodology (new CIQ).md,JP Obsidian Vault,Reference,0.47,fallback-reference
JP Obsidian Vault/Apple Notes/CIQ/Clients/UBS/Contract Manager Meeting UBS 24.01.md,JP Obsidian Vault,Meetings,0.65,keywords=meeting
JP Obsidian Vault/Apple Notes/CIQ/Clients/UBS/HGHG Nachtrag richard spengler.md,JP Obsidian Vault,Reference,0.47,fallback-reference
JP Obsidian Vault/Apple Notes/CIQ/Clients/UBS/Heizöl cS uBs.md,JP Obsidian Vault,Reference,0.47,fallback-reference
JP Obsidian Vault/Apple Notes/CIQ/Clients/UBS/Matthias ubs handover 2.md,JP Obsidian Vault,Reference,0.47,fallback-reference
JP Obsidian Vault/Apple Notes/CIQ/Clients/UBS/Meeting sonja ruth - altstetten - 21.02.md,JP Obsidian Vault,Meetings,0.65,keywords=meeting
JP Obsidian Vault/Apple Notes/CIQ/Clients/UBS/New Note.md,JP Obsidian Vault,Reference,0.47,fallback-reference
JP Obsidian Vault/Apple Notes/CIQ/Clients/UBS/Sourcing UBS call (internal) 18.01.md,JP Obsidian Vault,Reference,0.47,fallback-reference
JP Obsidian Vault/Apple Notes/CIQ/Clients/UBS/UBS ACAC 3rd party leasing.md,JP Obsidian Vault,Reference,0.47,fallback-reference
JP Obsidian Vault/Apple Notes/CIQ/Clients/UBS/Weekly call UBS (25.01).md,JP Obsidian Vault,Reference,0.47,fallback-reference
JP Obsidian Vault/Apple Notes/CIQ/Global/CatMan Intro Video.md,JP Obsidian Vault,Reference,0.47,fallback-reference
JP Obsidian Vault/Apple Notes/CIQ/Global/Emea FM-RE Category Management Meeting.md,JP Obsidian Vault,Meetings,0.65,keywords=meeting
JP Obsidian Vault/Apple Notes/CIQ/Global/GSL call 12.01.md,JP Obsidian Vault,Reference,0.47,fallback-reference
JP Obsidian Vault/Apple Notes/CIQ/Global/Implenia und Kpmg new Meeting structure.md,JP Obsidian Vault,Meetings,0.65,keywords=meeting
JP Obsidian Vault/Apple Notes/CIQ/Global/Marcel leadership talk dezember.md,JP Obsidian Vault,Reference,0.47,fallback-reference
JP Obsidian Vault/Apple Notes/CIQ/Global/Sibylle Marketplace.md,JP Obsidian Vault,Reference,0.47,fallback-reference
JP Obsidian Vault/Apple Notes/CIQ/Global/Stefanie John Kpmg aussenst. +manor ifm.md,JP Obsidian Vault,Reference,0.47,fallback-reference
JP Obsidian Vault/Apple Notes/CIQ/Global/Stefanie John project without saving 19.01.md,JP Obsidian Vault,Projects,0.65,keywords=project
JP Obsidian Vault/Apple Notes/CIQ/Global/Stefanie John.md,JP Obsidian Vault,Reference,0.47,fallback-reference
JP Obsidian Vault/Apple Notes/CIQ/Global/Weekly CatchUp GSL-GSM-Teamleads.md,JP Obsidian Vault,Reference,0.47,fallback-reference
"JP Obsidian Vault/Apple Notes/CIQ/Guten Morgen Daniel,.md",JP Obsidian Vault,Reference,0.47,fallback-reference
JP Obsidian Vault/Apple Notes/CIQ/Hypophisis Manor.md,JP Obsidian Vault,Projects,0.61,"keywords=delivery,project"
JP Obsidian Vault/Apple Notes/CIQ/Into.md,JP Obsidian Vault,Reference,0.47,fallback-reference
JP Obsidian Vault/Apple Notes/CIQ/Manor Empfehlung Call.md,JP Obsidian Vault,Reference,0.47,fallback-reference
JP Obsidian Vault/Apple Notes/CIQ/Sourcing support & cycle time.md,JP Obsidian Vault,Reference,0.47,fallback-reference
JP Obsidian Vault/Apple Notes/CIQ/Team/1.1 Dani - 08.02.md,JP Obsidian Vault,Reference,0.47,fallback-reference
JP Obsidian Vault/Apple Notes/CIQ/Team/1.1 Dani.md,JP Obsidian Vault,Reference,0.47,fallback-reference
JP Obsidian Vault/Apple Notes/CIQ/Team/1.1‘s/11 caroline banas.md,JP Obsidian Vault,Reference,0.47,fallback-reference
JP Obsidian Vault/Apple Notes/CIQ/Team/1.1‘s/11 ralph.md,JP Obsidian Vault,Reference,0.47,fallback-reference
JP Obsidian Vault/Apple Notes/CIQ/Team/1.1‘s/11 tamara (planung).md,JP Obsidian Vault,Reference,0.47,fallback-reference
JP Obsidian Vault/Apple Notes/CIQ/Team/1.1‘s/11 victor 20.02.md,JP Obsidian Vault,Reference,0.47,fallback-reference
JP Obsidian Vault/Apple Notes/CIQ/Team/1.1‘s/11 wadim.md,JP Obsidian Vault,Reference,0.47,fallback-reference
JP Obsidian Vault/Apple Notes/CIQ/Team/1.1‘s/Artur 11 21.02.md,JP Obsidian Vault,Reference,0.47,fallback-reference
JP Obsidian Vault/Apple Notes/CIQ/Team/1.1‘s/Artur 11.md,JP Obsidian Vault,Reference,0.47,fallback-reference
JP Obsidian Vault/Apple Notes/CIQ/Team/1.1‘s/Artur 18.04.md,JP Obsidian Vault,Reference,0.47,fallback-reference
JP Obsidian Vault/Apple Notes/CIQ/Team/1.1‘s/Brainstorm - FM-RE.md,JP Obsidian Vault,Ideas,0.65,keywords=brainstorm
JP Obsidian Vault/Apple Notes/CIQ/Team/1.1‘s/Cs handover Caroline.md,JP Obsidian Vault,Reference,0.47,fallback-reference
JP Obsidian Vault/Apple Notes/CIQ/Team/1.1‘s/Einfall ARD Call Matthias.md,JP Obsidian Vault,Reference,0.47,fallback-reference
JP Obsidian Vault/Apple Notes/CIQ/Team/1.1‘s/First 1.1 Marie.md,JP Obsidian Vault,Reference,0.47,fallback-reference
JP Obsidian Vault/Apple Notes/CIQ/Team/1.1‘s/Judit vazsita 07.02. 23.md,JP Obsidian Vault,Reference,0.47,fallback-reference
JP Obsidian Vault/Apple Notes/CIQ/Team/1.1‘s/Lbatosz.krygier@credit-suisse.com.md,JP Obsidian Vault,Reference,0.47,fallback-reference
JP Obsidian Vault/Apple Notes/CIQ/Team/1.1‘s/Ralf 11.md,JP Obsidian Vault,Reference,0.47,fallback-reference
JP Obsidian Vault/Apple Notes/CIQ/Team/1.1‘s/Tino 30.01.md,JP Obsidian Vault,Reference,0.47,fallback-reference
JP Obsidian Vault/Apple Notes/CIQ/Team/1.1‘s/Tino Duci 11.md,JP Obsidian Vault,Reference,0.47,fallback-reference
JP Obsidian Vault/Apple Notes/CIQ/Team/1.1‘s/Wadim 11.md,JP Obsidian Vault,Reference,0.47,fallback-reference
JP Obsidian Vault/Apple Notes/CIQ/Team/11 Dani 18.01.md,JP Obsidian Vault,Reference,0.47,fallback-reference
JP Obsidian Vault/Apple Notes/CIQ/Team/121 Daniel 14.12.md,JP Obsidian Vault,Reference,0.47,fallback-reference
JP Obsidian Vault/Apple Notes/CIQ/Team/121 dani 21.12.md,JP Obsidian Vault,Reference,0.47,fallback-reference
JP Obsidian Vault/Apple Notes/CIQ/Team/9 Box Model training Video.md,JP Obsidian Vault,AI,0.65,keywords=model
JP Obsidian Vault/Apple Notes/CIQ/Team/Alain grasser IT.md,JP Obsidian Vault,Reference,0.47,fallback-reference
JP Obsidian Vault/Apple Notes/CIQ/Team/Archlet Meeting.md,JP Obsidian Vault,Meetings,0.65,keywords=meeting
JP Obsidian Vault/Apple Notes/CIQ/Team/CEO round table.md,JP Obsidian Vault,Reference,0.47,fallback-reference
JP Obsidian Vault/Apple Notes/CIQ/Team/Dani 11.md,JP Obsidian Vault,Reference,0.47,fallback-reference
JP Obsidian Vault/Apple Notes/CIQ/Team/Fm weekly planning.md,JP Obsidian Vault,Reference,0.47,fallback-reference
JP Obsidian Vault/Apple Notes/CIQ/Team/GPTW Rweview.md,JP Obsidian Vault,Reference,0.47,fallback-reference
JP Obsidian Vault/Apple Notes/CIQ/Team/Gerecht - Contractor..md,JP Obsidian Vault,Reference,0.47,fallback-reference
JP Obsidian Vault/Apple Notes/CIQ/Team/Gestartet Rick Blick to.md,JP Obsidian Vault,Reference,0.47,fallback-reference
JP Obsidian Vault/Apple Notes/CIQ/Team/Jereme intro.md,JP Obsidian Vault,Reference,0.47,fallback-reference
JP Obsidian Vault/Apple Notes/CIQ/Team/Leadership Sourcing Emea 15.12.md,JP Obsidian Vault,Reference,0.47,fallback-reference
JP Obsidian Vault/Apple Notes/CIQ/Team/Matthias.md,JP Obsidian Vault,Reference,0.47,fallback-reference
JP Obsidian Vault/Apple Notes/CIQ/Team/Mgt Meeting (13.01).md,JP Obsidian Vault,Meetings,0.65,keywords=meeting
JP Obsidian Vault/Apple Notes/CIQ/Team/Monthly Team Meet - leadership.md,JP Obsidian Vault,Reference,0.47,fallback-reference
JP Obsidian Vault/Apple Notes/CIQ/Team/N.Janzen call with Bryan.md,JP Obsidian Vault,Reference,0.47,fallback-reference
JP Obsidian Vault/Apple Notes/CIQ/Team/New Note.md,JP Obsidian Vault,Reference,0.47,fallback-reference
JP Obsidian Vault/Apple Notes/CIQ/Team/Nicole Strohmeier - catman intro.md,JP Obsidian Vault,Reference,0.47,fallback-reference
JP Obsidian Vault/Apple Notes/CIQ/Team/Pictet Workshop (new building).md,JP Obsidian Vault,Meetings,0.65,keywords=workshop
JP Obsidian Vault/Apple Notes/CIQ/Team/SSC/Dana Zaroni douch supp lead.md,JP Obsidian Vault,Reference,0.47,fallback-reference
JP Obsidian Vault/Apple Notes/CIQ/Team/SSC/Intro (tactical ops) RO Delu Monica.md,JP Obsidian Vault,Reference,0.47,fallback-reference
JP Obsidian Vault/Apple Notes/CIQ/Team/SSC/Intro Ops TActical buying Brasov Alexandra.md,JP Obsidian Vault,Reference,0.47,fallback-reference
JP Obsidian Vault/Apple Notes/CIQ/Team/SSC/Tactical Team KPMG.md,JP Obsidian Vault,Reference,0.47,fallback-reference
JP Obsidian Vault/Apple Notes/CIQ/Team/Team Meet Weekly & Retro/Team Meet 10.03.md,JP Obsidian Vault,Reference,0.47,fallback-reference
JP Obsidian Vault/Apple Notes/CIQ/Team/Team Meet Weekly & Retro/Weekly Planning 09.01.md,JP Obsidian Vault,Reference,0.47,fallback-reference
JP Obsidian Vault/Apple Notes/CIQ/Team/Team Meeting Management 22.12.md,JP Obsidian Vault,Meetings,0.65,keywords=meeting
JP Obsidian Vault/Apple Notes/CIQ/Team/Team Meetings.md,JP Obsidian Vault,Reference,0.47,fallback-reference
JP Obsidian Vault/Apple Notes/CIQ/Team/Thomas PS.md,JP Obsidian Vault,Reference,0.47,fallback-reference
JP Obsidian Vault/Apple Notes/CIQ/Team/Ubs LP.md,JP Obsidian Vault,Reference,0.47,fallback-reference
JP Obsidian Vault/Apple Notes/CIQ/Team/Victor kennenlern.md,JP Obsidian Vault,Reference,0.47,fallback-reference
JP Obsidian Vault/Apple Notes/CIQ/Team/Weekly Scrum CS 06.02.md,JP Obsidian Vault,Reference,0.47,fallback-reference
JP Obsidian Vault/Apple Notes/CIQ/Team/Weekly scrum (2) 16.01.md,JP Obsidian Vault,Reference,0.47,fallback-reference
JP Obsidian Vault/Apple Notes/CIQ/Team/Weekly scrum MCP .md,JP Obsidian Vault,Reference,0.47,fallback-reference
JP Obsidian Vault/Apple Notes/CIQ/Tl Meeting CIQ 01.12.md,JP Obsidian Vault,Meetings,0.65,keywords=meeting
JP Obsidian Vault/Apple Notes/CM community july 23 q3.md,JP Obsidian Vault,Reference,0.47,fallback-reference
JP Obsidian Vault/Apple Notes/CNS Customs Software Searates ERP.md,JP Obsidian Vault,Projects,0.61,"keywords=plan,project"
JP Obsidian Vault/Apple Notes/COPY for GPT.md,JP Obsidian Vault,HiFi,0.85,"keywords=audio,hifi"
JP Obsidian Vault/Apple Notes/CR2 -.md,JP Obsidian Vault,Meetings,0.65,keywords=workshop
JP Obsidian Vault/Apple Notes/CR2 → I ip EWL. no cre.md,JP Obsidian Vault,Reference,0.47,fallback-reference
JP Obsidian Vault/Apple Notes/CS Opdch -By Il 27.06. 2023..md,JP Obsidian Vault,Reference,0.47,fallback-reference
JP Obsidian Vault/Apple Notes/CS process 08.02.md,JP Obsidian Vault,Reference,0.47,fallback-reference
JP Obsidian Vault/Apple Notes/CW1 Partners.md,JP Obsidian Vault,Customers,0.53,keywords=customer
JP Obsidian Vault/Apple Notes/Call Erich - 19.02.2021.md,JP Obsidian Vault,Reference,0.47,fallback-reference
JP Obsidian Vault/Apple Notes/Call lars ba socialversicherung.md,JP Obsidian Vault,Reference,0.47,fallback-reference
JP Obsidian Vault/Apple Notes/Call with Rebekka Wife.md,JP Obsidian Vault,Reference,0.47,fallback-reference
JP Obsidian Vault/Apple Notes/Campus pictet.md,JP Obsidian Vault,Reference,0.47,fallback-reference
JP Obsidian Vault/Apple Notes/Capex report.md,JP Obsidian Vault,Reference,0.47,fallback-reference
JP Obsidian Vault/Apple Notes/Cargo Partner Peter.md,JP Obsidian Vault,DPWorld,0.65,keywords=cargo
JP Obsidian Vault/Apple Notes/CargoWise rollout SK 1806.md,JP Obsidian Vault,Reference,0.47,fallback-reference
JP Obsidian Vault/Apple Notes/Caroline.md,JP Obsidian Vault,Reference,0.47,fallback-reference
JP Obsidian Vault/Apple Notes/Carrie H. 18.02..md,JP Obsidian Vault,Reference,0.47,fallback-reference
JP Obsidian Vault/Apple Notes/Carrie Hui - Karel (( weChat.md,JP Obsidian Vault,Reference,0.47,fallback-reference
JP Obsidian Vault/Apple Notes/Ceb com board discussion.md,JP Obsidian Vault,Reference,0.47,fallback-reference
JP Obsidian Vault/Apple Notes/Checklist Notes (AWK).md,JP Obsidian Vault,Reference,0.47,fallback-reference
JP Obsidian Vault/Apple Notes/Checkliste Mami Kontos.md,JP Obsidian Vault,Reference,0.65,keywords=guide
JP Obsidian Vault/Apple Notes/China Rail --.md,JP Obsidian Vault,DPWorld,0.65,keywords=dp
JP Obsidian Vault/Apple Notes/Christoph Stein to Me (Direct Message) (153 PM).md,JP Obsidian Vault,DPWorld,0.65,keywords=cargo
JP Obsidian Vault/Apple Notes/Clean Eating Cheat Sheet.md,JP Obsidian Vault,Reference,0.47,fallback-reference
JP Obsidian Vault/Apple Notes/Communication and Implementation Strategy.md,JP Obsidian Vault,Projects,0.73,"keywords=plan,project"
JP Obsidian Vault/Apple Notes/Contract.md,JP Obsidian Vault,Reference,0.47,fallback-reference
JP Obsidian Vault/Apple Notes/Cooking list for Home.md,JP Obsidian Vault,Reference,0.47,fallback-reference
JP Obsidian Vault/Apple Notes/Cost center split 2015.md,JP Obsidian Vault,Personal,0.65,keywords=family
JP Obsidian Vault/Apple Notes/Cost.md,JP Obsidian Vault,Reference,0.47,fallback-reference
JP Obsidian Vault/Apple Notes/Cp Pro-Con.md,JP Obsidian Vault,Reference,0.47,fallback-reference
JP Obsidian Vault/Apple Notes/Cr3 reflexions.md,JP Obsidian Vault,Ideas,0.65,keywords=concept
JP Obsidian Vault/Apple Notes/Crm.md,JP Obsidian Vault,Customers,0.65,keywords=crm
JP Obsidian Vault/Apple Notes/Crypto Exit Strategy.md,JP Obsidian Vault,Reference,0.47,fallback-reference
JP Obsidian Vault/Apple Notes/Cs townhall 24.04 (Rule).md,JP Obsidian Vault,Reference,0.47,fallback-reference
JP Obsidian Vault/Apple Notes/Current Todos.md,JP Obsidian Vault,Projects,0.65,keywords=plan
JP Obsidian Vault/Apple Notes/Customer Contract.pptx.md,JP Obsidian Vault,Customers,0.53,keywords=customer
JP Obsidian Vault/Apple Notes/Customs Kick Off.md,JP Obsidian Vault,Reference,0.47,fallback-reference
JP Obsidian Vault/Apple Notes/Customs Software Switzerland.md,JP Obsidian Vault,Reference,0.47,fallback-reference
JP Obsidian Vault/Apple Notes/D&D.md,JP Obsidian Vault,Reference,0.47,fallback-reference
JP Obsidian Vault/Apple Notes/D.md,JP Obsidian Vault,Reference,0.47,fallback-reference
JP Obsidian Vault/Apple Notes/DB Board.md,JP Obsidian Vault,Reference,0.47,fallback-reference
JP Obsidian Vault/Apple Notes/DB Schenker.md,JP Obsidian Vault,Reference,0.47,fallback-reference
JP Obsidian Vault/Apple Notes/DCSA - Neil Shah - eBL.md,JP Obsidian Vault,AI,0.65,keywords=model
JP Obsidian Vault/Apple Notes/DHL Applied 15.02.md,JP Obsidian Vault,Customers,0.53,keywords=client
JP Obsidian Vault/Apple Notes/DP World/Customer Implementation/Kik/Call Holger.md,JP Obsidian Vault,Reference,0.47,fallback-reference
JP Obsidian Vault/Apple Notes/DP World/Customer Implementation/Kik/Call with Ziad & EDI Note.md,JP Obsidian Vault,Customers,0.53,keywords=customer
JP Obsidian Vault/Apple Notes/DP World/Customer Implementation/Kik/Christine Li KiK - Intro.md,JP Obsidian Vault,Projects,0.65,keywords=milestone
JP Obsidian Vault/Apple Notes/DP World/Customer Implementation/Kik/Dispoliste Call.md,JP Obsidian Vault,Reference,0.53,keywords=reference
JP Obsidian Vault/Apple Notes/DP World/Customer Implementation/Kik/Kik 1st Meeting (Dispoliste und Invoice Edifact9.md,JP Obsidian Vault,Meetings,0.65,keywords=meeting
JP Obsidian Vault/Apple Notes/DP World/Customer Implementation/Kik/Mai Birtt von Kaptz.md,JP Obsidian Vault,Reference,0.47,fallback-reference
JP Obsidian Vault/Apple Notes/DP World/Customer Implementation/Kik/Multi container Invoice.md,JP Obsidian Vault,Reference,0.47,fallback-reference
JP Obsidian Vault/Apple Notes/DP World/Excellence Topics/17.09 ops fortnightly.md,JP Obsidian Vault,Reference,0.47,fallback-reference
JP Obsidian Vault/Apple Notes/DP World/Excellence Topics/AF CapMap Meeting 20.11.md,JP Obsidian Vault,Meetings,0.65,keywords=meeting
JP Obsidian Vault/Apple Notes/DP World/Excellence Topics/AP Process - GSC Walkthrough.md,JP Obsidian Vault,Customers,0.65,keywords=account
JP Obsidian Vault/Apple Notes/DP World/Excellence Topics/Accruals 6 month.md,JP Obsidian Vault,Reference,0.47,fallback-reference
JP Obsidian Vault/Apple Notes/DP World/Excellence Topics/Air update.md,JP Obsidian Vault,Reference,0.47,fallback-reference
JP Obsidian Vault/Apple Notes/DP World/Excellence Topics/Albion.md,JP Obsidian Vault,Reference,0.47,fallback-reference
JP Obsidian Vault/Apple Notes/DP World/Excellence Topics/Alignment OPSX & Product.md,JP Obsidian Vault,Meetings,0.73,"keywords=meeting,minutes"
JP Obsidian Vault/Apple Notes/DP World/Excellence Topics/Barcelona - process flow - cr2 status quo 19.11.md,JP Obsidian Vault,Reference,0.47,fallback-reference
JP Obsidian Vault/Apple Notes/DP World/Excellence Topics/Branches to engage business continuity.md,JP Obsidian Vault,Reference,0.47,fallback-reference
JP Obsidian Vault/Apple Notes/DP World/Excellence Topics/CMR.md,JP Obsidian Vault,Reference,0.47,fallback-reference
JP Obsidian Vault/Apple Notes/DP World/Excellence Topics/Catchup Leandro Customer Booking Confirmation.md,JP Obsidian Vault,Customers,0.53,keywords=customer
JP Obsidian Vault/Apple Notes/DP World/Excellence Topics/Day 1 DP World 02.09.2024.md,JP Obsidian Vault,DPWorld,0.65,keywords=dp
JP Obsidian Vault/Apple Notes/DP World/Excellence Topics/Document Layout (& sooraj handover).md,JP Obsidian Vault,Meetings,0.65,keywords=workshop
JP Obsidian Vault/Apple Notes/DP World/Excellence Topics/Document Layout - Holger JP.md,JP Obsidian Vault,Customers,0.53,keywords=customer
JP Obsidian Vault/Apple Notes/DP World/Excellence Topics/Document.md,JP Obsidian Vault,Reference,0.47,fallback-reference
JP Obsidian Vault/Apple Notes/DP World/Excellence Topics/Duisburg.md,JP Obsidian Vault,Reference,0.47,fallback-reference
JP Obsidian Vault/Apple Notes/DP World/Excellence Topics/Ewl integrat.md,JP Obsidian Vault,Reference,0.47,fallback-reference
JP Obsidian Vault/Apple Notes/DP World/Excellence Topics/FF 100 and related projects (Catchup) 9.09..md,JP Obsidian Vault,Meetings,0.65,keywords=meeting
"JP Obsidian Vault/Apple Notes/DP World/Excellence Topics/FLT Meeting, 14th of October.md",JP Obsidian Vault,Meetings,0.73,"keywords=agenda,meeting"
JP Obsidian Vault/Apple Notes/DP World/Excellence Topics/Floris -- Month End Closing.md,JP Obsidian Vault,Reference,0.47,fallback-reference
JP Obsidian Vault/Apple Notes/DP World/Excellence Topics/Floris Van Drunen.md,JP Obsidian Vault,Reference,0.47,fallback-reference
JP Obsidian Vault/Apple Notes/DP World/Excellence Topics/Followup Risk -  Resilience.md,JP Obsidian Vault,Reference,0.47,fallback-reference
JP Obsidian Vault/Apple Notes/DP World/Excellence Topics/Go.md,JP Obsidian Vault,DPWorld,0.89,"keywords=cargo,dp,dpworld,logistics"
"JP Obsidian Vault/Apple Notes/DP World/Excellence Topics/Good Day Reinier,.md",JP Obsidian Vault,Reference,0.47,fallback-reference
JP Obsidian Vault/Apple Notes/DP World/Excellence Topics/ISO/ISO Job Description.md,JP Obsidian Vault,Reference,0.47,fallback-reference
JP Obsidian Vault/Apple Notes/DP World/Excellence Topics/IT handover rezso.md,JP Obsidian Vault,Reference,0.47,fallback-reference
JP Obsidian Vault/Apple Notes/DP World/Excellence Topics/Ics2.md,JP Obsidian Vault,Reference,0.47,fallback-reference
JP Obsidian Vault/Apple Notes/DP World/Excellence Topics/Ideas for TODOXLS.md,JP Obsidian Vault,Projects,0.73,"keywords=delivery,plan"
JP Obsidian Vault/Apple Notes/DP World/Excellence Topics/Intro AF with Jeannett.md,JP Obsidian Vault,Reference,0.47,fallback-reference
JP Obsidian Vault/Apple Notes/DP World/Excellence Topics/Intro tender.md,JP Obsidian Vault,Reference,0.47,fallback-reference
JP Obsidian Vault/Apple Notes/DP World/Excellence Topics/Introduction OCD Operations Control Dashboard.md,JP Obsidian Vault,Projects,0.65,keywords=milestone
JP Obsidian Vault/Apple Notes/DP World/Excellence Topics/Introduction markus rodatz.md,JP Obsidian Vault,Reference,0.47,fallback-reference
JP Obsidian Vault/Apple Notes/DP World/Excellence Topics/Introduction to GSC MDM Team.md,JP Obsidian Vault,DPWorld,0.81,"keywords=cargo,dpworld,logistics"
JP Obsidian Vault/Apple Notes/DP World/Excellence Topics/Jakub Bozig (QHSE) Freight Europe.md,JP Obsidian Vault,Customers,0.53,keywords=customer
JP Obsidian Vault/Apple Notes/DP World/Excellence Topics/Kapil Steve Signature.md,JP Obsidian Vault,Reference,0.47,fallback-reference
JP Obsidian Vault/Apple Notes/DP World/Excellence Topics/Kath Legal FF100 Update.md,JP Obsidian Vault,Reference,0.47,fallback-reference
JP Obsidian Vault/Apple Notes/DP World/Excellence Topics/Kister meeting duisburg.md,JP Obsidian Vault,Meetings,0.65,keywords=meeting
JP Obsidian Vault/Apple Notes/DP World/Excellence Topics/La City Civils.md,JP Obsidian Vault,Reference,0.47,fallback-reference
JP Obsidian Vault/Apple Notes/DP World/Excellence Topics/Lifting UP presentation paycargo.md,JP Obsidian Vault,Reference,0.47,fallback-reference
JP Obsidian Vault/Apple Notes/DP World/Excellence Topics/MDM - NPM.md,JP Obsidian Vault,Customers,0.53,keywords=customer
JP Obsidian Vault/Apple Notes/DP World/Excellence Topics/Manish - Data Lake - how to interact with.md,JP Obsidian Vault,DPWorld,0.65,keywords=dp
"JP Obsidian Vault/Apple Notes/DP World/Excellence Topics/Marco (PS vs Handling, loss and profit).md",JP Obsidian Vault,Reference,0.47,fallback-reference
JP Obsidian Vault/Apple Notes/DP World/Excellence Topics/McKinsey Duisburg Cluster Reorg Meeting.md,JP Obsidian Vault,Meetings,0.65,keywords=meeting
JP Obsidian Vault/Apple Notes/DP World/Excellence Topics/Mindit holger.md,JP Obsidian Vault,Reference,0.47,fallback-reference
JP Obsidian Vault/Apple Notes/DP World/Excellence Topics/Mohit - analytics.md,JP Obsidian Vault,Reference,0.47,fallback-reference
JP Obsidian Vault/Apple Notes/DP World/Excellence Topics/New Note.md,JP Obsidian Vault,Reference,0.47,fallback-reference
JP Obsidian Vault/Apple Notes/DP World/Excellence Topics/Nikil - GSC - Performance.md,JP Obsidian Vault,Reference,0.47,fallback-reference
JP Obsidian Vault/Apple Notes/DP World/Excellence Topics/Notes.md,JP Obsidian Vault,Meetings,0.73,"keywords=meeting,minutes"
JP Obsidian Vault/Apple Notes/DP World/Excellence Topics/OCD → watwagh.md,JP Obsidian Vault,Reference,0.47,fallback-reference
JP Obsidian Vault/Apple Notes/DP World/Excellence Topics/OPS Weekly.md,JP Obsidian Vault,Customers,0.53,keywords=account
JP Obsidian Vault/Apple Notes/DP World/Excellence Topics/One remaining business decision intracompany to other entities division.md,JP Obsidian Vault,Reference,0.47,fallback-reference
JP Obsidian Vault/Apple Notes/DP World/Excellence Topics/Open topics rezso.md,JP Obsidian Vault,Reference,0.47,fallback-reference
JP Obsidian Vault/Apple Notes/DP World/Excellence Topics/OpsX pCC 07.01.md,JP Obsidian Vault,Reference,0.47,fallback-reference
JP Obsidian Vault/Apple Notes/DP World/Excellence Topics/PM-.md,JP Obsidian Vault,Reference,0.47,fallback-reference
JP Obsidian Vault/Apple Notes/DP World/Excellence Topics/PMI Thoughts.md,JP Obsidian Vault,Reference,0.47,fallback-reference
JP Obsidian Vault/Apple Notes/DP World/Excellence Topics/Pallets.md,JP Obsidian Vault,Reference,0.47,fallback-reference
JP Obsidian Vault/Apple Notes/DP World/Excellence Topics/Pay Cargo (notes).md,JP Obsidian Vault,DPWorld,0.99,"keywords=cargo,dp,port,terminal"
JP Obsidian Vault/Apple Notes/DP World/Excellence Topics/Pcc 26.11.24.md,JP Obsidian Vault,Reference,0.47,fallback-reference
JP Obsidian Vault/Apple Notes/DP World/Excellence Topics/Pcc catchup.md,JP Obsidian Vault,Reference,0.47,fallback-reference
JP Obsidian Vault/Apple Notes/DP World/Excellence Topics/Peocess clarification prep call 16.09.md,JP Obsidian Vault,Reference,0.47,fallback-reference
JP Obsidian Vault/Apple Notes/DP World/Excellence Topics/Perf.md,JP Obsidian Vault,Reference,0.47,fallback-reference
JP Obsidian Vault/Apple Notes/DP World/Excellence Topics/Pmo introduction.md,JP Obsidian Vault,Reference,0.47,fallback-reference
"JP Obsidian Vault/Apple Notes/DP World/Excellence Topics/Prep. Meeting,.md",JP Obsidian Vault,Meetings,0.65,keywords=meeting
JP Obsidian Vault/Apple Notes/DP World/Excellence Topics/Process Clarification 12th of November.md,JP Obsidian Vault,Reference,0.47,fallback-reference
JP Obsidian Vault/Apple Notes/DP World/Excellence Topics/Process Clarification Call (Prep Intro).md,JP Obsidian Vault,Meetings,0.65,keywords=agenda
JP Obsidian Vault/Apple Notes/DP World/Excellence Topics/Process Excellence Call 1 10 24.md,JP Obsidian Vault,Reference,0.47,fallback-reference
JP Obsidian Vault/Apple Notes/DP World/Excellence Topics/Process excellence call 15.10.md,JP Obsidian Vault,Reference,0.47,fallback-reference
JP Obsidian Vault/Apple Notes/DP World/Excellence Topics/Profit Sharing Intro.md,JP Obsidian Vault,Reference,0.47,fallback-reference
JP Obsidian Vault/Apple Notes/DP World/Excellence Topics/Rail Intro.md,JP Obsidian Vault,Reference,0.47,fallback-reference
JP Obsidian Vault/Apple Notes/DP World/Excellence Topics/Rezso Call - tansfer to todos.md,JP Obsidian Vault,Reference,0.47,fallback-reference
JP Obsidian Vault/Apple Notes/DP World/Excellence Topics/Rob Meeting.md,JP Obsidian Vault,Meetings,0.65,keywords=meeting
JP Obsidian Vault/Apple Notes/DP World/Excellence Topics/Stuart - Procurement.md,JP Obsidian Vault,DPWorld,0.73,"keywords=dp,dpworld"
JP Obsidian Vault/Apple Notes/DP World/Excellence Topics/Tech Team Introduction.md,JP Obsidian Vault,DPWorld,0.65,keywords=cargo
JP Obsidian Vault/Apple Notes/DP World/Excellence Topics/TiaB - CR2 Introduction.md,JP Obsidian Vault,Customers,0.53,keywords=customer
JP Obsidian Vault/Apple Notes/DP World/Excellence Topics/Unique it dd.md,JP Obsidian Vault,Reference,0.47,fallback-reference
JP Obsidian Vault/Apple Notes/DP World/Excellence Topics/WISOR Sowmyaa Ramadurai (IT Security).md,JP Obsidian Vault,AI,0.53,keywords=ai
JP Obsidian Vault/Apple Notes/DP World/Excellence Topics/Wisor --  Instruction.md,JP Obsidian Vault,Reference,0.47,fallback-reference
JP Obsidian Vault/Apple Notes/DP World/Excellence Topics/iLean Introduction (Freight Fowarding).md,JP Obsidian Vault,Reference,0.47,fallback-reference
JP Obsidian Vault/Apple Notes/DP World/Excellence Topics/log.do. in.md,JP Obsidian Vault,Reference,0.47,fallback-reference
JP Obsidian Vault/Apple Notes/DP World/Excellence Topics/sïtatun.md,JP Obsidian Vault,Reference,0.47,fallback-reference
JP Obsidian Vault/Apple Notes/DP World/Here are the list of topics to be discussed in the meeting tomorrow….md,JP Obsidian Vault,Meetings,0.65,keywords=meeting
JP Obsidian Vault/Apple Notes/DP World/Innovation Topics/AI Vendors Handover Rezso.md,JP Obsidian Vault,AI,0.65,keywords=ai
JP Obsidian Vault/Apple Notes/DP World/Innovation Topics/Business Continuity (Will - Atif).md,JP Obsidian Vault,Reference,0.47,fallback-reference
JP Obsidian Vault/Apple Notes/DP World/Innovation Topics/DoricTec.md,JP Obsidian Vault,Reference,0.47,fallback-reference
JP Obsidian Vault/Apple Notes/DP World/Innovation Topics/Ideas for OCD.md,JP Obsidian Vault,DPWorld,0.65,keywords=dp
JP Obsidian Vault/Apple Notes/DP World/Innovation Topics/Mind.it leif.md,JP Obsidian Vault,Reference,0.47,fallback-reference
JP Obsidian Vault/Apple Notes/DP World/Innovation Topics/Minit workshop 2409.md,JP Obsidian Vault,Meetings,0.65,keywords=workshop
"JP Obsidian Vault/Apple Notes/DP World/Innovation Topics/Paycargo Minutes (Intro, 17.09).md",JP Obsidian Vault,Customers,0.53,keywords=account
JP Obsidian Vault/Apple Notes/DP World/Innovation Topics/Prep CAll.md,JP Obsidian Vault,Reference,0.47,fallback-reference
JP Obsidian Vault/Apple Notes/DP World/Innovation Topics/Wili Follett Business Continuity.md,JP Obsidian Vault,Reference,0.47,fallback-reference
JP Obsidian Vault/Apple Notes/DP World/Innovation Topics/Winsor AI.md,JP Obsidian Vault,AI,0.65,keywords=ai
JP Obsidian Vault/Apple Notes/DP World/Innovation Topics/Wisor - Kick Off - Next Steps.md,JP Obsidian Vault,DPWorld,0.73,"keywords=dp,port"
JP Obsidian Vault/Apple Notes/DP World/Innovation Topics/Wisor with Nick.md,JP Obsidian Vault,Reference,0.47,fallback-reference
JP Obsidian Vault/Apple Notes/DP World/Innovation Topics/Zero Down - First Meeting.md,JP Obsidian Vault,Meetings,0.65,keywords=meeting
JP Obsidian Vault/Apple Notes/DP World/Intro Stefanie Böhm (Treuhand).md,JP Obsidian Vault,Projects,0.65,keywords=plan
JP Obsidian Vault/Apple Notes/DP World Interview.md,JP Obsidian Vault,Personal,0.53,keywords=family
JP Obsidian Vault/Apple Notes/DP World Logistics Germany B.V. & Co. KG.md,JP Obsidian Vault,DPWorld,0.99,"keywords=dp,dpworld,logistics"
JP Obsidian Vault/Apple Notes/DXB - Mom Preferred Part'.md,JP Obsidian Vault,Reference,0.47,fallback-reference
JP Obsidian Vault/Apple Notes/Day 1 logineer ham 14 07 25.md,JP Obsidian Vault,Reference,0.47,fallback-reference
JP Obsidian Vault/Apple Notes/Db april.md,JP Obsidian Vault,Reference,0.47,fallback-reference
JP Obsidian Vault/Apple Notes/Deal Making Cook Book.md,JP Obsidian Vault,Ideas,0.73,"keywords=concept,idea"
JP Obsidian Vault/Apple Notes/Deal workshop 1 - 17.05.md,JP Obsidian Vault,Meetings,0.65,keywords=workshop
JP Obsidian Vault/Apple Notes/Dear Markus.md,JP Obsidian Vault,Reference,0.47,fallback-reference
"JP Obsidian Vault/Apple Notes/Dear Mr. Mag. Krauter,.md",JP Obsidian Vault,DPWorld,0.73,"keywords=cargo,logistics"
"JP Obsidian Vault/Apple Notes/Dear Sender,.md",JP Obsidian Vault,Reference,0.53,keywords=manual
JP Obsidian Vault/Apple Notes/Denise Agile __ Nicole Opphiger ( DA-AD).md,JP Obsidian Vault,Reference,0.47,fallback-reference
JP Obsidian Vault/Apple Notes/Dewlap.md,JP Obsidian Vault,Reference,0.47,fallback-reference
JP Obsidian Vault/Apple Notes/Digital Board Reporting.md,JP Obsidian Vault,Reference,0.47,fallback-reference
JP Obsidian Vault/Apple Notes/Dimitri.md,JP Obsidian Vault,Reference,0.47,fallback-reference
JP Obsidian Vault/Apple Notes/Discount units to pay for project.md,JP Obsidian Vault,Projects,0.65,keywords=project
JP Obsidian Vault/Apple Notes/Document Layout Miriam Fathima.md,JP Obsidian Vault,Reference,0.47,fallback-reference
JP Obsidian Vault/Apple Notes/Dog breads.md,JP Obsidian Vault,Reference,0.47,fallback-reference
JP Obsidian Vault/Apple Notes/Dp world global freight gmbh.md,JP Obsidian Vault,DPWorld,0.65,keywords=dp
JP Obsidian Vault/Apple Notes/Draft Antwort an Herr Krauter.md,JP Obsidian Vault,Projects,0.61,"keywords=plan,project"
JP Obsidian Vault/Apple Notes/Dreamlist if Flexa goes to the moon.md,JP Obsidian Vault,HiFi,0.65,keywords=amplifier
JP Obsidian Vault/Apple Notes/Dummy vendor.md,JP Obsidian Vault,Reference,0.47,fallback-reference
JP Obsidian Vault/Apple Notes/EWL Connect - vs CR2 question - Renier.md,JP Obsidian Vault,Meetings,0.65,keywords=workshop
JP Obsidian Vault/Apple Notes/Eauction.md,JP Obsidian Vault,Reference,0.47,fallback-reference
JP Obsidian Vault/Apple Notes/Edge how to differentiate.md,JP Obsidian Vault,AI,0.65,keywords=agent
JP Obsidian Vault/Apple Notes/Einkaufen.md,JP Obsidian Vault,Reference,0.47,fallback-reference
JP Obsidian Vault/Apple Notes/Einkaufsliste.md,JP Obsidian Vault,Reference,0.47,fallback-reference
JP Obsidian Vault/Apple Notes/Emberger (DB Schenker).md,JP Obsidian Vault,DPWorld,0.65,keywords=cargo
JP Obsidian Vault/Apple Notes/Emdr.md,JP Obsidian Vault,Reference,0.47,fallback-reference
JP Obsidian Vault/Apple Notes/Emea mgt 08.06.md,JP Obsidian Vault,Reference,0.47,fallback-reference
JP Obsidian Vault/Apple Notes/Ewl day 2 - man 21-22.md,JP Obsidian Vault,Reference,0.47,fallback-reference
JP Obsidian Vault/Apple Notes/Ewl march.md,JP Obsidian Vault,Reference,0.47,fallback-reference
JP Obsidian Vault/Apple Notes/Ewl sreerco connects.md,JP Obsidian Vault,AI,0.61,"keywords=agent,model"
JP Obsidian Vault/Apple Notes/Ewl week 2.md,JP Obsidian Vault,Reference,0.47,fallback-reference
JP Obsidian Vault/Apple Notes/Examin Interview.md,JP Obsidian Vault,Reference,0.47,fallback-reference
JP Obsidian Vault/Apple Notes/Execution Excellence (Today 27.02).md,JP Obsidian Vault,Reference,0.47,fallback-reference
JP Obsidian Vault/Apple Notes/Explore NGOs.md,JP Obsidian Vault,Reference,0.47,fallback-reference
JP Obsidian Vault/Apple Notes/Explore reeducation.md,JP Obsidian Vault,Reference,0.47,fallback-reference
JP Obsidian Vault/Apple Notes/Ext Board (7.06).md,JP Obsidian Vault,Reference,0.47,fallback-reference
JP Obsidian Vault/Apple Notes/Exte.md,JP Obsidian Vault,Reference,0.47,fallback-reference
JP Obsidian Vault/Apple Notes/FLT.md,JP Obsidian Vault,Customers,0.65,keywords=customer
JP Obsidian Vault/Apple Notes/FRachtkosten Monitor - KiK Gute Cuhhaltung Ablage PODF.md,JP Obsidian Vault,DPWorld,0.65,keywords=dpworld
"JP Obsidian Vault/Apple Notes/Fellow FLT,.md",JP Obsidian Vault,Meetings,0.53,keywords=workshop
JP Obsidian Vault/Apple Notes/Ferien Liste.md,JP Obsidian Vault,Reference,0.47,fallback-reference
JP Obsidian Vault/Apple Notes/Ferien ives list.md,JP Obsidian Vault,Reference,0.47,fallback-reference
JP Obsidian Vault/Apple Notes/Ffw eur budget meeting 2025 (2026 cycle).md,JP Obsidian Vault,Meetings,0.65,keywords=meeting
JP Obsidian Vault/Apple Notes/Final Assessment Zoom - Note.md,JP Obsidian Vault,Customers,0.73,"keywords=customer,stakeholder"
JP Obsidian Vault/Apple Notes/Finance Floris (Urgent payments and CR2 Tickets).md,JP Obsidian Vault,Reference,0.47,fallback-reference
JP Obsidian Vault/Apple Notes/Finance Meeting Conventry OK 26. - 28.05. 2029.md,JP Obsidian Vault,Meetings,0.65,keywords=meeting
JP Obsidian Vault/Apple Notes/Flex AMP.md,JP Obsidian Vault,Reference,0.47,fallback-reference
JP Obsidian Vault/Apple Notes/Flexa History of Failure by Anouncement and Outcome.md,JP Obsidian Vault,Projects,0.99,"keywords=launch,plan,roadmap"
JP Obsidian Vault/Apple Notes/Flow fox.md,JP Obsidian Vault,Ideas,0.53,keywords=concept
JP Obsidian Vault/Apple Notes/Flt nov 25.md,JP Obsidian Vault,Reference,0.47,fallback-reference
JP Obsidian Vault/Apple Notes/For Anna. Letter Ideas.md,JP Obsidian Vault,Customers,0.53,keywords=stakeholder
JP Obsidian Vault/Apple Notes/For Rezso.md,JP Obsidian Vault,Reference,0.47,fallback-reference
JP Obsidian Vault/Apple Notes/Forum UBS.md,JP Obsidian Vault,Reference,0.47,fallback-reference
JP Obsidian Vault/Apple Notes/Four kites.md,JP Obsidian Vault,Reference,0.47,fallback-reference
JP Obsidian Vault/Apple Notes/Fragen CV.md,JP Obsidian Vault,Reference,0.47,fallback-reference
JP Obsidian Vault/Apple Notes/Fragen EE & Anders.md,JP Obsidian Vault,Reference,0.47,fallback-reference
JP Obsidian Vault/Apple Notes/Fragen.md,JP Obsidian Vault,Reference,0.47,fallback-reference
JP Obsidian Vault/Apple Notes/Franfurt UBS first talk 10.08.2023.md,JP Obsidian Vault,Reference,0.47,fallback-reference
JP Obsidian Vault/Apple Notes/Freight Gate.md,JP Obsidian Vault,Reference,0.47,fallback-reference
JP Obsidian Vault/Apple Notes/Freightyfy.md,JP Obsidian Vault,Reference,0.47,fallback-reference
JP Obsidian Vault/Apple Notes/Ftl feb 2025.md,JP Obsidian Vault,Reference,0.47,fallback-reference
JP Obsidian Vault/Apple Notes/GRohe implementation call 31 03 2025.md,JP Obsidian Vault,Meetings,0.61,"keywords=meeting,minutes"
JP Obsidian Vault/Apple Notes/GSC Agenda and Topics.md,JP Obsidian Vault,Projects,0.53,keywords=launch
JP Obsidian Vault/Apple Notes/Garden Plants where to plant them.md,JP Obsidian Vault,Reference,0.47,fallback-reference
JP Obsidian Vault/Apple Notes/Garten Haus.md,JP Obsidian Vault,Reference,0.47,fallback-reference
JP Obsidian Vault/Apple Notes/Gartner call 3.3.21.md,JP Obsidian Vault,Reference,0.47,fallback-reference
JP Obsidian Vault/Apple Notes/General booking instructions.md,JP Obsidian Vault,Reference,0.47,fallback-reference
JP Obsidian Vault/Apple Notes/Georgina 11 25.04.md,JP Obsidian Vault,Reference,0.47,fallback-reference
JP Obsidian Vault/Apple Notes/Gespräch Hr. Pfarrer Raphael.md,JP Obsidian Vault,Ideas,0.53,keywords=concept
JP Obsidian Vault/Apple Notes/Giga Meeting.md,JP Obsidian Vault,Meetings,0.65,keywords=meeting
JP Obsidian Vault/Apple Notes/Giga.md,JP Obsidian Vault,AI,0.65,keywords=agent
JP Obsidian Vault/Apple Notes/Global downhill recording.md,JP Obsidian Vault,DPWorld,0.99,"keywords=cargo,dp,logistics,port"
JP Obsidian Vault/Apple Notes/Goal.md,JP Obsidian Vault,Reference,0.47,fallback-reference
JP Obsidian Vault/Apple Notes/Gopal and AES update.md,JP Obsidian Vault,Reference,0.47,fallback-reference
JP Obsidian Vault/Apple Notes/Gptw.md,JP Obsidian Vault,Reference,0.47,fallback-reference
JP Obsidian Vault/Apple Notes/Gumann 605.md,JP Obsidian Vault,Reference,0.47,fallback-reference
JP Obsidian Vault/Apple Notes/HR/Interviews/Natalia Janzen.md,JP Obsidian Vault,Projects,0.73,"keywords=plan,project"
JP Obsidian Vault/Apple Notes/HR/③ Christoph.md,JP Obsidian Vault,Reference,0.47,fallback-reference
JP Obsidian Vault/Apple Notes/HR Austritt Raphael.md,JP Obsidian Vault,Reference,0.47,fallback-reference
JP Obsidian Vault/Apple Notes/HR CE - Lavinia.md,JP Obsidian Vault,Reference,0.47,fallback-reference
JP Obsidian Vault/Apple Notes/HR Call - Licensing Overviews March 2025.md,JP Obsidian Vault,Meetings,0.85,"keywords=agenda,meeting"
JP Obsidian Vault/Apple Notes/HR.md,JP Obsidian Vault,Reference,0.47,fallback-reference
JP Obsidian Vault/Apple Notes/HSEQ.md,JP Obsidian Vault,Reference,0.47,fallback-reference
JP Obsidian Vault/Apple Notes/Harballzüste-Aterom.md,JP Obsidian Vault,Reference,0.47,fallback-reference
JP Obsidian Vault/Apple Notes/Harmonise CS and UBS.md,JP Obsidian Vault,Customers,0.53,keywords=client
JP Obsidian Vault/Apple Notes/Health Checks and Deep Dives - Summaries.md,JP Obsidian Vault,Meetings,0.93,"keywords=agenda,meeting,minutes"
JP Obsidian Vault/Apple Notes/Heilerde ultrafein.md,JP Obsidian Vault,Reference,0.47,fallback-reference
JP Obsidian Vault/Apple Notes/Helpdesk CCM.NET Account Details - Orientation Guide.md,JP Obsidian Vault,Customers,0.53,keywords=account
JP Obsidian Vault/Apple Notes/Helveticor 24.05.md,JP Obsidian Vault,Reference,0.47,fallback-reference
JP Obsidian Vault/Apple Notes/Here’s the revised outline with the recommendation to fully transition….md,JP Obsidian Vault,Projects,0.65,keywords=plan
JP Obsidian Vault/Apple Notes/Herport Assessment.md,JP Obsidian Vault,Customers,0.93,"keywords=client,crm,customer"
JP Obsidian Vault/Apple Notes/Herport april.md,JP Obsidian Vault,Reference,0.47,fallback-reference
JP Obsidian Vault/Apple Notes/Hey Robert.md,JP Obsidian Vault,Reference,0.47,fallback-reference
JP Obsidian Vault/Apple Notes/Hilfestellung.md,JP Obsidian Vault,Reference,0.47,fallback-reference
JP Obsidian Vault/Apple Notes/Hold all.md,JP Obsidian Vault,Reference,0.47,fallback-reference
"JP Obsidian Vault/Apple Notes/Hotel booking confirmations - TLT meeting Jul 21-23, 2015 - Baar.md",JP Obsidian Vault,Meetings,0.53,keywords=meeting
JP Obsidian Vault/Apple Notes/Houston.md,JP Obsidian Vault,Reference,0.47,fallback-reference
JP Obsidian Vault/Apple Notes/How to get to results swot scorecards.md,JP Obsidian Vault,Reference,0.47,fallback-reference
JP Obsidian Vault/Apple Notes/Hsseq culture day.md,JP Obsidian Vault,Customers,0.65,keywords=customer
JP Obsidian Vault/Apple Notes/IMPlementation Meeting December 2025.md,JP Obsidian Vault,Customers,0.73,"keywords=account,customer"
JP Obsidian Vault/Apple Notes/IOT and OT Training.md,JP Obsidian Vault,Reference,0.47,fallback-reference
"JP Obsidian Vault/Apple Notes/Ich bin nicht traurig dass er von uns gegangen ist, sondern ich bin….md",JP Obsidian Vault,Reference,0.47,fallback-reference
JP Obsidian Vault/Apple Notes/Ideas DP.md,JP Obsidian Vault,Customers,0.61,"keywords=account,customer"
JP Obsidian Vault/Apple Notes/Impuls Beratung -.md,JP Obsidian Vault,Reference,0.47,fallback-reference
JP Obsidian Vault/Apple Notes/Influence by no authority.md,JP Obsidian Vault,Customers,0.53,keywords=account
JP Obsidian Vault/Apple Notes/Input JG.md,JP Obsidian Vault,Reference,0.47,fallback-reference
JP Obsidian Vault/Apple Notes/Interview 2 case study damir.md,JP Obsidian Vault,Reference,0.47,fallback-reference
JP Obsidian Vault/Apple Notes/Interview Adecco - Syngenta.md,JP Obsidian Vault,Projects,0.73,"keywords=plan,project"
JP Obsidian Vault/Apple Notes/Interview Dirk Dijkhuizen.md,JP Obsidian Vault,Reference,0.47,fallback-reference
JP Obsidian Vault/Apple Notes/Interview Lavinia.md,JP Obsidian Vault,Meetings,0.53,keywords=meeting
JP Obsidian Vault/Apple Notes/Interview Martina.md,JP Obsidian Vault,Reference,0.47,fallback-reference
JP Obsidian Vault/Apple Notes/Interview ProVeg.md,JP Obsidian Vault,Reference,0.47,fallback-reference
JP Obsidian Vault/Apple Notes/Interview Reto Brägger.md,JP Obsidian Vault,Reference,0.47,fallback-reference
JP Obsidian Vault/Apple Notes/Interview alain bitaim.md,JP Obsidian Vault,Reference,0.47,fallback-reference
JP Obsidian Vault/Apple Notes/Interview joel costeniheira.md,JP Obsidian Vault,Reference,0.47,fallback-reference
JP Obsidian Vault/Apple Notes/Interview marcel schlandt.md,JP Obsidian Vault,Reference,0.47,fallback-reference
JP Obsidian Vault/Apple Notes/Intro Basak.md,JP Obsidian Vault,DPWorld,0.65,keywords=dp
JP Obsidian Vault/Apple Notes/Intro PAD Panko - Brian.md,JP Obsidian Vault,Reference,0.47,fallback-reference
JP Obsidian Vault/Apple Notes/Intro..md,JP Obsidian Vault,Reference,0.47,fallback-reference
JP Obsidian Vault/Apple Notes/Introduction Claudia Elvers.md,JP Obsidian Vault,Meetings,0.73,"keywords=agenda,workshop"
JP Obsidian Vault/Apple Notes/Irvine 15.07.2015 RMG session.md,JP Obsidian Vault,Reference,0.47,fallback-reference
JP Obsidian Vault/Apple Notes/Iso imp call fri 4.04.md,JP Obsidian Vault,Reference,0.47,fallback-reference
JP Obsidian Vault/Apple Notes/Iso what needed march 2025.md,JP Obsidian Vault,Reference,0.47,fallback-reference
JP Obsidian Vault/Apple Notes/Iss meeting cs 2709.md,JP Obsidian Vault,Meetings,0.65,keywords=meeting
JP Obsidian Vault/Apple Notes/It Asset owner.md,JP Obsidian Vault,Reference,0.47,fallback-reference
JP Obsidian Vault/Apple Notes/Iulia BUK 26.04.md,JP Obsidian Vault,Reference,0.47,fallback-reference
JP Obsidian Vault/Apple Notes/Ivan Interview.md,JP Obsidian Vault,Personal,0.65,keywords=personal
JP Obsidian Vault/Apple Notes/JP.md,JP Obsidian Vault,Reference,0.47,fallback-reference
JP Obsidian Vault/Apple Notes/Jaempilang@gmail.com.md,JP Obsidian Vault,Reference,0.47,fallback-reference
JP Obsidian Vault/Apple Notes/Jay - Santosh.md,JP Obsidian Vault,Reference,0.53,keywords=reference
JP Obsidian Vault/Apple Notes/Jbjgubhvhjfuhvrughfruztrhghughurztuztzkascopsdjndjvftbfhvbjvbjbhfgbhfbgbjbdsvbdudxcbfhbfdvbvbbvdhvbh….md,JP Obsidian Vault,Reference,0.47,fallback-reference
JP Obsidian Vault/Apple Notes/Jds iso.md,JP Obsidian Vault,Reference,0.47,fallback-reference
JP Obsidian Vault/Apple Notes/Jobs I applied to.md,JP Obsidian Vault,DPWorld,0.81,"keywords=cargo,logistics,shipping"
JP Obsidian Vault/Apple Notes/Jour fix claudia.md,JP Obsidian Vault,Reference,0.47,fallback-reference
JP Obsidian Vault/Apple Notes/Julien - China.md,JP Obsidian Vault,DPWorld,0.73,"keywords=cargo,dp"
JP Obsidian Vault/Apple Notes/KIK.md,JP Obsidian Vault,Reference,0.47,fallback-reference
JP Obsidian Vault/Apple Notes/KPIs - Colm Meeting.md,JP Obsidian Vault,Meetings,0.65,keywords=meeting
JP Obsidian Vault/Apple Notes/KPMG Spoc.md,JP Obsidian Vault,Reference,0.47,fallback-reference
JP Obsidian Vault/Apple Notes/Karin Feldbaum -Lean Management.md,JP Obsidian Vault,Reference,0.47,fallback-reference
JP Obsidian Vault/Apple Notes/Kaufen.md,JP Obsidian Vault,Reference,0.47,fallback-reference
JP Obsidian Vault/Apple Notes/Keep Linda.md,JP Obsidian Vault,Reference,0.47,fallback-reference
JP Obsidian Vault/Apple Notes/Kids battered suasage.md,JP Obsidian Vault,Reference,0.47,fallback-reference
JP Obsidian Vault/Apple Notes/Kik - update.md,JP Obsidian Vault,Reference,0.47,fallback-reference
JP Obsidian Vault/Apple Notes/Kik India Impl..md,JP Obsidian Vault,Reference,0.47,fallback-reference
JP Obsidian Vault/Apple Notes/Kik Updates on SOP.md,JP Obsidian Vault,Reference,0.47,fallback-reference
JP Obsidian Vault/Apple Notes/Kn  facility.md,JP Obsidian Vault,Reference,0.47,fallback-reference
JP Obsidian Vault/Apple Notes/Kurs; Consulting Instrumente.md,JP Obsidian Vault,Reference,0.47,fallback-reference
JP Obsidian Vault/Apple Notes/LAt!.md,JP Obsidian Vault,Reference,0.47,fallback-reference
JP Obsidian Vault/Apple Notes/Leadership Principles (cases).md,JP Obsidian Vault,Customers,0.53,keywords=customer
JP Obsidian Vault/Apple Notes/Leadership training 25.09.2023.md,JP Obsidian Vault,Reference,0.47,fallback-reference
JP Obsidian Vault/Apple Notes/Leading during Times of Change.md,JP Obsidian Vault,Personal,0.99,"keywords=habit,journal,life,personal"
JP Obsidian Vault/Apple Notes/Leonardo.md,JP Obsidian Vault,Reference,0.47,fallback-reference
JP Obsidian Vault/Apple Notes/Lesson 2 - Coping with challenging implementation timelines Focus….md,JP Obsidian Vault,Projects,0.53,keywords=plan
JP Obsidian Vault/Apple Notes/Liebe Raffa.md,JP Obsidian Vault,Reference,0.47,fallback-reference
JP Obsidian Vault/Apple Notes/Lieber vater.md,JP Obsidian Vault,Reference,0.47,fallback-reference
JP Obsidian Vault/Apple Notes/Liste heute.md,JP Obsidian Vault,Reference,0.47,fallback-reference
JP Obsidian Vault/Apple Notes/Liste.md,JP Obsidian Vault,Reference,0.47,fallback-reference
JP Obsidian Vault/Apple Notes/Lizenses - FF100 Update -- Gems.md,JP Obsidian Vault,DPWorld,0.65,keywords=dpworld
JP Obsidian Vault/Apple Notes/Lorena Fach.md,JP Obsidian Vault,Reference,0.47,fallback-reference
"JP Obsidian Vault/Apple Notes/Ls unther, gredeline.md",JP Obsidian Vault,Reference,0.47,fallback-reference
JP Obsidian Vault/Apple Notes/Make a Remote Testing guide based on the Beta benchmark.md,JP Obsidian Vault,Reference,0.85,"keywords=documentation,guide"
JP Obsidian Vault/Apple Notes/Make a list of CV Changes.md,JP Obsidian Vault,AI,0.65,keywords=model
JP Obsidian Vault/Apple Notes/Make a list of Job you like to do.md,JP Obsidian Vault,Projects,0.65,keywords=project
JP Obsidian Vault/Apple Notes/Make a list of what you get from me.md,JP Obsidian Vault,Projects,0.65,keywords=project
JP Obsidian Vault/Apple Notes/Management meeting 28.09.23 .md,JP Obsidian Vault,Meetings,0.65,keywords=meeting
JP Obsidian Vault/Apple Notes/Managing Project Stakeholders.md,JP Obsidian Vault,Projects,0.73,"keywords=plan,project"
JP Obsidian Vault/Apple Notes/Manchester tech workshop notes march 2025.md,JP Obsidian Vault,Meetings,0.65,keywords=workshop
JP Obsidian Vault/Apple Notes/Manisha.md,JP Obsidian Vault,Reference,0.47,fallback-reference
JP Obsidian Vault/Apple Notes/Manoj.md,JP Obsidian Vault,Reference,0.47,fallback-reference
JP Obsidian Vault/Apple Notes/Manor tragtaschen und hänger.md,JP Obsidian Vault,Reference,0.47,fallback-reference
JP Obsidian Vault/Apple Notes/Marcus.md,JP Obsidian Vault,Customers,0.53,keywords=customer
JP Obsidian Vault/Apple Notes/Mareike.md,JP Obsidian Vault,Reference,0.47,fallback-reference
JP Obsidian Vault/Apple Notes/Mario - 22.01.2021.md,JP Obsidian Vault,Customers,0.53,keywords=customer
JP Obsidian Vault/Apple Notes/Mario 14.06.md,JP Obsidian Vault,Projects,0.53,keywords=plan
JP Obsidian Vault/Apple Notes/Markus.md,JP Obsidian Vault,Reference,0.47,fallback-reference
JP Obsidian Vault/Apple Notes/Mate..md,JP Obsidian Vault,Reference,0.47,fallback-reference
JP Obsidian Vault/Apple Notes/Matthias Willems.md,JP Obsidian Vault,Reference,0.47,fallback-reference
JP Obsidian Vault/Apple Notes/Meeting Nils One CRM nad QT.md,JP Obsidian Vault,Customers,0.53,keywords=crm
JP Obsidian Vault/Apple Notes/Meeting duisburg march 2025.md,JP Obsidian Vault,Meetings,0.65,keywords=meeting
JP Obsidian Vault/Apple Notes/Merly ferry 13th..md,JP Obsidian Vault,Reference,0.47,fallback-reference
JP Obsidian Vault/Apple Notes/Miom cost.md,JP Obsidian Vault,Reference,0.47,fallback-reference
JP Obsidian Vault/Apple Notes/Monthly leadership september 23.md,JP Obsidian Vault,Reference,0.47,fallback-reference
JP Obsidian Vault/Apple Notes/Morning.md,JP Obsidian Vault,Reference,0.47,fallback-reference
JP Obsidian Vault/Apple Notes/Movie list.md,JP Obsidian Vault,Reference,0.47,fallback-reference
JP Obsidian Vault/Apple Notes/Multi Quote to start with.md,JP Obsidian Vault,Projects,0.53,keywords=delivery
JP Obsidian Vault/Apple Notes/My health data.md,JP Obsidian Vault,Personal,0.65,keywords=health
JP Obsidian Vault/Apple Notes/Mättliweg 14.md,JP Obsidian Vault,Reference,0.47,fallback-reference
JP Obsidian Vault/Apple Notes/Müller.md,JP Obsidian Vault,Reference,0.47,fallback-reference
JP Obsidian Vault/Apple Notes/N.md,JP Obsidian Vault,Reference,0.47,fallback-reference
JP Obsidian Vault/Apple Notes/NEO OPS.md,JP Obsidian Vault,Reference,0.47,fallback-reference
JP Obsidian Vault/Apple Notes/Nectarinen.md,JP Obsidian Vault,Reference,0.47,fallback-reference
JP Obsidian Vault/Apple Notes/Neu Traktandum 2.md,JP Obsidian Vault,Reference,0.47,fallback-reference
JP Obsidian Vault/Apple Notes/New Note.md,JP Obsidian Vault,Reference,0.47,fallback-reference
JP Obsidian Vault/Apple Notes/New Recording.md,JP Obsidian Vault,Reference,0.47,fallback-reference
JP Obsidian Vault/Apple Notes/Next PCC.md,JP Obsidian Vault,Projects,0.65,keywords=launch
JP Obsidian Vault/Apple Notes/Notes axa fleet.md,JP Obsidian Vault,Customers,0.65,keywords=customer
JP Obsidian Vault/Apple Notes/Novisad Hamburg.md,JP Obsidian Vault,Reference,0.47,fallback-reference
JP Obsidian Vault/Apple Notes/Nur vor gemeinde rat.md,JP Obsidian Vault,Reference,0.47,fallback-reference
JP Obsidian Vault/Apple Notes/O1-mus-11.09.md,JP Obsidian Vault,Reference,0.47,fallback-reference
JP Obsidian Vault/Apple Notes/OCD Discussion.md,JP Obsidian Vault,Reference,0.47,fallback-reference
JP Obsidian Vault/Apple Notes/OPM Responsibilities.md,JP Obsidian Vault,Meetings,0.93,"keywords=agenda,meeting,workshop"
JP Obsidian Vault/Apple Notes/OPS X.md,JP Obsidian Vault,Customers,0.61,"keywords=account,customer"
JP Obsidian Vault/Apple Notes/OPSX Meeting - CW1-CR2.md,JP Obsidian Vault,Customers,0.53,keywords=customer
JP Obsidian Vault/Apple Notes/Oam.md,JP Obsidian Vault,Customers,0.65,keywords=customer
JP Obsidian Vault/Apple Notes/Old & Admin/1A MBA RKC/1A.2 OB Introduction/(Do tests!)3 Individual Differences.md,JP Obsidian Vault,Reference,0.47,fallback-reference
JP Obsidian Vault/Apple Notes/Old & Admin/1A MBA RKC/1A.2 OB Introduction/(Ok) 1 DecisionMaking.md,JP Obsidian Vault,Reference,0.47,fallback-reference
JP Obsidian Vault/Apple Notes/Old & Admin/1A MBA RKC/1A.2 OB Introduction/(Ok)2 Groups and Teams.md,JP Obsidian Vault,Reference,0.47,fallback-reference
JP Obsidian Vault/Apple Notes/Old & Admin/1A MBA RKC/1A.2 OB Introduction/(Ok)Managing Multicultural Teams continue on last page.md,JP Obsidian Vault,Reference,0.47,fallback-reference
JP Obsidian Vault/Apple Notes/Old & Admin/1A MBA RKC/1A.2 OB Introduction/(Ok)Module Discriptor.md,JP Obsidian Vault,Reference,0.47,fallback-reference
JP Obsidian Vault/Apple Notes/Old & Admin/1A MBA RKC/1A.2 OB Introduction/HBR (Harvard) Making Business Decision.md,JP Obsidian Vault,Reference,0.47,fallback-reference
JP Obsidian Vault/Apple Notes/Old & Admin/1A MBA RKC/1A.2 OB Introduction/Module 1 Intro Organisational Behaviour.md,JP Obsidian Vault,Reference,0.47,fallback-reference
JP Obsidian Vault/Apple Notes/Old & Admin/1A MBA RKC/1A.2 OB Introduction/Personality Test.md,JP Obsidian Vault,Reference,0.47,fallback-reference
JP Obsidian Vault/Apple Notes/Old & Admin/1A MBA RKC/1AA.1 Introduction/Academic Regulations Cambria (link).md,JP Obsidian Vault,Reference,0.65,keywords=guide
JP Obsidian Vault/Apple Notes/Old & Admin/1A MBA RKC/1AA.1 Introduction/Academic writing.md,JP Obsidian Vault,Reference,0.47,fallback-reference
JP Obsidian Vault/Apple Notes/Old & Admin/1A MBA RKC/1AA.1 Introduction/Cambria Login (Apps).md,JP Obsidian Vault,Reference,0.47,fallback-reference
JP Obsidian Vault/Apple Notes/Old & Admin/1A MBA RKC/1AA.1 Introduction/Feedback Analysis Dezember 2019.md,JP Obsidian Vault,Reference,0.47,fallback-reference
JP Obsidian Vault/Apple Notes/Old & Admin/1A MBA RKC/1AA.1 Introduction/Malpractise and Plagiarism (tools).md,JP Obsidian Vault,Personal,0.53,keywords=life
JP Obsidian Vault/Apple Notes/Old & Admin/1A MBA RKC/1AA.1 Introduction/Managing one self (HBR).md,JP Obsidian Vault,Reference,0.47,fallback-reference
JP Obsidian Vault/Apple Notes/Old & Admin/1A MBA RKC/1AA.1 Introduction/Program Handbook RKC.md,JP Obsidian Vault,Projects,0.53,keywords=project
JP Obsidian Vault/Apple Notes/Old & Admin/1A MBA RKC/1AA.1 Introduction/To Do’s.md,JP Obsidian Vault,Reference,0.47,fallback-reference
JP Obsidian Vault/Apple Notes/Old & Admin/1A MBA RKC/1B EDX/Accounting Essentials Royal London University/Accounting Glossary.md,JP Obsidian Vault,Customers,0.53,keywords=account
JP Obsidian Vault/Apple Notes/Old & Admin/1A MBA RKC/1B EDX/Accounting Essentials Royal London University/Excels.md,JP Obsidian Vault,Reference,0.47,fallback-reference
JP Obsidian Vault/Apple Notes/Old & Admin/1A MBA RKC/1B EDX/Accounting Essentials Royal London University/Key Learning Points- Topic 1 What is Accounting.md,JP Obsidian Vault,Reference,0.47,fallback-reference
JP Obsidian Vault/Apple Notes/Old & Admin/1A MBA RKC/1B EDX/Accounting Essentials Royal London University/Measuring Wealth Topic 2.md,JP Obsidian Vault,Reference,0.47,fallback-reference
JP Obsidian Vault/Apple Notes/Old & Admin/1A MBA RKC/1B EDX/Accounting Essentials Royal London University/What is Accounting Topic 1Accounting.md,JP Obsidian Vault,Reference,0.47,fallback-reference
JP Obsidian Vault/Apple Notes/Old & Admin/1A MBA RKC/1B EDX/Agile Leadership Principels EDX Maryland/Agile Principel Course EDX.md,JP Obsidian Vault,Reference,0.47,fallback-reference
JP Obsidian Vault/Apple Notes/Old & Admin/1A MBA RKC/1B EDX/Agile Leadership Principels EDX Maryland/Week 2.md,JP Obsidian Vault,Reference,0.47,fallback-reference
JP Obsidian Vault/Apple Notes/Old & Admin/1A MBA RKC/1B EDX/Agile Leadership Principels EDX Maryland/Week 3.md,JP Obsidian Vault,Reference,0.47,fallback-reference
JP Obsidian Vault/Apple Notes/Old & Admin/1A MBA RKC/1B EDX/CS50s Harvard/CS 50 Computational Thinking.md,JP Obsidian Vault,Customers,0.53,keywords=customer
JP Obsidian Vault/Apple Notes/Old & Admin/1A MBA RKC/1B EDX/CS50s Harvard/Internet Technologies.md,JP Obsidian Vault,DPWorld,0.85,"keywords=port,terminal"
JP Obsidian Vault/Apple Notes/Old & Admin/1A MBA RKC/1B EDX/CS50s Harvard/Programming Languages.md,JP Obsidian Vault,Meetings,0.65,keywords=minutes
JP Obsidian Vault/Apple Notes/Old & Admin/1A MBA RKC/1B EDX/CS50s Harvard/Web Development.md,JP Obsidian Vault,DPWorld,0.65,keywords=terminal
JP Obsidian Vault/Apple Notes/Old & Admin/1A MBA RKC/1B EDX/Critical Thinking EDX RIT/1 Critical Thinking Course EDX.md,JP Obsidian Vault,Reference,0.47,fallback-reference
JP Obsidian Vault/Apple Notes/Old & Admin/1A MBA RKC/1B EDX/Critical Thinking EDX RIT/2 Hand notes.md,JP Obsidian Vault,Reference,0.47,fallback-reference
JP Obsidian Vault/Apple Notes/Old & Admin/1A MBA RKC/1B EDX/Critical Thinking EDX RIT/3 hand notes.md,JP Obsidian Vault,Reference,0.47,fallback-reference
JP Obsidian Vault/Apple Notes/Old & Admin/1A MBA RKC/1B EDX/Critical Thinking EDX RIT/9 Thinking Behaviors....md,JP Obsidian Vault,Ideas,0.65,keywords=idea
JP Obsidian Vault/Apple Notes/Old & Admin/1A MBA RKC/1B EDX/Critical Thinking EDX RIT/Defining Problems The Most Important Business Skill You've Never….md,JP Obsidian Vault,Customers,0.53,keywords=client
JP Obsidian Vault/Apple Notes/Old & Admin/1A MBA RKC/1B EDX/Critical Thinking EDX RIT/Mike’s 5 ways to improve critical thinking.md,JP Obsidian Vault,Reference,0.47,fallback-reference
JP Obsidian Vault/Apple Notes/Old & Admin/1A MBA RKC/1B EDX/Critical Thinking EDX RIT/Mike’s Ways to Deploy Creative Thinking in the Moment.md,JP Obsidian Vault,Reference,0.47,fallback-reference
JP Obsidian Vault/Apple Notes/Old & Admin/1A MBA RKC/1B EDX/Critical Thinking EDX RIT/Mike’s ways to work on Creative Thinking When You Have More Time.md,JP Obsidian Vault,Reference,0.47,fallback-reference
JP Obsidian Vault/Apple Notes/Old & Admin/1A MBA RKC/1B EDX/Critical Thinking EDX RIT/The 6 types of socratic questions.md,JP Obsidian Vault,Reference,0.47,fallback-reference
JP Obsidian Vault/Apple Notes/Old & Admin/1A MBA RKC/1B EDX/Critical Thinking EDX RIT/ToolsCollaborativeProblemSolving.md,JP Obsidian Vault,Reference,0.65,keywords=guide
JP Obsidian Vault/Apple Notes/Old & Admin/1A MBA RKC/1B EDX/Critical Thinking EDX RIT/Top Barriers to Critical Thinking.md,JP Obsidian Vault,Ideas,0.65,keywords=idea
JP Obsidian Vault/Apple Notes/Old & Admin/1A MBA RKC/1B EDX/Critical Thinking EDX RIT/Ultimate cheatsheet for critical thinking.md,JP Obsidian Vault,Reference,0.47,fallback-reference
JP Obsidian Vault/Apple Notes/Old & Admin/1A MBA RKC/1B EDX/Dark Matter/Das ________________ I 2'S r. _________ Basel.md,JP Obsidian Vault,Reference,0.47,fallback-reference
JP Obsidian Vault/Apple Notes/Old & Admin/1A MBA RKC/1B EDX/HBR's & Other reads/Curiosity Is as Important as Intelligence.md,JP Obsidian Vault,Ideas,0.53,keywords=idea
JP Obsidian Vault/Apple Notes/Old & Admin/1A MBA RKC/1B EDX/HBR's & Other reads/The Creative Dividend.md,JP Obsidian Vault,Reference,0.47,fallback-reference
JP Obsidian Vault/Apple Notes/Old & Admin/1A MBA RKC/1B EDX/HBR's & Other reads/Why Curiosity Matters.md,JP Obsidian Vault,Personal,0.73,"keywords=health,life"
JP Obsidian Vault/Apple Notes/Old & Admin/1A MBA RKC/Administration Office Email (20.12.2019).md,JP Obsidian Vault,Customers,0.53,keywords=account
JP Obsidian Vault/Apple Notes/Old & Admin/1A MBA RKC/Assessments Style and Templates.md,JP Obsidian Vault,Reference,0.47,fallback-reference
JP Obsidian Vault/Apple Notes/Old & Admin/1A MBA RKC/IM Units/Ideas for conclusion.md,JP Obsidian Vault,Reference,0.47,fallback-reference
JP Obsidian Vault/Apple Notes/Old & Admin/1A MBA RKC/IM Units/Literature Review/Done.md,JP Obsidian Vault,Customers,0.61,"keywords=customer,stakeholder"
JP Obsidian Vault/Apple Notes/Old & Admin/1A MBA RKC/IM Units/Literature Review/Introduction (Old for backup and drawing).md,JP Obsidian Vault,Reference,0.47,fallback-reference
JP Obsidian Vault/Apple Notes/Old & Admin/1A MBA RKC/IM Units/Mendeley Biblography.md,JP Obsidian Vault,Reference,0.47,fallback-reference
JP Obsidian Vault/Apple Notes/Old & Admin/1A MBA RKC/IM Units/Question to Alex.md,JP Obsidian Vault,Ideas,0.53,keywords=concept
JP Obsidian Vault/Apple Notes/Old & Admin/1A MBA RKC/IM Units/Questions to Prof.md,JP Obsidian Vault,Meetings,0.65,keywords=meeting
JP Obsidian Vault/Apple Notes/Old & Admin/1A MBA RKC/IM Units/To Do Paper.md,JP Obsidian Vault,Projects,0.53,keywords=project
JP Obsidian Vault/Apple Notes/Old & Admin/1A MBA RKC/IM Units/Unit 1 Understanding and Managing Successful Information Systems/Artikels and Reading.md,JP Obsidian Vault,Reference,0.47,fallback-reference
JP Obsidian Vault/Apple Notes/Old & Admin/1A MBA RKC/IM Units/Unit 1 Understanding and Managing Successful Information Systems/Assessment 1.md,JP Obsidian Vault,Customers,0.73,"keywords=customer,stakeholder"
JP Obsidian Vault/Apple Notes/Old & Admin/1A MBA RKC/IM Units/Unit 1 Understanding and Managing Successful Information Systems/Assessment Paper.md,JP Obsidian Vault,Reference,0.47,fallback-reference
JP Obsidian Vault/Apple Notes/Old & Admin/1A MBA RKC/IM Units/Unit 1 Understanding and Managing Successful Information Systems/Introduction to Information Management Systems.md,JP Obsidian Vault,AI,0.85,"keywords=ai,model"
JP Obsidian Vault/Apple Notes/Old & Admin/1A MBA RKC/IM Units/Unit 1 Understanding and Managing Successful Information Systems/Literature review security and governance.md,JP Obsidian Vault,Reference,0.47,fallback-reference
JP Obsidian Vault/Apple Notes/Old & Admin/1A MBA RKC/IM Units/Unit 2 Mgt Anl Information/Articles & Presentations to Read.md,JP Obsidian Vault,Reference,0.47,fallback-reference
JP Obsidian Vault/Apple Notes/Old & Admin/1A MBA RKC/IM Units/Unit 2 Mgt Anl Information/Introduction Managing and Analysing Information.md,JP Obsidian Vault,Customers,0.85,"keywords=client,customer"
JP Obsidian Vault/Apple Notes/Old & Admin/1A MBA RKC/IM Units/Unit 2 Mgt Anl Information/Preparing for Assignment.md,JP Obsidian Vault,Personal,0.65,keywords=life
JP Obsidian Vault/Apple Notes/Old & Admin/1A MBA RKC/Mofule list and registration.md,JP Obsidian Vault,Projects,0.53,keywords=plan
JP Obsidian Vault/Apple Notes/Old & Admin/1A MBA RKC/OB UNITS/Unit 1 Leadership (OB)/(Done) Presentations to Read.md,JP Obsidian Vault,Reference,0.47,fallback-reference
JP Obsidian Vault/Apple Notes/Old & Admin/1A MBA RKC/OB UNITS/Unit 1 Leadership (OB)/Articles to Read.md,JP Obsidian Vault,Meetings,0.65,keywords=standup
JP Obsidian Vault/Apple Notes/Old & Admin/1A MBA RKC/OB UNITS/Unit 1 Leadership (OB)/Build a Team Checklist.md,JP Obsidian Vault,Reference,0.47,fallback-reference
JP Obsidian Vault/Apple Notes/Old & Admin/1A MBA RKC/OB UNITS/Unit 1 Leadership (OB)/Leadership.md,JP Obsidian Vault,Reference,0.47,fallback-reference
JP Obsidian Vault/Apple Notes/Old & Admin/1A MBA RKC/OB UNITS/Unit 1 Leadership (OB)/Personality Test.md,JP Obsidian Vault,Personal,0.65,keywords=life
JP Obsidian Vault/Apple Notes/Old & Admin/1A MBA RKC/OB UNITS/Unit 1 Leadership (OB)/Self awareness.md,JP Obsidian Vault,Reference,0.47,fallback-reference
JP Obsidian Vault/Apple Notes/Old & Admin/1A MBA RKC/OB UNITS/Unit 2 Structure change Sustainability (OB)/Articles.md,JP Obsidian Vault,Reference,0.47,fallback-reference
JP Obsidian Vault/Apple Notes/Old & Admin/1A MBA RKC/OB UNITS/Unit 2 Structure change Sustainability (OB)/Interim Assessment.md,JP Obsidian Vault,Reference,0.47,fallback-reference
JP Obsidian Vault/Apple Notes/Old & Admin/1A MBA RKC/OB UNITS/Unit 2 Structure change Sustainability (OB)/PWTs and.md,JP Obsidian Vault,Reference,0.47,fallback-reference
JP Obsidian Vault/Apple Notes/Old & Admin/1A MBA RKC/OB UNITS/Unit 3 Corporate Culture/A life lesson I learned Value cultural fit over skill.md,JP Obsidian Vault,Personal,0.53,keywords=life
JP Obsidian Vault/Apple Notes/Old & Admin/1A MBA RKC/OB UNITS/Unit 3 Corporate Culture/Article to Read.md,JP Obsidian Vault,Reference,0.47,fallback-reference
JP Obsidian Vault/Apple Notes/Old & Admin/1A MBA RKC/OB UNITS/Unit 4 Motivation/Articles to Read.md,JP Obsidian Vault,Reference,0.47,fallback-reference
JP Obsidian Vault/Apple Notes/Old & Admin/1A MBA RKC/OB UNITS/Unit 4 Motivation/August The Boardinghouse.md,JP Obsidian Vault,Reference,0.47,fallback-reference
JP Obsidian Vault/Apple Notes/Old & Admin/1A MBA RKC/OB UNITS/Unit 4 Motivation/Presentations.md,JP Obsidian Vault,Reference,0.47,fallback-reference
JP Obsidian Vault/Apple Notes/Old & Admin/1A MBA RKC/OB UNITS/Unit 5 Human Capital & Communication/Articles to Read.md,JP Obsidian Vault,Reference,0.47,fallback-reference
JP Obsidian Vault/Apple Notes/Old & Admin/1A MBA RKC/OB UNITS/Unit 5 Human Capital & Communication/Presentations.md,JP Obsidian Vault,Reference,0.47,fallback-reference
JP Obsidian Vault/Apple Notes/Old & Admin/1A MBA RKC/OB UNITS/Unit 6 Prejudice in Organizations/Articles to Rad.md,JP Obsidian Vault,Reference,0.47,fallback-reference
JP Obsidian Vault/Apple Notes/Old & Admin/1A MBA RKC/Questions.md,JP Obsidian Vault,Reference,0.47,fallback-reference
"JP Obsidian Vault/Apple Notes/Old & Admin/1A MBA RKC/UN Ethis, Responability and Sustainability/Unit 1 Pre-Residency Materials/About.md",JP Obsidian Vault,Personal,0.53,keywords=life
"JP Obsidian Vault/Apple Notes/Old & Admin/1A MBA RKC/UN Ethis, Responability and Sustainability/Unit 1 Pre-Residency Materials/Introduction to Module.md",JP Obsidian Vault,Personal,0.65,keywords=life
"JP Obsidian Vault/Apple Notes/Old & Admin/1A MBA RKC/UN Ethis, Responability and Sustainability/Unit 1 Pre-Residency Materials/Readings Articles.md",JP Obsidian Vault,Personal,0.99,"keywords=family,journal,life,personal"
"JP Obsidian Vault/Apple Notes/Old & Admin/1A MBA RKC/UN Ethis, Responability and Sustainability/Unit 1 Pre-Residency Materials/Sitzung Heizung.md",JP Obsidian Vault,AI,0.65,keywords=model
"JP Obsidian Vault/Apple Notes/Old & Admin/1A MBA RKC/UN Ethis, Responability and Sustainability/Unit 2 Online/2.1.md",JP Obsidian Vault,Reference,0.47,fallback-reference
"JP Obsidian Vault/Apple Notes/Old & Admin/1A MBA RKC/UN Ethis, Responability and Sustainability/Unit 2 Online/2.2.md",JP Obsidian Vault,Reference,0.47,fallback-reference
"JP Obsidian Vault/Apple Notes/Old & Admin/1A MBA RKC/UN Ethis, Responability and Sustainability/Unit 2 Online/Assessment 1.md",JP Obsidian Vault,Ideas,0.73,"keywords=concept,draft"
"JP Obsidian Vault/Apple Notes/Old & Admin/1A MBA RKC/UN Ethis, Responability and Sustainability/Unit 2 Online/Assessment Formation.md",JP Obsidian Vault,Customers,0.53,keywords=stakeholder
"JP Obsidian Vault/Apple Notes/Old & Admin/1A MBA RKC/UN Ethis, Responability and Sustainability/Unit 2 Online/Editable Template.md",JP Obsidian Vault,Reference,0.47,fallback-reference
"JP Obsidian Vault/Apple Notes/Old & Admin/1A MBA RKC/UN Ethis, Responability and Sustainability/Unit 2 Online/Plan how to do it.md",JP Obsidian Vault,Projects,0.65,keywords=plan
"JP Obsidian Vault/Apple Notes/Old & Admin/1A MBA RKC/UN Ethis, Responability and Sustainability/Unit 2 Online/Unit Reads.md",JP Obsidian Vault,Reference,0.47,fallback-reference
"JP Obsidian Vault/Apple Notes/Old & Admin/1A MBA RKC/UN Ethis, Responability and Sustainability/Unit 3 EBP Partn-Leader/3.0 Excersizes.md",JP Obsidian Vault,Customers,0.53,keywords=stakeholder
"JP Obsidian Vault/Apple Notes/Old & Admin/1A MBA RKC/UN Ethis, Responability and Sustainability/Unit 3 EBP Partn-Leader/Ackroyd & Harvey Beuys', 2007, Acorns, onwards mixed media. Courtesy….md",JP Obsidian Vault,Personal,0.99,"keywords=journal,life,personal"
"JP Obsidian Vault/Apple Notes/Old & Admin/1A MBA RKC/UN Ethis, Responability and Sustainability/Unit 3 EBP Partn-Leader/Excersizes.md",JP Obsidian Vault,Customers,0.53,keywords=customer
"JP Obsidian Vault/Apple Notes/Old & Admin/1A MBA RKC/UN Ethis, Responability and Sustainability/Unit 3 EBP Partn-Leader/Question to Prof Williams.md",JP Obsidian Vault,Reference,0.65,keywords=reference
JP Obsidian Vault/Apple Notes/Old & Admin/Agility Notes/1A Important Knowhow/Anthony/1. Inter Personal - Gracefull.md,JP Obsidian Vault,Personal,0.65,keywords=personal
JP Obsidian Vault/Apple Notes/Old & Admin/Agility Notes/1A Important Knowhow/Anthony/1.1 Interpersonal.md,JP Obsidian Vault,Reference,0.47,fallback-reference
JP Obsidian Vault/Apple Notes/Old & Admin/Agility Notes/1A Important Knowhow/Anthony/1.3 Interpersonal (Writing - Speaking Techniques).md,JP Obsidian Vault,Reference,0.47,fallback-reference
JP Obsidian Vault/Apple Notes/Old & Admin/Agility Notes/1A Important Knowhow/Anthony/1.4 Interpersonal (Summary).md,JP Obsidian Vault,Reference,0.47,fallback-reference
JP Obsidian Vault/Apple Notes/Old & Admin/Agility Notes/1A Important Knowhow/Anthony/2. Emotional.md,JP Obsidian Vault,Reference,0.47,fallback-reference
JP Obsidian Vault/Apple Notes/Old & Admin/Agility Notes/1A Important Knowhow/Anthony/2.2 Emotional Enhancing Self Esteem.md,JP Obsidian Vault,Reference,0.47,fallback-reference
JP Obsidian Vault/Apple Notes/Old & Admin/Agility Notes/1A Important Knowhow/Anthony/2.3 Emotional how to view error and receive feedbac effectively….md,JP Obsidian Vault,Reference,0.47,fallback-reference
JP Obsidian Vault/Apple Notes/Old & Admin/Agility Notes/1A Important Knowhow/Anthony/2.4 Emotional (Summary).md,JP Obsidian Vault,Reference,0.47,fallback-reference
JP Obsidian Vault/Apple Notes/Old & Admin/Agility Notes/1A Important Knowhow/Anthony/3. Intelectual  developmental steps to take toward being more flexible….md,JP Obsidian Vault,Reference,0.47,fallback-reference
JP Obsidian Vault/Apple Notes/Old & Admin/Agility Notes/1A Important Knowhow/Anthony/3.1 Intellectual One's conceptual Ability think how you think….md,JP Obsidian Vault,Reference,0.47,fallback-reference
JP Obsidian Vault/Apple Notes/Old & Admin/Agility Notes/1A Important Knowhow/Anthony/3.2 Intellectual Management Continouse Thinking Patterns.md,JP Obsidian Vault,Reference,0.47,fallback-reference
JP Obsidian Vault/Apple Notes/Old & Admin/Agility Notes/1A Important Knowhow/Anthony/4. Management The Management Process.md,JP Obsidian Vault,Reference,0.47,fallback-reference
JP Obsidian Vault/Apple Notes/Old & Admin/Agility Notes/1A Important Knowhow/Anthony/4.1 Management What to do as a Coach.md,JP Obsidian Vault,Reference,0.47,fallback-reference
JP Obsidian Vault/Apple Notes/Old & Admin/Agility Notes/1A Important Knowhow/Anthony/4.2 Managment Holding people accountable.md,JP Obsidian Vault,Reference,0.47,fallback-reference
JP Obsidian Vault/Apple Notes/Old & Admin/Agility Notes/1A Important Knowhow/Anthony/Summary.md,JP Obsidian Vault,Reference,0.47,fallback-reference
JP Obsidian Vault/Apple Notes/Old & Admin/Agility Notes/1A Important Knowhow/Career Planning Role Progression.md,JP Obsidian Vault,Customers,0.53,keywords=stakeholder
JP Obsidian Vault/Apple Notes/Old & Admin/Agility Notes/1A Important Knowhow/FW Word Map....md,JP Obsidian Vault,Personal,0.65,keywords=family
JP Obsidian Vault/Apple Notes/Old & Admin/Agility Notes/1A Important Knowhow/Hi TLT –.md,JP Obsidian Vault,Meetings,0.53,keywords=agenda
JP Obsidian Vault/Apple Notes/Old & Admin/Agility Notes/1A Important Knowhow/Probing Questions.md,JP Obsidian Vault,Customers,0.65,keywords=account
JP Obsidian Vault/Apple Notes/Old & Admin/Agility Notes/1A Important Knowhow/Say it with Charts - taking to next Level - Communication.md,JP Obsidian Vault,Reference,0.47,fallback-reference
JP Obsidian Vault/Apple Notes/Old & Admin/Agility Notes/1A Important Knowhow/Sources of Confusion Repeatable Framework.md,JP Obsidian Vault,DPWorld,0.65,keywords=logistics
JP Obsidian Vault/Apple Notes/Old & Admin/Agility Notes/1A Important Knowhow/Untitled note.md,JP Obsidian Vault,Reference,0.47,fallback-reference
JP Obsidian Vault/Apple Notes/Old & Admin/Agility Notes/1A Important Knowhow/http--www.agileprojectmanagementtraining.com-one-year-access-.md,JP Obsidian Vault,Customers,0.53,keywords=customer
JP Obsidian Vault/Apple Notes/Old & Admin/Agility Notes/Colocation/COLO 11 Planning.md,JP Obsidian Vault,Reference,0.65,keywords=documentation
JP Obsidian Vault/Apple Notes/Old & Admin/Agility Notes/Colocation/COLO10 Align on PPSAC+ (Basel) 04.08.2014.md,JP Obsidian Vault,Projects,0.73,"keywords=plan,project"
JP Obsidian Vault/Apple Notes/Old & Admin/Agility Notes/Colocation/COLO10 Policy Group Discussion - 05.08.2014.md,JP Obsidian Vault,Reference,0.47,fallback-reference
JP Obsidian Vault/Apple Notes/Old & Admin/Agility Notes/Colocation/COLO8 - SSC for Rate Upload etc.md,JP Obsidian Vault,Meetings,0.65,keywords=meeting
JP Obsidian Vault/Apple Notes/Old & Admin/Agility Notes/Colocation/COLO8 Agenda Planning - v10 0 - May 14 2014.xlsx.md,JP Obsidian Vault,Meetings,0.53,keywords=agenda
JP Obsidian Vault/Apple Notes/Old & Admin/Agility Notes/Colocation/COLO8 FOCiS Framework Discussion.md,JP Obsidian Vault,Personal,0.65,keywords=family
JP Obsidian Vault/Apple Notes/Old & Admin/Agility Notes/Colocation/COLO8 IOP-COP (DXB).md,JP Obsidian Vault,Reference,0.47,fallback-reference
JP Obsidian Vault/Apple Notes/Old & Admin/Agility Notes/Colocation/COLO8 MDM Governance Discussion (DXB).md,JP Obsidian Vault,Customers,0.73,"keywords=customer,stakeholder"
JP Obsidian Vault/Apple Notes/Old & Admin/Agility Notes/Colocation/COLO8 Policy Discussion Global Standard Departmens.md,JP Obsidian Vault,Ideas,0.65,keywords=idea
JP Obsidian Vault/Apple Notes/Old & Admin/Agility Notes/Colocation/COLO8 Policy Group (DXB).md,JP Obsidian Vault,Reference,0.65,keywords=manual
JP Obsidian Vault/Apple Notes/Old & Admin/Agility Notes/Colocation/COLO8 QM 2.0 Requierments.md,JP Obsidian Vault,Customers,0.65,keywords=stakeholder
JP Obsidian Vault/Apple Notes/Old & Admin/Agility Notes/Colocation/COLO8 Roles Discussion (DXB).md,JP Obsidian Vault,Projects,0.73,"keywords=plan,project"
JP Obsidian Vault/Apple Notes/Old & Admin/Agility Notes/Colocation/COLO8 SMDM Update (DXB).md,JP Obsidian Vault,Customers,0.53,keywords=stakeholder
JP Obsidian Vault/Apple Notes/Old & Admin/Agility Notes/Colocation/COLO8 Singel Job Concept (DXB).md,JP Obsidian Vault,Ideas,0.73,"keywords=concept,idea"
JP Obsidian Vault/Apple Notes/Old & Admin/Agility Notes/Colocation/COLO8 Stakeholder Contracts (DXB).md,JP Obsidian Vault,Customers,0.85,"keywords=client,stakeholder"
JP Obsidian Vault/Apple Notes/Old & Admin/Agility Notes/Colocation/COLO9 Alerts & Notifications - (Baar).md,JP Obsidian Vault,Ideas,0.53,keywords=concept
"JP Obsidian Vault/Apple Notes/Old & Admin/Agility Notes/Colocation/Co-Lo 10 - Basel, Aug 4-8 - daily agenda & basic logistics.md",JP Obsidian Vault,Meetings,0.53,keywords=agenda
"JP Obsidian Vault/Apple Notes/Old & Admin/Agility Notes/Colocation/Co-Lo 11 Agenda Planning - v7.5 - Sep 8, 2014.xlsm.md",JP Obsidian Vault,Meetings,0.65,keywords=agenda
"JP Obsidian Vault/Apple Notes/Old & Admin/Agility Notes/Colocation/Co-Lo 12 Agenda Planning - v2.0 - Oct 3, 2014.xlsm.md",JP Obsidian Vault,Meetings,0.53,keywords=agenda
JP Obsidian Vault/Apple Notes/Old & Admin/Agility Notes/Colocation/Co-Lo 9 Agenda Planning - v4 - Jun 4 2014.xlsm.md,JP Obsidian Vault,Meetings,0.65,keywords=agenda
JP Obsidian Vault/Apple Notes/Old & Admin/Agility Notes/Colocation/Credit Control - COLO10 - Lunch Meeting.md,JP Obsidian Vault,Customers,0.73,"keywords=account,customer"
JP Obsidian Vault/Apple Notes/Old & Admin/Agility Notes/Colocation/Note conflict COLO8 QM 2.0 Requierments.md,JP Obsidian Vault,Customers,0.65,keywords=stakeholder
JP Obsidian Vault/Apple Notes/Old & Admin/Agility Notes/Colocation/Notes Colo11.md,JP Obsidian Vault,Reference,0.47,fallback-reference
JP Obsidian Vault/Apple Notes/Old & Admin/Agility Notes/Colocation/Ocean Alignment (Baar) COLO9 - 19-06.2014.md,JP Obsidian Vault,Customers,0.53,keywords=customer
JP Obsidian Vault/Apple Notes/Old & Admin/Agility Notes/Colocation/PPSAC ++ COLO11 Discussion.md,JP Obsidian Vault,Reference,0.47,fallback-reference
JP Obsidian Vault/Apple Notes/Old & Admin/Agility Notes/Colocation/QM Imp Notes COLO10.md,JP Obsidian Vault,Reference,0.47,fallback-reference
JP Obsidian Vault/Apple Notes/Old & Admin/Agility Notes/Colocation/RE Co-Lo 14 - daily agenda - Dec 1-5.md,JP Obsidian Vault,Meetings,0.65,keywords=agenda
JP Obsidian Vault/Apple Notes/Old & Admin/Agility Notes/Colocation/Rate Collection COLO10 (Basel) 07.08.2014.md,JP Obsidian Vault,Reference,0.47,fallback-reference
JP Obsidian Vault/Apple Notes/Old & Admin/Agility Notes/Colocation/SJC Profit Share COLO10 (Basel) 07.08.2014.md,JP Obsidian Vault,Reference,0.47,fallback-reference
JP Obsidian Vault/Apple Notes/Old & Admin/Agility Notes/Colocation/SJC QM Enhancement (June COLO) 19.06.2014.md,JP Obsidian Vault,Customers,0.65,keywords=customer
JP Obsidian Vault/Apple Notes/Old & Admin/Agility Notes/Colocation/Singel Job & Related Topics - COLO9 - Baar.md,JP Obsidian Vault,Reference,0.47,fallback-reference
JP Obsidian Vault/Apple Notes/Old & Admin/Agility Notes/Diverse/(Updated 7.01.15) Call 6th of January (open Actions FOCiS) - Points….md,JP Obsidian Vault,Projects,0.73,"keywords=delivery,project"
JP Obsidian Vault/Apple Notes/Old & Admin/Agility Notes/Diverse/(notes from the call) RE Commercial FX rate requirements for QM.md,JP Obsidian Vault,Customers,0.53,keywords=customer
"JP Obsidian Vault/Apple Notes/Old & Admin/Agility Notes/Diverse/- Promotions - why not bulk when - how, need anything frim me.md",JP Obsidian Vault,Reference,0.47,fallback-reference
JP Obsidian Vault/Apple Notes/Old & Admin/Agility Notes/Diverse/- west of Fort Lauderdale Westin (after everglades (Billy swamp safari….md,JP Obsidian Vault,Reference,0.47,fallback-reference
JP Obsidian Vault/Apple Notes/Old & Admin/Agility Notes/Diverse/1 _ Rolling Work ToDo's.md,JP Obsidian Vault,Meetings,0.61,"keywords=meeting,workshop"
JP Obsidian Vault/Apple Notes/Old & Admin/Agility Notes/Diverse/2nd Technical Workshop BCN (CF Integration).md,JP Obsidian Vault,Meetings,0.73,"keywords=agenda,workshop"
JP Obsidian Vault/Apple Notes/Old & Admin/Agility Notes/Diverse/AES Update (Girish) June STC 2014.md,JP Obsidian Vault,Customers,0.65,keywords=crm
JP Obsidian Vault/Apple Notes/Old & Admin/Agility Notes/Diverse/AW 5 min bitte.md,JP Obsidian Vault,Meetings,0.53,keywords=meeting
JP Obsidian Vault/Apple Notes/Old & Admin/Agility Notes/Diverse/Achievement 2016_v1.3_01.12.2016.pptx.md,JP Obsidian Vault,Reference,0.47,fallback-reference
JP Obsidian Vault/Apple Notes/Old & Admin/Agility Notes/Diverse/Afternoon Day 1.md,JP Obsidian Vault,Customers,0.53,keywords=customer
JP Obsidian Vault/Apple Notes/Old & Admin/Agility Notes/Diverse/Agenda - this weeks meeting.md,JP Obsidian Vault,Meetings,0.73,"keywords=agenda,meeting"
JP Obsidian Vault/Apple Notes/Old & Admin/Agility Notes/Diverse/Agenda 29-30.05. HKG.md,JP Obsidian Vault,Meetings,0.73,"keywords=agenda,workshop"
JP Obsidian Vault/Apple Notes/Old & Admin/Agility Notes/Diverse/Agenda Germany 1 Day QM Intro.md,JP Obsidian Vault,Meetings,0.85,"keywords=agenda,workshop"
JP Obsidian Vault/Apple Notes/Old & Admin/Agility Notes/Diverse/Agenda Input.md,JP Obsidian Vault,Meetings,0.65,keywords=agenda
JP Obsidian Vault/Apple Notes/Old & Admin/Agility Notes/Diverse/Agenda Vorpsiel Sitzung und Protokol draft.md,JP Obsidian Vault,Meetings,0.53,keywords=agenda
JP Obsidian Vault/Apple Notes/Old & Admin/Agility Notes/Diverse/Agenda for Next Week's Team meeting.md,JP Obsidian Vault,Meetings,0.73,"keywords=agenda,meeting"
JP Obsidian Vault/Apple Notes/Old & Admin/Agility Notes/Diverse/Agenda.md,JP Obsidian Vault,Meetings,0.65,keywords=agenda
JP Obsidian Vault/Apple Notes/Old & Admin/Agility Notes/Diverse/Agile Structures and to come.md,JP Obsidian Vault,Reference,0.47,fallback-reference
JP Obsidian Vault/Apple Notes/Old & Admin/Agility Notes/Diverse/Agreements from Co-Lo 6 Basel.md,JP Obsidian Vault,Ideas,0.73,"keywords=concept,draft"
JP Obsidian Vault/Apple Notes/Old & Admin/Agility Notes/Diverse/Air Freight Update (Amjad) STC Baar.md,JP Obsidian Vault,Reference,0.47,fallback-reference
JP Obsidian Vault/Apple Notes/Old & Admin/Agility Notes/Diverse/Airfreight.md,JP Obsidian Vault,Reference,0.47,fallback-reference
JP Obsidian Vault/Apple Notes/Old & Admin/Agility Notes/Diverse/Al preparation for NPC Treshhold call.md,JP Obsidian Vault,Reference,0.47,fallback-reference
JP Obsidian Vault/Apple Notes/Old & Admin/Agility Notes/Diverse/Alignment with Janaki.md,JP Obsidian Vault,Reference,0.47,fallback-reference
JP Obsidian Vault/Apple Notes/Old & Admin/Agility Notes/Diverse/All Data Elements buildign Roles Departments and USC.md,JP Obsidian Vault,Reference,0.47,fallback-reference
JP Obsidian Vault/Apple Notes/Old & Admin/Agility Notes/Diverse/All GIL25 are handled in COE.md,JP Obsidian Vault,Reference,0.47,fallback-reference
JP Obsidian Vault/Apple Notes/Old & Admin/Agility Notes/Diverse/Alpha Beta.md,JP Obsidian Vault,Reference,0.47,fallback-reference
JP Obsidian Vault/Apple Notes/Old & Admin/Agility Notes/Diverse/Anandhan Srinivasan.md,JP Obsidian Vault,Reference,0.47,fallback-reference
JP Obsidian Vault/Apple Notes/Old & Admin/Agility Notes/Diverse/BM Training - Update  Call.md,JP Obsidian Vault,Meetings,0.73,"keywords=agenda,workshop"
JP Obsidian Vault/Apple Notes/Old & Admin/Agility Notes/Diverse/BMX LDP Feedback.md,JP Obsidian Vault,Reference,0.47,fallback-reference
"JP Obsidian Vault/Apple Notes/Old & Admin/Agility Notes/Diverse/BRS's Roles, Departments + new Policy.md",JP Obsidian Vault,Reference,0.47,fallback-reference
JP Obsidian Vault/Apple Notes/Old & Admin/Agility Notes/Diverse/Baar Extended TLTL 21.07.16.md,JP Obsidian Vault,Reference,0.47,fallback-reference
JP Obsidian Vault/Apple Notes/Old & Admin/Agility Notes/Diverse/Bachelor David Moroni.md,JP Obsidian Vault,Reference,0.47,fallback-reference
JP Obsidian Vault/Apple Notes/Old & Admin/Agility Notes/Diverse/Beginners Guide to PPSSAC.md,JP Obsidian Vault,Reference,0.65,keywords=guide
JP Obsidian Vault/Apple Notes/Old & Admin/Agility Notes/Diverse/Beta 1 2 3 slide.md,JP Obsidian Vault,Reference,0.47,fallback-reference
JP Obsidian Vault/Apple Notes/Old & Admin/Agility Notes/Diverse/Betty Wenzel.md,JP Obsidian Vault,Reference,0.47,fallback-reference
JP Obsidian Vault/Apple Notes/Old & Admin/Agility Notes/Diverse/Brain Dump for UE 2.0.md,JP Obsidian Vault,Meetings,0.65,keywords=meeting
JP Obsidian Vault/Apple Notes/Old & Admin/Agility Notes/Diverse/CF Integration Workshop - Meeting Summary.md,JP Obsidian Vault,Meetings,0.73,"keywords=meeting,workshop"
JP Obsidian Vault/Apple Notes/Old & Admin/Agility Notes/Diverse/CONTROL INTEGRATION Workshop Day 1.md,JP Obsidian Vault,Meetings,0.65,keywords=workshop
JP Obsidian Vault/Apple Notes/Old & Admin/Agility Notes/Diverse/CONTROL Integration Workshop Day2.md,JP Obsidian Vault,Meetings,0.65,keywords=workshop
JP Obsidian Vault/Apple Notes/Old & Admin/Agility Notes/Diverse/CS initiative documents.md,JP Obsidian Vault,Projects,0.53,keywords=project
JP Obsidian Vault/Apple Notes/Old & Admin/Agility Notes/Diverse/Call Helen 5.11.md,JP Obsidian Vault,Reference,0.47,fallback-reference
JP Obsidian Vault/Apple Notes/Old & Admin/Agility Notes/Diverse/Call from HYD internal testing with Steve 01.10.2014.md,JP Obsidian Vault,Reference,0.47,fallback-reference
JP Obsidian Vault/Apple Notes/Old & Admin/Agility Notes/Diverse/Canada - Notes on QM Beta update call.md,JP Obsidian Vault,Projects,0.53,keywords=delivery
JP Obsidian Vault/Apple Notes/Old & Admin/Agility Notes/Diverse/Cancel and Delete (CONTROL).md,JP Obsidian Vault,Personal,0.53,keywords=family
JP Obsidian Vault/Apple Notes/Old & Admin/Agility Notes/Diverse/Career.md,JP Obsidian Vault,Reference,0.47,fallback-reference
JP Obsidian Vault/Apple Notes/Old & Admin/Agility Notes/Diverse/Carrier requests with no vessel info.md,JP Obsidian Vault,Projects,0.53,keywords=project
JP Obsidian Vault/Apple Notes/Old & Admin/Agility Notes/Diverse/Catch Up - Ellen.md,JP Obsidian Vault,Customers,0.53,keywords=stakeholder
JP Obsidian Vault/Apple Notes/Old & Admin/Agility Notes/Diverse/Catch Up Meeting Wednesday 14.09.2016.md,JP Obsidian Vault,Meetings,0.81,"keywords=agenda,meeting,workshop"
JP Obsidian Vault/Apple Notes/Old & Admin/Agility Notes/Diverse/Celebrate.md,JP Obsidian Vault,Meetings,0.53,keywords=meeting
JP Obsidian Vault/Apple Notes/Old & Admin/Agility Notes/Diverse/Change of Address.md,JP Obsidian Vault,Personal,0.65,keywords=family
JP Obsidian Vault/Apple Notes/Old & Admin/Agility Notes/Diverse/Chaning Departments.md,JP Obsidian Vault,Personal,0.65,keywords=family
JP Obsidian Vault/Apple Notes/Old & Admin/Agility Notes/Diverse/Chicago QM Implementation workshop.md,JP Obsidian Vault,Meetings,0.65,keywords=workshop
JP Obsidian Vault/Apple Notes/Old & Admin/Agility Notes/Diverse/Commercial FX Rate.md,JP Obsidian Vault,Reference,0.47,fallback-reference
JP Obsidian Vault/Apple Notes/Old & Admin/Agility Notes/Diverse/Comunication to countries.md,JP Obsidian Vault,Reference,0.47,fallback-reference
JP Obsidian Vault/Apple Notes/Old & Admin/Agility Notes/Diverse/Considerations for ORC & to do's..md,JP Obsidian Vault,Reference,0.47,fallback-reference
JP Obsidian Vault/Apple Notes/Old & Admin/Agility Notes/Diverse/Country - Branch Services and Chargecodes.md,JP Obsidian Vault,Customers,0.73,"keywords=account,customer"
JP Obsidian Vault/Apple Notes/Old & Admin/Agility Notes/Diverse/Currency Exchange.md,JP Obsidian Vault,Customers,0.65,keywords=customer
JP Obsidian Vault/Apple Notes/Old & Admin/Agility Notes/Diverse/DEMO Module Skill port.md,JP Obsidian Vault,Projects,0.53,keywords=launch
JP Obsidian Vault/Apple Notes/Old & Admin/Agility Notes/Diverse/Day 1 Chennai.md,JP Obsidian Vault,Projects,0.65,keywords=delivery
JP Obsidian Vault/Apple Notes/Old & Admin/Agility Notes/Diverse/Day 1 TLT (Baar) - 09.06.2014.md,JP Obsidian Vault,Meetings,0.53,keywords=workshop
JP Obsidian Vault/Apple Notes/Old & Admin/Agility Notes/Diverse/Day 2 TLT (Baar) - 10-06.2014.md,JP Obsidian Vault,Projects,0.73,"keywords=plan,project"
JP Obsidian Vault/Apple Notes/Old & Admin/Agility Notes/Diverse/Day 3 Chennai.md,JP Obsidian Vault,Reference,0.47,fallback-reference
JP Obsidian Vault/Apple Notes/Old & Admin/Agility Notes/Diverse/Day 3 Manchester.md,JP Obsidian Vault,Projects,0.53,keywords=plan
JP Obsidian Vault/Apple Notes/Old & Admin/Agility Notes/Diverse/Debrief TOP 3 Issues.md,JP Obsidian Vault,Reference,0.47,fallback-reference
JP Obsidian Vault/Apple Notes/Old & Admin/Agility Notes/Diverse/December 1st targets and next steps.md,JP Obsidian Vault,Customers,0.53,keywords=stakeholder
JP Obsidian Vault/Apple Notes/Old & Admin/Agility Notes/Diverse/Department Discussion (STC Baar June) 13.06.2014.md,JP Obsidian Vault,Customers,0.73,"keywords=customer,stakeholder"
JP Obsidian Vault/Apple Notes/Old & Admin/Agility Notes/Diverse/Departments.ppt.md,JP Obsidian Vault,Reference,0.47,fallback-reference
"JP Obsidian Vault/Apple Notes/Old & Admin/Agility Notes/Diverse/Discussion on next steps on Multilane, NPC View and Reporting.md",JP Obsidian Vault,DPWorld,0.65,keywords=port
JP Obsidian Vault/Apple Notes/Old & Admin/Agility Notes/Diverse/Discussion with Paul (Local Requirements and Pace).md,JP Obsidian Vault,DPWorld,0.65,keywords=port
JP Obsidian Vault/Apple Notes/Old & Admin/Agility Notes/Diverse/Drafts for TLT.md,JP Obsidian Vault,Projects,0.53,keywords=plan
JP Obsidian Vault/Apple Notes/Old & Admin/Agility Notes/Diverse/Drawin Session 1 08.09.2016.md,JP Obsidian Vault,Reference,0.47,fallback-reference
JP Obsidian Vault/Apple Notes/Old & Admin/Agility Notes/Diverse/Drawing Session 2 16.09.2016.md,JP Obsidian Vault,Reference,0.47,fallback-reference
JP Obsidian Vault/Apple Notes/Old & Admin/Agility Notes/Diverse/EBU-A.md,JP Obsidian Vault,Reference,0.47,fallback-reference
JP Obsidian Vault/Apple Notes/Old & Admin/Agility Notes/Diverse/EDI received jobs.md,JP Obsidian Vault,Customers,0.53,keywords=customer
JP Obsidian Vault/Apple Notes/Old & Admin/Agility Notes/Diverse/EMB PWT.ppt.md,JP Obsidian Vault,Ideas,0.65,keywords=draft
JP Obsidian Vault/Apple Notes/Old & Admin/Agility Notes/Diverse/ERM Implementation.md,JP Obsidian Vault,Meetings,0.65,keywords=workshop
JP Obsidian Vault/Apple Notes/Old & Admin/Agility Notes/Diverse/Engagement Plan.md,JP Obsidian Vault,Projects,0.53,keywords=plan
JP Obsidian Vault/Apple Notes/Old & Admin/Agility Notes/Diverse/Enhancement of Department Concept.ppt.md,JP Obsidian Vault,Ideas,0.65,keywords=concept
JP Obsidian Vault/Apple Notes/Old & Admin/Agility Notes/Diverse/Entity USC discussion.md,JP Obsidian Vault,Reference,0.47,fallback-reference
JP Obsidian Vault/Apple Notes/Old & Admin/Agility Notes/Diverse/Entry Level Mgt - Hirings with Dual Degree.md,JP Obsidian Vault,Ideas,0.65,keywords=draft
JP Obsidian Vault/Apple Notes/Old & Admin/Agility Notes/Diverse/Expand User Engagement to 2 new countries that have Oracle.md,JP Obsidian Vault,Projects,0.53,keywords=plan
JP Obsidian Vault/Apple Notes/Old & Admin/Agility Notes/Diverse/FOCiS Academy Call - 25.02.2015.md,JP Obsidian Vault,Meetings,0.61,"keywords=agenda,minutes"
JP Obsidian Vault/Apple Notes/Old & Admin/Agility Notes/Diverse/FOCiS Academy start.md,JP Obsidian Vault,Reference,0.65,keywords=manual
JP Obsidian Vault/Apple Notes/Old & Admin/Agility Notes/Diverse/FOCiS Academy.md,JP Obsidian Vault,Projects,0.65,keywords=plan
JP Obsidian Vault/Apple Notes/Old & Admin/Agility Notes/Diverse/FOCiS Accademy continued --.md,JP Obsidian Vault,Reference,0.47,fallback-reference
JP Obsidian Vault/Apple Notes/Old & Admin/Agility Notes/Diverse/FOCiS Finance MDM - entities updated 05 04 (3).xlsx.md,JP Obsidian Vault,Personal,0.65,keywords=family
JP Obsidian Vault/Apple Notes/Old & Admin/Agility Notes/Diverse/FOCiS QM Europe Kick off call - minutes.md,JP Obsidian Vault,Meetings,0.73,"keywords=meeting,minutes"
JP Obsidian Vault/Apple Notes/Old & Admin/Agility Notes/Diverse/FOCiS Support Structure Plan 2015 - Business Suport Technical Support.md,JP Obsidian Vault,Customers,0.53,keywords=client
JP Obsidian Vault/Apple Notes/Old & Admin/Agility Notes/Diverse/FOCiS functionality - Detailed-mid-high-level overview.md,JP Obsidian Vault,Ideas,0.53,keywords=concept
JP Obsidian Vault/Apple Notes/Old & Admin/Agility Notes/Diverse/FOCiS to CONTROL integration Day 1.md,JP Obsidian Vault,Meetings,0.61,"keywords=meeting,workshop"
JP Obsidian Vault/Apple Notes/Old & Admin/Agility Notes/Diverse/FOCiS to CONTROL integration Day 2.md,JP Obsidian Vault,Customers,0.61,"keywords=client,customer"
JP Obsidian Vault/Apple Notes/Old & Admin/Agility Notes/Diverse/FOCiS to CONTROL integration Day 3.md,JP Obsidian Vault,Customers,0.69,"keywords=account,client,customer"
"JP Obsidian Vault/Apple Notes/Old & Admin/Agility Notes/Diverse/FRA Frankfurt UE Presentation, ORD Chicago UE.md",JP Obsidian Vault,Reference,0.47,fallback-reference
JP Obsidian Vault/Apple Notes/Old & Admin/Agility Notes/Diverse/FW DMS Usage Policy.md,JP Obsidian Vault,Personal,0.65,keywords=family
JP Obsidian Vault/Apple Notes/Old & Admin/Agility Notes/Diverse/FW For our call today Imp Sequencing & Uk Ressource.md,JP Obsidian Vault,Personal,0.65,keywords=family
JP Obsidian Vault/Apple Notes/Old & Admin/Agility Notes/Diverse/FW Local Requirements - Notes.md,JP Obsidian Vault,Personal,0.53,keywords=family
JP Obsidian Vault/Apple Notes/Old & Admin/Agility Notes/Diverse/FW Missing rate logic.md,JP Obsidian Vault,Personal,0.65,keywords=family
JP Obsidian Vault/Apple Notes/Old & Admin/Agility Notes/Diverse/FW NPC Workflow steps Ocean V3.2.xlsx.md,JP Obsidian Vault,Personal,0.65,keywords=family
"JP Obsidian Vault/Apple Notes/Old & Admin/Agility Notes/Diverse/FW OF Implementation Strategy - Mental Model - v1.0 - Dec 15, 2015….md",JP Obsidian Vault,Personal,0.53,keywords=family
JP Obsidian Vault/Apple Notes/Old & Admin/Agility Notes/Diverse/FW QM Live Service Name & Charge Name.md,JP Obsidian Vault,Personal,0.65,keywords=family
JP Obsidian Vault/Apple Notes/Old & Admin/Agility Notes/Diverse/FW Scope s-sheet.md,JP Obsidian Vault,Personal,0.65,keywords=family
JP Obsidian Vault/Apple Notes/Old & Admin/Agility Notes/Diverse/FW SoS Topic - Corp - regional Entities and or departments with….md,JP Obsidian Vault,Meetings,0.53,keywords=workshop
"JP Obsidian Vault/Apple Notes/Old & Admin/Agility Notes/Diverse/FW U.S. Branch Manager Development Workshop - July 15-17, 2014.md",JP Obsidian Vault,Meetings,0.93,"keywords=agenda,meeting,workshop"
JP Obsidian Vault/Apple Notes/Old & Admin/Agility Notes/Diverse/Fact Sheet - compleet booklet.md,JP Obsidian Vault,Reference,0.47,fallback-reference
JP Obsidian Vault/Apple Notes/Old & Admin/Agility Notes/Diverse/Finance Change Management Workshop_v1.3_02.08.2017.pptx.md,JP Obsidian Vault,Reference,0.47,fallback-reference
JP Obsidian Vault/Apple Notes/Old & Admin/Agility Notes/Diverse/Findings from User Training in CA.md,JP Obsidian Vault,Projects,0.65,keywords=delivery
JP Obsidian Vault/Apple Notes/Old & Admin/Agility Notes/Diverse/Finish Line Call 26.09.md,JP Obsidian Vault,Ideas,0.65,keywords=concept
JP Obsidian Vault/Apple Notes/Old & Admin/Agility Notes/Diverse/Focis to Control integration assessment workshop.md,JP Obsidian Vault,Customers,0.73,"keywords=account,customer"
JP Obsidian Vault/Apple Notes/Old & Admin/Agility Notes/Diverse/Freight X - SME Big Ticket Items US.md,JP Obsidian Vault,Customers,0.69,"keywords=account,client,customer"
JP Obsidian Vault/Apple Notes/Old & Admin/Agility Notes/Diverse/G HR - 19.06 (Baar) Kristen & Amjad.md,JP Obsidian Vault,Projects,0.65,keywords=project
JP Obsidian Vault/Apple Notes/Old & Admin/Agility Notes/Diverse/GMB & SC Updates - Suggestions.md,JP Obsidian Vault,Personal,0.73,"keywords=family,personal"
JP Obsidian Vault/Apple Notes/Old & Admin/Agility Notes/Diverse/GMB Update v2.1.md,JP Obsidian Vault,Ideas,0.73,"keywords=draft,idea"
JP Obsidian Vault/Apple Notes/Old & Admin/Agility Notes/Diverse/Germany - Notes on QM Beta update call.md,JP Obsidian Vault,Meetings,0.93,"keywords=agenda,meeting,workshop"
JP Obsidian Vault/Apple Notes/Old & Admin/Agility Notes/Diverse/Germany - Switzerland.md,JP Obsidian Vault,DPWorld,0.65,keywords=port
JP Obsidian Vault/Apple Notes/Old & Admin/Agility Notes/Diverse/Girish - AES.md,JP Obsidian Vault,Reference,0.47,fallback-reference
"JP Obsidian Vault/Apple Notes/Old & Admin/Agility Notes/Diverse/Global Charge Code Default Table Jan31, 2016.xlsx.md",JP Obsidian Vault,Personal,0.65,keywords=family
JP Obsidian Vault/Apple Notes/Old & Admin/Agility Notes/Diverse/Global Pricing and Quoting.md,JP Obsidian Vault,Meetings,0.65,keywords=meeting
JP Obsidian Vault/Apple Notes/Old & Admin/Agility Notes/Diverse/How to create a selling price.md,JP Obsidian Vault,Customers,0.53,keywords=customer
JP Obsidian Vault/Apple Notes/Old & Admin/Agility Notes/Diverse/Hyderabad - AES - QM Enhancements 21.01.2015.md,JP Obsidian Vault,Reference,0.47,fallback-reference
JP Obsidian Vault/Apple Notes/Old & Admin/Agility Notes/Diverse/Imp Team Update - Sven NPC.md,JP Obsidian Vault,Meetings,0.99,"keywords=agenda,meeting,workshop"
JP Obsidian Vault/Apple Notes/Old & Admin/Agility Notes/Diverse/Imp Update & HR.md,JP Obsidian Vault,Reference,0.47,fallback-reference
JP Obsidian Vault/Apple Notes/Old & Admin/Agility Notes/Diverse/Implementation - fyi.md,JP Obsidian Vault,Reference,0.47,fallback-reference
JP Obsidian Vault/Apple Notes/Old & Admin/Agility Notes/Diverse/Implementation - sfd v1.pptx.md,JP Obsidian Vault,Personal,0.53,keywords=family
JP Obsidian Vault/Apple Notes/Old & Admin/Agility Notes/Diverse/Implementation Approach (Interdependency Integration).md,JP Obsidian Vault,Meetings,0.53,keywords=sync
JP Obsidian Vault/Apple Notes/Old & Admin/Agility Notes/Diverse/Implementation Approach.md,JP Obsidian Vault,Reference,0.47,fallback-reference
JP Obsidian Vault/Apple Notes/Old & Admin/Agility Notes/Diverse/Implementation QM and NPC Mike Bible Matthias Dischinger 5 Quotes….md,JP Obsidian Vault,Reference,0.47,fallback-reference
"JP Obsidian Vault/Apple Notes/Old & Admin/Agility Notes/Diverse/Implementation Update (JP) Baar, STC 2014.md",JP Obsidian Vault,Reference,0.47,fallback-reference
JP Obsidian Vault/Apple Notes/Old & Admin/Agility Notes/Diverse/Implementation Update (Slide's for STC) - TLT Baar 10.06.2014.md,JP Obsidian Vault,Projects,0.65,keywords=plan
JP Obsidian Vault/Apple Notes/Old & Admin/Agility Notes/Diverse/Implementation requirement - 11122015 consolidated.xlsx.md,JP Obsidian Vault,Personal,0.65,keywords=family
JP Obsidian Vault/Apple Notes/Old & Admin/Agility Notes/Diverse/Induction program Clara Wyss & Alberto Cohen.md,JP Obsidian Vault,Ideas,0.53,keywords=draft
JP Obsidian Vault/Apple Notes/Old & Admin/Agility Notes/Diverse/Initiated to Pre-Confirmed.md,JP Obsidian Vault,Personal,0.53,keywords=family
JP Obsidian Vault/Apple Notes/Old & Admin/Agility Notes/Diverse/Insight MEtting with Gerard.md,JP Obsidian Vault,Customers,0.65,keywords=customer
JP Obsidian Vault/Apple Notes/Old & Admin/Agility Notes/Diverse/Integration Implementation.md,JP Obsidian Vault,Reference,0.47,fallback-reference
JP Obsidian Vault/Apple Notes/Old & Admin/Agility Notes/Diverse/Internal Testing Hyd.md,JP Obsidian Vault,Reference,0.47,fallback-reference
JP Obsidian Vault/Apple Notes/Old & Admin/Agility Notes/Diverse/Introduction to EBUA.md,JP Obsidian Vault,Reference,0.47,fallback-reference
JP Obsidian Vault/Apple Notes/Old & Admin/Agility Notes/Diverse/Irvine 13.07.2015.md,JP Obsidian Vault,Projects,0.53,keywords=plan
JP Obsidian Vault/Apple Notes/Old & Admin/Agility Notes/Diverse/Issues UE 2.md,JP Obsidian Vault,Reference,0.47,fallback-reference
JP Obsidian Vault/Apple Notes/Old & Admin/Agility Notes/Diverse/Job Accounting Mantis Feedback.md,JP Obsidian Vault,Personal,0.65,keywords=family
JP Obsidian Vault/Apple Notes/Old & Admin/Agility Notes/Diverse/Job Accounting.md,JP Obsidian Vault,Customers,0.81,"keywords=account,customer,stakeholder"
JP Obsidian Vault/Apple Notes/Old & Admin/Agility Notes/Diverse/Job Notes Explanation Alenka.md,JP Obsidian Vault,Customers,0.53,keywords=client
JP Obsidian Vault/Apple Notes/Old & Admin/Agility Notes/Diverse/KPI Reporting.md,JP Obsidian Vault,Customers,0.53,keywords=customer
JP Obsidian Vault/Apple Notes/Old & Admin/Agility Notes/Diverse/Kick Off on Training Material with Elsan.md,JP Obsidian Vault,Reference,0.47,fallback-reference
JP Obsidian Vault/Apple Notes/Old & Admin/Agility Notes/Diverse/Kick off Call Recap.md,JP Obsidian Vault,Personal,0.53,keywords=family
JP Obsidian Vault/Apple Notes/Old & Admin/Agility Notes/Diverse/LHR - DE UK US Jul 7 to 10 2014_Summary_v1.md,JP Obsidian Vault,Projects,0.53,keywords=plan
JP Obsidian Vault/Apple Notes/Old & Admin/Agility Notes/Diverse/Last Day Alignment Session (Baar) COLO9.md,JP Obsidian Vault,Ideas,0.65,keywords=concept
JP Obsidian Vault/Apple Notes/Old & Admin/Agility Notes/Diverse/Local Requirements job filing.md,JP Obsidian Vault,Personal,0.65,keywords=family
JP Obsidian Vault/Apple Notes/Old & Admin/Agility Notes/Diverse/Local requirements UK  IN_v1.2_17122015.xlsx.md,JP Obsidian Vault,Personal,0.65,keywords=family
JP Obsidian Vault/Apple Notes/Old & Admin/Agility Notes/Diverse/M&E Oryx eats Impala.md,JP Obsidian Vault,Customers,0.93,"keywords=client,customer,stakeholder"
JP Obsidian Vault/Apple Notes/Old & Admin/Agility Notes/Diverse/MDM update (Thursday) Karl - STC June Baar.md,JP Obsidian Vault,Customers,0.99,"keywords=client,customer,stakeholder"
JP Obsidian Vault/Apple Notes/Old & Admin/Agility Notes/Diverse/MDM.md,JP Obsidian Vault,Reference,0.47,fallback-reference
JP Obsidian Vault/Apple Notes/Old & Admin/Agility Notes/Diverse/MS discussion.md,JP Obsidian Vault,Customers,0.53,keywords=customer
JP Obsidian Vault/Apple Notes/Old & Admin/Agility Notes/Diverse/MVP Proposal.md,JP Obsidian Vault,Ideas,0.53,keywords=proposal
JP Obsidian Vault/Apple Notes/Old & Admin/Agility Notes/Diverse/Main issue is to keep the output short -- Multi Quote.md,JP Obsidian Vault,Reference,0.47,fallback-reference
JP Obsidian Vault/Apple Notes/Old & Admin/Agility Notes/Diverse/Management culture map.md,JP Obsidian Vault,Personal,0.65,keywords=family
JP Obsidian Vault/Apple Notes/Old & Admin/Agility Notes/Diverse/Mandatory Charges.md,JP Obsidian Vault,Reference,0.47,fallback-reference
JP Obsidian Vault/Apple Notes/Old & Admin/Agility Notes/Diverse/Meeting 1 - 27.10.2014.md,JP Obsidian Vault,Meetings,0.65,keywords=meeting
JP Obsidian Vault/Apple Notes/Old & Admin/Agility Notes/Diverse/Meeting Minutes Session 1 + 2.md,JP Obsidian Vault,Meetings,0.73,"keywords=meeting,minutes"
JP Obsidian Vault/Apple Notes/Old & Admin/Agility Notes/Diverse/Meeting with Cas - 28.10.2014 Quote Layout and open points Demo.md,JP Obsidian Vault,DPWorld,0.73,"keywords=cargo,port"
JP Obsidian Vault/Apple Notes/Old & Admin/Agility Notes/Diverse/Meeting with Cas and Betty.md,JP Obsidian Vault,Meetings,0.53,keywords=meeting
"JP Obsidian Vault/Apple Notes/Old & Admin/Agility Notes/Diverse/Meeting with Cas, 27.10.2014 QM UAT1-2.md",JP Obsidian Vault,DPWorld,0.73,"keywords=cargo,port"
JP Obsidian Vault/Apple Notes/Old & Admin/Agility Notes/Diverse/Mockup.md,JP Obsidian Vault,Reference,0.47,fallback-reference
JP Obsidian Vault/Apple Notes/Old & Admin/Agility Notes/Diverse/Morning Introduction Session (MS MAN) 12.01.md,JP Obsidian Vault,Customers,0.65,keywords=customer
JP Obsidian Vault/Apple Notes/Old & Admin/Agility Notes/Diverse/Multi Quote Story Line AUS-NZ.md,JP Obsidian Vault,Customers,0.65,keywords=customer
JP Obsidian Vault/Apple Notes/Old & Admin/Agility Notes/Diverse/Multi Quote Story Line HK.md,JP Obsidian Vault,Customers,0.53,keywords=customer
JP Obsidian Vault/Apple Notes/Old & Admin/Agility Notes/Diverse/NEW PS Profit share Air (No more GAINS).md,JP Obsidian Vault,Personal,0.65,keywords=family
JP Obsidian Vault/Apple Notes/Old & Admin/Agility Notes/Diverse/NPC Concept 12.01.md,JP Obsidian Vault,Ideas,0.73,"keywords=concept,draft"
JP Obsidian Vault/Apple Notes/Old & Admin/Agility Notes/Diverse/New PPSAC Behavior.md,JP Obsidian Vault,Reference,0.47,fallback-reference
JP Obsidian Vault/Apple Notes/Old & Admin/Agility Notes/Diverse/New Role Creation Userphase.md,JP Obsidian Vault,Reference,0.47,fallback-reference
JP Obsidian Vault/Apple Notes/Old & Admin/Agility Notes/Diverse/Next Steps - QM.md,JP Obsidian Vault,Ideas,0.53,keywords=draft
JP Obsidian Vault/Apple Notes/Old & Admin/Agility Notes/Diverse/Nomitated (Bolins).md,JP Obsidian Vault,Ideas,0.65,keywords=draft
JP Obsidian Vault/Apple Notes/Old & Admin/Agility Notes/Diverse/Note from Einkaufs-Allee Metalli in Zug.md,JP Obsidian Vault,Reference,0.47,fallback-reference
JP Obsidian Vault/Apple Notes/Old & Admin/Agility Notes/Diverse/Note from Ettingerstrasse 57 in Reinach (BL).md,JP Obsidian Vault,Reference,0.47,fallback-reference
JP Obsidian Vault/Apple Notes/Old & Admin/Agility Notes/Diverse/Note from Hitech City Main Road 2-44-A-1 in Rajendra Nagar.md,JP Obsidian Vault,Reference,0.47,fallback-reference
JP Obsidian Vault/Apple Notes/Old & Admin/Agility Notes/Diverse/Note from Ismail - tabling all the issues.md,JP Obsidian Vault,Reference,0.47,fallback-reference
JP Obsidian Vault/Apple Notes/Old & Admin/Agility Notes/Diverse/Notes for ORC creation.md,JP Obsidian Vault,Meetings,0.73,"keywords=agenda,meeting"
JP Obsidian Vault/Apple Notes/Old & Admin/Agility Notes/Diverse/Notes.md,JP Obsidian Vault,Reference,0.47,fallback-reference
JP Obsidian Vault/Apple Notes/Old & Admin/Agility Notes/Diverse/OF Implementation.md,JP Obsidian Vault,Customers,0.53,keywords=customer
JP Obsidian Vault/Apple Notes/Old & Admin/Agility Notes/Diverse/OF Process Scope Timelines.md,JP Obsidian Vault,Reference,0.47,fallback-reference
JP Obsidian Vault/Apple Notes/Old & Admin/Agility Notes/Diverse/OF Rollout.md,JP Obsidian Vault,Meetings,0.53,keywords=workshop
JP Obsidian Vault/Apple Notes/Old & Admin/Agility Notes/Diverse/ORC - JA Pre Reqs.md,JP Obsidian Vault,Ideas,0.53,keywords=draft
JP Obsidian Vault/Apple Notes/Old & Admin/Agility Notes/Diverse/ORC - OF+JAC.md,JP Obsidian Vault,Customers,0.93,"keywords=account,client,stakeholder"
"JP Obsidian Vault/Apple Notes/Old & Admin/Agility Notes/Diverse/Opent Hirings (2018, scrum office, Agile Teams, FIT).md",JP Obsidian Vault,Customers,0.53,keywords=account
JP Obsidian Vault/Apple Notes/Old & Admin/Agility Notes/Diverse/Option conditional sign off -- MOM - SMDM Meeting AES Hyderabad - 3rd….md,JP Obsidian Vault,Meetings,0.73,"keywords=meeting,workshop"
JP Obsidian Vault/Apple Notes/Old & Admin/Agility Notes/Diverse/Org Component Dpt Activity User JPL_07062016.md,JP Obsidian Vault,Reference,0.47,fallback-reference
JP Obsidian Vault/Apple Notes/Old & Admin/Agility Notes/Diverse/P&L Owner vs Activity owner.md,JP Obsidian Vault,Reference,0.47,fallback-reference
JP Obsidian Vault/Apple Notes/Old & Admin/Agility Notes/Diverse/PPSAC OLD and NEW.md,JP Obsidian Vault,Reference,0.47,fallback-reference
JP Obsidian Vault/Apple Notes/Old & Admin/Agility Notes/Diverse/PPSAC updates - 11 Feb 2016.xlsx.md,JP Obsidian Vault,Personal,0.65,keywords=family
JP Obsidian Vault/Apple Notes/Old & Admin/Agility Notes/Diverse/Papi Okologie Ablauf.md,JP Obsidian Vault,Personal,0.53,keywords=family
JP Obsidian Vault/Apple Notes/Old & Admin/Agility Notes/Diverse/Planing Meeting tomorrow.md,JP Obsidian Vault,Customers,0.53,keywords=stakeholder
JP Obsidian Vault/Apple Notes/Old & Admin/Agility Notes/Diverse/Port Catchment.md,JP Obsidian Vault,DPWorld,0.65,keywords=port
JP Obsidian Vault/Apple Notes/Old & Admin/Agility Notes/Diverse/Pre-req for QM functions draft_30May.xlsx.md,JP Obsidian Vault,Personal,0.65,keywords=family
JP Obsidian Vault/Apple Notes/Old & Admin/Agility Notes/Diverse/Profit Share.md,JP Obsidian Vault,Customers,0.65,keywords=customer
JP Obsidian Vault/Apple Notes/Old & Admin/Agility Notes/Diverse/Q formats 11 Dec 2015.xlsx.md,JP Obsidian Vault,Personal,0.65,keywords=family
JP Obsidian Vault/Apple Notes/Old & Admin/Agility Notes/Diverse/QM - UK next steps - minutes.md,JP Obsidian Vault,Meetings,0.53,keywords=minutes
JP Obsidian Vault/Apple Notes/Old & Admin/Agility Notes/Diverse/QM 1.0 Release Plan.md,JP Obsidian Vault,Projects,0.53,keywords=plan
JP Obsidian Vault/Apple Notes/Old & Admin/Agility Notes/Diverse/QM Beta Scrum (Updaed 16.01.2014) Next Release - UAT Testing.md,JP Obsidian Vault,DPWorld,0.65,keywords=port
JP Obsidian Vault/Apple Notes/Old & Admin/Agility Notes/Diverse/QM Demo Sites & Scenarios.md,JP Obsidian Vault,Reference,0.47,fallback-reference
JP Obsidian Vault/Apple Notes/Old & Admin/Agility Notes/Diverse/QM Discussion.md,JP Obsidian Vault,Customers,0.65,keywords=customer
JP Obsidian Vault/Apple Notes/Old & Admin/Agility Notes/Diverse/QM Enduser Survey.md,JP Obsidian Vault,Reference,0.47,fallback-reference
JP Obsidian Vault/Apple Notes/Old & Admin/Agility Notes/Diverse/QM Enhancement (GOPAL).md,JP Obsidian Vault,Customers,0.53,keywords=customer
JP Obsidian Vault/Apple Notes/Old & Admin/Agility Notes/Diverse/QM Enhancement.md,JP Obsidian Vault,Customers,0.73,"keywords=customer,stakeholder"
JP Obsidian Vault/Apple Notes/Old & Admin/Agility Notes/Diverse/QM Implementation - (Alex) Basel UAG 23.05.2014.md,JP Obsidian Vault,Reference,0.65,keywords=manual
JP Obsidian Vault/Apple Notes/Old & Admin/Agility Notes/Diverse/QM Intro CH.md,JP Obsidian Vault,Meetings,0.65,keywords=workshop
JP Obsidian Vault/Apple Notes/Old & Admin/Agility Notes/Diverse/QM Metrics.md,JP Obsidian Vault,Reference,0.47,fallback-reference
JP Obsidian Vault/Apple Notes/Old & Admin/Agility Notes/Diverse/QM Next Steps.md,JP Obsidian Vault,Meetings,0.85,"keywords=agenda,workshop"
JP Obsidian Vault/Apple Notes/Old & Admin/Agility Notes/Diverse/QM Planning Tomi (BSL) 28.05.2014.md,JP Obsidian Vault,Projects,0.85,"keywords=plan,project"
JP Obsidian Vault/Apple Notes/Old & Admin/Agility Notes/Diverse/QM Reporting Win Ratio calculationv2.xlsx.md,JP Obsidian Vault,Personal,0.65,keywords=family
JP Obsidian Vault/Apple Notes/Old & Admin/Agility Notes/Diverse/QM SMDM - HYD - 4.02.15.md,JP Obsidian Vault,Customers,0.65,keywords=stakeholder
"JP Obsidian Vault/Apple Notes/Old & Admin/Agility Notes/Diverse/QM Stabilization Discussion Document Dec 16, 2015 v1.0.docx.md",JP Obsidian Vault,Personal,0.65,keywords=family
JP Obsidian Vault/Apple Notes/Old & Admin/Agility Notes/Diverse/QM System Performance Analysis v4_1Dec16.pptx.md,JP Obsidian Vault,Reference,0.47,fallback-reference
JP Obsidian Vault/Apple Notes/Old & Admin/Agility Notes/Diverse/QM UAT intro session.md,JP Obsidian Vault,Meetings,0.85,"keywords=meeting,minutes"
JP Obsidian Vault/Apple Notes/Old & Admin/Agility Notes/Diverse/QM Update Call UAE Notes 18.02.md,JP Obsidian Vault,Reference,0.47,fallback-reference
JP Obsidian Vault/Apple Notes/Old & Admin/Agility Notes/Diverse/Qm Intro De.md,JP Obsidian Vault,Reference,0.47,fallback-reference
JP Obsidian Vault/Apple Notes/Old & Admin/Agility Notes/Diverse/Questions for Kumar 25.09.md,JP Obsidian Vault,Projects,0.53,keywords=delivery
JP Obsidian Vault/Apple Notes/Old & Admin/Agility Notes/Diverse/Questions to Ocean Product.md,JP Obsidian Vault,Reference,0.47,fallback-reference
JP Obsidian Vault/Apple Notes/Old & Admin/Agility Notes/Diverse/Questions to be resolved.md,JP Obsidian Vault,Reference,0.47,fallback-reference
JP Obsidian Vault/Apple Notes/Old & Admin/Agility Notes/Diverse/Quick Quote QQ - SS Self Service.md,JP Obsidian Vault,Customers,0.85,"keywords=account,customer"
JP Obsidian Vault/Apple Notes/Old & Admin/Agility Notes/Diverse/Quotation Module Reporting.md,JP Obsidian Vault,Reference,0.47,fallback-reference
JP Obsidian Vault/Apple Notes/Old & Admin/Agility Notes/Diverse/Quote Level & Rate DB - Access Table v1.0.xls.md,JP Obsidian Vault,Reference,0.47,fallback-reference
JP Obsidian Vault/Apple Notes/Old & Admin/Agility Notes/Diverse/RADAR Call.md,JP Obsidian Vault,Personal,0.65,keywords=family
JP Obsidian Vault/Apple Notes/Old & Admin/Agility Notes/Diverse/RE Actions from CONTROL Integration Workshop.md,JP Obsidian Vault,Meetings,0.53,keywords=workshop
JP Obsidian Vault/Apple Notes/Old & Admin/Agility Notes/Diverse/RE Any legal requirement for specific text on a C&D note.md,JP Obsidian Vault,Projects,0.53,keywords=project
JP Obsidian Vault/Apple Notes/Old & Admin/Agility Notes/Diverse/RE Canada - Notes on QM Beta update call.md,JP Obsidian Vault,Meetings,0.53,keywords=minutes
JP Obsidian Vault/Apple Notes/Old & Admin/Agility Notes/Diverse/RE Carrier requests with no vessel info.md,JP Obsidian Vault,Projects,0.73,"keywords=delivery,project"
JP Obsidian Vault/Apple Notes/Old & Admin/Agility Notes/Diverse/RE Charge Codes and PPSAC Update.md,JP Obsidian Vault,Meetings,0.53,keywords=minutes
JP Obsidian Vault/Apple Notes/Old & Admin/Agility Notes/Diverse/RE Ctry Rep & Implementation team list.md,JP Obsidian Vault,Personal,0.65,keywords=family
JP Obsidian Vault/Apple Notes/Old & Admin/Agility Notes/Diverse/RE FOCiS Finance UK Meeting.md,JP Obsidian Vault,Meetings,0.53,keywords=meeting
JP Obsidian Vault/Apple Notes/Old & Admin/Agility Notes/Diverse/RE FOCiS University.md,JP Obsidian Vault,Customers,0.53,keywords=stakeholder
JP Obsidian Vault/Apple Notes/Old & Admin/Agility Notes/Diverse/RE Financial Reporting Categories - Dec 2015.xlsx.md,JP Obsidian Vault,Personal,0.65,keywords=family
JP Obsidian Vault/Apple Notes/Old & Admin/Agility Notes/Diverse/RE Focis to Control integration assessment workshop.md,JP Obsidian Vault,Meetings,0.65,keywords=workshop
JP Obsidian Vault/Apple Notes/Old & Admin/Agility Notes/Diverse/RE Germany - Notes on QM Beta update call.md,JP Obsidian Vault,DPWorld,0.73,"keywords=cargo,port"
JP Obsidian Vault/Apple Notes/Old & Admin/Agility Notes/Diverse/RE ICI Policy Doc (DRAFT).md,JP Obsidian Vault,Customers,0.53,keywords=customer
JP Obsidian Vault/Apple Notes/Old & Admin/Agility Notes/Diverse/RE Imp Team Standard Induction.md,JP Obsidian Vault,Ideas,0.61,"keywords=concept,idea"
JP Obsidian Vault/Apple Notes/Old & Admin/Agility Notes/Diverse/RE Is Certificate of Shipment a requirement for UK.md,JP Obsidian Vault,Projects,0.53,keywords=project
JP Obsidian Vault/Apple Notes/Old & Admin/Agility Notes/Diverse/RE Metrics QM - Update.md,JP Obsidian Vault,Meetings,0.53,keywords=minutes
JP Obsidian Vault/Apple Notes/Old & Admin/Agility Notes/Diverse/RE Mumbai - network - performance assessment QM  - Initial Findings.md,JP Obsidian Vault,Ideas,0.53,keywords=draft
JP Obsidian Vault/Apple Notes/Old & Admin/Agility Notes/Diverse/RE NPC Access Tables.md,JP Obsidian Vault,Personal,0.65,keywords=family
JP Obsidian Vault/Apple Notes/Old & Admin/Agility Notes/Diverse/RE NPC Workflow steps Air  V3.2.xlsx.md,JP Obsidian Vault,Personal,0.65,keywords=family
JP Obsidian Vault/Apple Notes/Old & Admin/Agility Notes/Diverse/RE NW Implementation - agenda.md,JP Obsidian Vault,Meetings,0.53,keywords=agenda
JP Obsidian Vault/Apple Notes/Old & Admin/Agility Notes/Diverse/RE Needed for Beta.md,JP Obsidian Vault,Customers,0.53,keywords=stakeholder
JP Obsidian Vault/Apple Notes/Old & Admin/Agility Notes/Diverse/RE Ops Training - working doc.md,JP Obsidian Vault,Ideas,0.53,keywords=brainstorm
JP Obsidian Vault/Apple Notes/Old & Admin/Agility Notes/Diverse/RE Oracle Roles.md,JP Obsidian Vault,Personal,0.65,keywords=family
JP Obsidian Vault/Apple Notes/Old & Admin/Agility Notes/Diverse/RE Oracle Rollout plan.md,JP Obsidian Vault,Projects,0.53,keywords=plan
JP Obsidian Vault/Apple Notes/Old & Admin/Agility Notes/Diverse/RE Pls Help - 3 things.md,JP Obsidian Vault,Personal,0.65,keywords=family
JP Obsidian Vault/Apple Notes/Old & Admin/Agility Notes/Diverse/RE QM Assessment - Nov 15 v1.md,JP Obsidian Vault,Personal,0.53,keywords=family
JP Obsidian Vault/Apple Notes/Old & Admin/Agility Notes/Diverse/RE QM User Experience - Compilation of Results - 1st Draft discussion.md,JP Obsidian Vault,Ideas,0.53,keywords=draft
JP Obsidian Vault/Apple Notes/Old & Admin/Agility Notes/Diverse/RE QM User Levels.md,JP Obsidian Vault,Ideas,0.93,"keywords=concept,draft,proposal"
JP Obsidian Vault/Apple Notes/Old & Admin/Agility Notes/Diverse/RE SMDM BRS.md,JP Obsidian Vault,Customers,0.53,keywords=customer
JP Obsidian Vault/Apple Notes/Old & Admin/Agility Notes/Diverse/RE SMDM Module Product Review - Feedback review with Implementation….md,JP Obsidian Vault,Personal,0.65,keywords=family
JP Obsidian Vault/Apple Notes/Old & Admin/Agility Notes/Diverse/RE Scrum of Scrums & TLT agenda draft v2.0.md,JP Obsidian Vault,Meetings,0.73,"keywords=agenda,meeting"
JP Obsidian Vault/Apple Notes/Old & Admin/Agility Notes/Diverse/RE SoS & TLT presentation - June 2016.md,JP Obsidian Vault,Projects,0.53,keywords=plan
JP Obsidian Vault/Apple Notes/Old & Admin/Agility Notes/Diverse/RE TLT 4 Meeting (Mar 21-23).md,JP Obsidian Vault,Meetings,0.53,keywords=meeting
JP Obsidian Vault/Apple Notes/Old & Admin/Agility Notes/Diverse/RE Talk with Roman.md,JP Obsidian Vault,Personal,0.53,keywords=family
JP Obsidian Vault/Apple Notes/Old & Admin/Agility Notes/Diverse/RE The week's top stories (Online FFW Training).md,JP Obsidian Vault,Reference,0.47,fallback-reference
JP Obsidian Vault/Apple Notes/Old & Admin/Agility Notes/Diverse/RE UAE- Minutes.md,JP Obsidian Vault,Customers,0.53,keywords=stakeholder
JP Obsidian Vault/Apple Notes/Old & Admin/Agility Notes/Diverse/RE USA - Notes on QM Beta update call.md,JP Obsidian Vault,Projects,0.53,keywords=plan
JP Obsidian Vault/Apple Notes/Old & Admin/Agility Notes/Diverse/RE User Engagement Observations Chennai 27-29 Jan 2016.docx.md,JP Obsidian Vault,Personal,0.65,keywords=family
"JP Obsidian Vault/Apple Notes/Old & Admin/Agility Notes/Diverse/RE User Engagment 3 Mumbai 8th, 9th 10th March 2016.md",JP Obsidian Vault,Projects,0.53,keywords=project
JP Obsidian Vault/Apple Notes/Old & Admin/Agility Notes/Diverse/RE Visit & Transformation Update.md,JP Obsidian Vault,Meetings,0.73,"keywords=agenda,meeting"
JP Obsidian Vault/Apple Notes/Old & Admin/Agility Notes/Diverse/RE Wednessday.md,JP Obsidian Vault,Customers,0.53,keywords=customer
JP Obsidian Vault/Apple Notes/Old & Admin/Agility Notes/Diverse/RE local requirements tracker.md,JP Obsidian Vault,Projects,0.53,keywords=project
JP Obsidian Vault/Apple Notes/Old & Admin/Agility Notes/Diverse/RE need another report.md,JP Obsidian Vault,Personal,0.65,keywords=family
JP Obsidian Vault/Apple Notes/Old & Admin/Agility Notes/Diverse/RMG & Implementation - STC out - 14.08.2014.md,JP Obsidian Vault,Customers,0.81,"keywords=account,customer,stakeholder"
JP Obsidian Vault/Apple Notes/Old & Admin/Agility Notes/Diverse/RMG - MDM Update Karl (Baar) STC June 2014.md,JP Obsidian Vault,Projects,0.73,"keywords=delivery,plan"
JP Obsidian Vault/Apple Notes/Old & Admin/Agility Notes/Diverse/RMG Discussion 24.11.2014.md,JP Obsidian Vault,Reference,0.47,fallback-reference
JP Obsidian Vault/Apple Notes/Old & Admin/Agility Notes/Diverse/RMG Topics with Karl in Basel.md,JP Obsidian Vault,Meetings,0.65,keywords=workshop
JP Obsidian Vault/Apple Notes/Old & Admin/Agility Notes/Diverse/Rate Collection Workhop Air (LHR) Day 1.md,JP Obsidian Vault,Customers,0.53,keywords=customer
JP Obsidian Vault/Apple Notes/Old & Admin/Agility Notes/Diverse/Rate Collection Workshop Ocean (LHR) Day 1.md,JP Obsidian Vault,Customers,0.53,keywords=customer
JP Obsidian Vault/Apple Notes/Old & Admin/Agility Notes/Diverse/Rate Collection Workshop Ocean (LHR) Day 2.md,JP Obsidian Vault,Customers,0.61,"keywords=account,customer"
JP Obsidian Vault/Apple Notes/Old & Admin/Agility Notes/Diverse/Rate collection worksshop Air CN IN Day 1 (HKG) - 28.07.2014.md,JP Obsidian Vault,Reference,0.47,fallback-reference
JP Obsidian Vault/Apple Notes/Old & Admin/Agility Notes/Diverse/Rate collection worksshop Air CN IN Day 2 (HKG) - 29.07.2014.md,JP Obsidian Vault,Customers,0.53,keywords=customer
JP Obsidian Vault/Apple Notes/Old & Admin/Agility Notes/Diverse/Rate collection worksshop Ocean CN IN Day 1 (HKG) - 24.07.2014.md,JP Obsidian Vault,Ideas,0.73,"keywords=concept,draft"
JP Obsidian Vault/Apple Notes/Old & Admin/Agility Notes/Diverse/Rate collection worksshop Ocean CN IN Day 2 (HKG) - 2.07.2014.md,JP Obsidian Vault,DPWorld,0.73,"keywords=port,terminal"
JP Obsidian Vault/Apple Notes/Old & Admin/Agility Notes/Diverse/Re Half hour discussion on Job Numbering.md,JP Obsidian Vault,Ideas,0.53,keywords=proposal
JP Obsidian Vault/Apple Notes/Old & Admin/Agility Notes/Diverse/Request for a video mini workshop - on terms and conditions.md,JP Obsidian Vault,Meetings,0.73,"keywords=meeting,workshop"
JP Obsidian Vault/Apple Notes/Old & Admin/Agility Notes/Diverse/Requirement Lists F2C & C2F Scenarios.md,JP Obsidian Vault,Reference,0.47,fallback-reference
JP Obsidian Vault/Apple Notes/Old & Admin/Agility Notes/Diverse/Roles & Department (HYD).md,JP Obsidian Vault,Meetings,0.53,keywords=workshop
JP Obsidian Vault/Apple Notes/Old & Admin/Agility Notes/Diverse/Roles - Discussion (Basel) 25.06.2014.md,JP Obsidian Vault,Reference,0.47,fallback-reference
JP Obsidian Vault/Apple Notes/Old & Admin/Agility Notes/Diverse/Russia FOCiS Quotation Module Implementation.md,JP Obsidian Vault,Meetings,0.65,keywords=meeting
JP Obsidian Vault/Apple Notes/Old & Admin/Agility Notes/Diverse/SBRS discussion summary.md,JP Obsidian Vault,Personal,0.65,keywords=family
JP Obsidian Vault/Apple Notes/Old & Admin/Agility Notes/Diverse/SC Doc - v 3.5.md,JP Obsidian Vault,Personal,0.53,keywords=family
JP Obsidian Vault/Apple Notes/Old & Admin/Agility Notes/Diverse/SC June 2014 - Minutes & Reference documents.md,JP Obsidian Vault,Meetings,0.93,"keywords=agenda,meeting,minutes"
JP Obsidian Vault/Apple Notes/Old & Admin/Agility Notes/Diverse/SC Overview (Steve intro).md,JP Obsidian Vault,Reference,0.47,fallback-reference
JP Obsidian Vault/Apple Notes/Old & Admin/Agility Notes/Diverse/SC Take-aways June 2014.md,JP Obsidian Vault,Projects,0.73,"keywords=delivery,plan"
JP Obsidian Vault/Apple Notes/Old & Admin/Agility Notes/Diverse/SJC Update (Venky) STC Baar June 2014.md,JP Obsidian Vault,Customers,0.53,keywords=customer
JP Obsidian Vault/Apple Notes/Old & Admin/Agility Notes/Diverse/SJC-OPS subject status tracker v 1 2-18 JUN 2014.xlsx.md,JP Obsidian Vault,Personal,0.65,keywords=family
JP Obsidian Vault/Apple Notes/Old & Admin/Agility Notes/Diverse/SMDM Discussion 24.06 HYD.md,JP Obsidian Vault,Customers,0.73,"keywords=customer,stakeholder"
JP Obsidian Vault/Apple Notes/Old & Admin/Agility Notes/Diverse/SMDM Implementation.md,JP Obsidian Vault,Customers,0.65,keywords=customer
JP Obsidian Vault/Apple Notes/Old & Admin/Agility Notes/Diverse/SMDM Lite + OFAB.md,JP Obsidian Vault,Reference,0.47,fallback-reference
JP Obsidian Vault/Apple Notes/Old & Admin/Agility Notes/Diverse/SMDM.md,JP Obsidian Vault,Customers,0.53,keywords=stakeholder
JP Obsidian Vault/Apple Notes/Old & Admin/Agility Notes/Diverse/SSRM Update (Baar) STC Rushabh June 2013.md,JP Obsidian Vault,Reference,0.47,fallback-reference
JP Obsidian Vault/Apple Notes/Old & Admin/Agility Notes/Diverse/Sample Job Workshop (Irvine) - Day 1 14.07.2014.md,JP Obsidian Vault,Meetings,0.53,keywords=workshop
JP Obsidian Vault/Apple Notes/Old & Admin/Agility Notes/Diverse/Sample Job Workshop (Irvine) - Day 2 14.07.2014.md,JP Obsidian Vault,Projects,0.53,keywords=plan
JP Obsidian Vault/Apple Notes/Old & Admin/Agility Notes/Diverse/Sample Job.md,JP Obsidian Vault,DPWorld,0.73,"keywords=cargo,shipping"
JP Obsidian Vault/Apple Notes/Old & Admin/Agility Notes/Diverse/Scenario 1.md,JP Obsidian Vault,Customers,0.65,keywords=customer
JP Obsidian Vault/Apple Notes/Old & Admin/Agility Notes/Diverse/Scrum of Scrums Agenda Input - By Friday May 27th.md,JP Obsidian Vault,Meetings,0.73,"keywords=agenda,meeting"
JP Obsidian Vault/Apple Notes/Old & Admin/Agility Notes/Diverse/Seaquest Issue.md,JP Obsidian Vault,Reference,0.47,fallback-reference
JP Obsidian Vault/Apple Notes/Old & Admin/Agility Notes/Diverse/Shared Service Overview Sid.md,JP Obsidian Vault,Reference,0.47,fallback-reference
JP Obsidian Vault/Apple Notes/Old & Admin/Agility Notes/Diverse/Skitch Image from Pfeffingen.md,JP Obsidian Vault,Reference,0.47,fallback-reference
"JP Obsidian Vault/Apple Notes/Old & Admin/Agility Notes/Diverse/Snapshot @ Basel, Basel-Stadt.md",JP Obsidian Vault,Reference,0.47,fallback-reference
JP Obsidian Vault/Apple Notes/Old & Admin/Agility Notes/Diverse/Snapshot from 1900 NW 2nd Ave in Wilton Manors.md,JP Obsidian Vault,Reference,0.47,fallback-reference
JP Obsidian Vault/Apple Notes/Old & Admin/Agility Notes/Diverse/Snapshot.md,JP Obsidian Vault,Reference,0.47,fallback-reference
"JP Obsidian Vault/Apple Notes/Old & Admin/Agility Notes/Diverse/SoS & TLT meeting June 6-10, 2016 - Baar - Basic logistics.md",JP Obsidian Vault,Meetings,0.53,keywords=meeting
JP Obsidian Vault/Apple Notes/Old & Admin/Agility Notes/Diverse/SoS & TLT presentation - June 2016.md,JP Obsidian Vault,Projects,0.53,keywords=plan
JP Obsidian Vault/Apple Notes/Old & Admin/Agility Notes/Diverse/Standard Implementation QM deck.md,JP Obsidian Vault,Meetings,0.85,"keywords=agenda,workshop"
JP Obsidian Vault/Apple Notes/Old & Admin/Agility Notes/Diverse/Standardising Job Families - Titels.md,JP Obsidian Vault,Reference,0.47,fallback-reference
JP Obsidian Vault/Apple Notes/Old & Admin/Agility Notes/Diverse/Stc march 2015.md,JP Obsidian Vault,Reference,0.47,fallback-reference
JP Obsidian Vault/Apple Notes/Old & Admin/Agility Notes/Diverse/Steve Baar 19.09.2014.md,JP Obsidian Vault,Reference,0.47,fallback-reference
JP Obsidian Vault/Apple Notes/Old & Admin/Agility Notes/Diverse/Steve Update 6.03.md,JP Obsidian Vault,Meetings,0.65,keywords=meeting
JP Obsidian Vault/Apple Notes/Old & Admin/Agility Notes/Diverse/Sunntig Mäntig Zieschtig Mittwuch Donnstig Fritig Samstig total.md,JP Obsidian Vault,Reference,0.47,fallback-reference
JP Obsidian Vault/Apple Notes/Old & Admin/Agility Notes/Diverse/Survey Links for  preview.md,JP Obsidian Vault,Personal,0.65,keywords=family
"JP Obsidian Vault/Apple Notes/Old & Admin/Agility Notes/Diverse/System Performance, Manual Time Motions, Diffrence auto vs manual.md",JP Obsidian Vault,Reference,0.65,keywords=manual
JP Obsidian Vault/Apple Notes/Old & Admin/Agility Notes/Diverse/TLT Agenda December.md,JP Obsidian Vault,Projects,0.61,"keywords=plan,project"
JP Obsidian Vault/Apple Notes/Old & Admin/Agility Notes/Diverse/TLT Call 15.10.2014.md,JP Obsidian Vault,Reference,0.47,fallback-reference
JP Obsidian Vault/Apple Notes/Old & Admin/Agility Notes/Diverse/TLT Call Brasil and Imp QM + NPC Escalation.md,JP Obsidian Vault,Reference,0.47,fallback-reference
JP Obsidian Vault/Apple Notes/Old & Admin/Agility Notes/Diverse/TLT Communications - raising the bar.md,JP Obsidian Vault,Meetings,0.53,keywords=workshop
JP Obsidian Vault/Apple Notes/Old & Admin/Agility Notes/Diverse/TLT March meeting - PPTs.md,JP Obsidian Vault,Meetings,0.53,keywords=meeting
JP Obsidian Vault/Apple Notes/Old & Admin/Agility Notes/Diverse/TLT Recap.md,JP Obsidian Vault,Reference,0.47,fallback-reference
"JP Obsidian Vault/Apple Notes/Old & Admin/Agility Notes/Diverse/TLT call - August 13, 2014.md",JP Obsidian Vault,Meetings,0.53,keywords=agenda
"JP Obsidian Vault/Apple Notes/Old & Admin/Agility Notes/Diverse/TLT call - July 2, 2014.md",JP Obsidian Vault,Projects,0.53,keywords=delivery
JP Obsidian Vault/Apple Notes/Old & Admin/Agility Notes/Diverse/TLT call 24.10.2014.md,JP Obsidian Vault,Reference,0.47,fallback-reference
JP Obsidian Vault/Apple Notes/Old & Admin/Agility Notes/Diverse/TLX.md,JP Obsidian Vault,Customers,0.65,keywords=customer
"JP Obsidian Vault/Apple Notes/Old & Admin/Agility Notes/Diverse/TX Org Chart consolidated - v1.0 - Jun 14, 2015.pptx.md",JP Obsidian Vault,Projects,0.65,keywords=project
JP Obsidian Vault/Apple Notes/Old & Admin/Agility Notes/Diverse/Takeaway-Agreement Day1  TLT (Baar) - 09.06.2014.md,JP Obsidian Vault,Projects,0.53,keywords=plan
JP Obsidian Vault/Apple Notes/Old & Admin/Agility Notes/Diverse/Task.md,JP Obsidian Vault,Personal,0.65,keywords=family
JP Obsidian Vault/Apple Notes/Old & Admin/Agility Notes/Diverse/Tasks and Dependencies for the PP.md,JP Obsidian Vault,Customers,0.53,keywords=customer
JP Obsidian Vault/Apple Notes/Old & Admin/Agility Notes/Diverse/Team Meeting 23.06.2016 (Zoom).md,JP Obsidian Vault,Meetings,0.73,"keywords=meeting,workshop"
JP Obsidian Vault/Apple Notes/Old & Admin/Agility Notes/Diverse/Test Creation of New Note.md,JP Obsidian Vault,Reference,0.47,fallback-reference
JP Obsidian Vault/Apple Notes/Old & Admin/Agility Notes/Diverse/To Do's.md,JP Obsidian Vault,Customers,0.53,keywords=customer
JP Obsidian Vault/Apple Notes/Old & Admin/Agility Notes/Diverse/Training ATM Video Lost-Won JP.md,JP Obsidian Vault,Reference,0.47,fallback-reference
JP Obsidian Vault/Apple Notes/Old & Admin/Agility Notes/Diverse/Training dianne.md,JP Obsidian Vault,Reference,0.47,fallback-reference
JP Obsidian Vault/Apple Notes/Old & Admin/Agility Notes/Diverse/Tranformation.md,JP Obsidian Vault,Customers,0.53,keywords=customer
JP Obsidian Vault/Apple Notes/Old & Admin/Agility Notes/Diverse/Trans SC Agenda-Review Doc.md,JP Obsidian Vault,Meetings,0.53,keywords=agenda
JP Obsidian Vault/Apple Notes/Old & Admin/Agility Notes/Diverse/Transformation Report_FCL_(Oracle_Countries)V2 1_31052016.xlsx.md,JP Obsidian Vault,Reference,0.47,fallback-reference
JP Obsidian Vault/Apple Notes/Old & Admin/Agility Notes/Diverse/Transformation STC (Baar) June 2014 - Day 1.md,JP Obsidian Vault,Customers,0.53,keywords=stakeholder
JP Obsidian Vault/Apple Notes/Old & Admin/Agility Notes/Diverse/UAE - Notes on QM Beta update call.md,JP Obsidian Vault,Customers,0.73,"keywords=customer,stakeholder"
JP Obsidian Vault/Apple Notes/Old & Admin/Agility Notes/Diverse/UAE 18.03.2015.md,JP Obsidian Vault,Meetings,0.65,keywords=agenda
JP Obsidian Vault/Apple Notes/Old & Admin/Agility Notes/Diverse/UAE- Minutes.md,JP Obsidian Vault,Customers,0.53,keywords=stakeholder
JP Obsidian Vault/Apple Notes/Old & Admin/Agility Notes/Diverse/UE 2017.md,JP Obsidian Vault,Ideas,0.85,"keywords=concept,draft"
JP Obsidian Vault/Apple Notes/Old & Admin/Agility Notes/Diverse/UE UK Thurrock.md,JP Obsidian Vault,Customers,0.53,keywords=stakeholder
JP Obsidian Vault/Apple Notes/Old & Admin/Agility Notes/Diverse/UK Pre-Implementation Brainstorming (BIH) 20.05.2014.md,JP Obsidian Vault,Meetings,0.53,keywords=agenda
JP Obsidian Vault/Apple Notes/Old & Admin/Agility Notes/Diverse/UK engagement Manchester.md,JP Obsidian Vault,Projects,0.85,"keywords=delivery,plan"
JP Obsidian Vault/Apple Notes/Old & Admin/Agility Notes/Diverse/US.md,JP Obsidian Vault,Reference,0.47,fallback-reference
JP Obsidian Vault/Apple Notes/Old & Admin/Agility Notes/Diverse/USA - Notes on QM Beta update call.md,JP Obsidian Vault,Projects,0.61,"keywords=delivery,plan"
JP Obsidian Vault/Apple Notes/Old & Admin/Agility Notes/Diverse/USC - FOCiS Dept.md,JP Obsidian Vault,Projects,0.53,keywords=project
JP Obsidian Vault/Apple Notes/Old & Admin/Agility Notes/Diverse/USC Audit Discussion Outcome.md,JP Obsidian Vault,Meetings,0.53,keywords=workshop
JP Obsidian Vault/Apple Notes/Old & Admin/Agility Notes/Diverse/USC DQ Audit - AES Action Items.md,JP Obsidian Vault,Personal,0.65,keywords=family
JP Obsidian Vault/Apple Notes/Old & Admin/Agility Notes/Diverse/USC and Departments.md,JP Obsidian Vault,Reference,0.47,fallback-reference
JP Obsidian Vault/Apple Notes/Old & Admin/Agility Notes/Diverse/Uat Qm Call.md,JP Obsidian Vault,Reference,0.47,fallback-reference
JP Obsidian Vault/Apple Notes/Old & Admin/Agility Notes/Diverse/Unique Site Code PA v5.xlsx.md,JP Obsidian Vault,Personal,0.65,keywords=family
JP Obsidian Vault/Apple Notes/Old & Admin/Agility Notes/Diverse/Update 21.11.2014.md,JP Obsidian Vault,Reference,0.47,fallback-reference
JP Obsidian Vault/Apple Notes/Old & Admin/Agility Notes/Diverse/Update 22.07.2014.md,JP Obsidian Vault,Reference,0.65,keywords=documentation
JP Obsidian Vault/Apple Notes/Old & Admin/Agility Notes/Diverse/Update Call  -QM.md,JP Obsidian Vault,Customers,0.73,"keywords=client,stakeholder"
JP Obsidian Vault/Apple Notes/Old & Admin/Agility Notes/Diverse/Update with Colm (Full Time Team Member).md,JP Obsidian Vault,Projects,0.65,keywords=project
JP Obsidian Vault/Apple Notes/Old & Admin/Agility Notes/Diverse/User Engagement Observations Chennai 27-29 Jan 2016.docx.md,JP Obsidian Vault,Personal,0.65,keywords=family
JP Obsidian Vault/Apple Notes/Old & Admin/Agility Notes/Diverse/User Engagment Overview.pptx.md,JP Obsidian Vault,Personal,0.65,keywords=family
JP Obsidian Vault/Apple Notes/Old & Admin/Agility Notes/Diverse/User engagement 2.md,JP Obsidian Vault,Customers,0.53,keywords=customer
JP Obsidian Vault/Apple Notes/Old & Admin/Agility Notes/Diverse/VAT India.md,JP Obsidian Vault,Reference,0.47,fallback-reference
"JP Obsidian Vault/Apple Notes/Old & Admin/Agility Notes/Diverse/We not changing the system, we just changing the view..md",JP Obsidian Vault,Customers,0.65,keywords=stakeholder
JP Obsidian Vault/Apple Notes/Old & Admin/Agility Notes/Diverse/Weekly Roll.md,JP Obsidian Vault,Reference,0.47,fallback-reference
JP Obsidian Vault/Apple Notes/Old & Admin/Agility Notes/Diverse/West Thurrock SPC process walk through 21.05.2014.md,JP Obsidian Vault,Reference,0.47,fallback-reference
JP Obsidian Vault/Apple Notes/Old & Admin/Agility Notes/Diverse/Who does what for until QM UAT.md,JP Obsidian Vault,Reference,0.47,fallback-reference
JP Obsidian Vault/Apple Notes/Old & Admin/Agility Notes/Diverse/Won lost.md,JP Obsidian Vault,Reference,0.47,fallback-reference
JP Obsidian Vault/Apple Notes/Old & Admin/Agility Notes/Diverse/Written 01-03-16 0909.md,JP Obsidian Vault,Reference,0.47,fallback-reference
JP Obsidian Vault/Apple Notes/Old & Admin/Agility Notes/Diverse/Written 01-09-16 1046.md,JP Obsidian Vault,Reference,0.47,fallback-reference
"JP Obsidian Vault/Apple Notes/Old & Admin/Agility Notes/Diverse/Written 01.06.18, 0914.md",JP Obsidian Vault,Reference,0.47,fallback-reference
"JP Obsidian Vault/Apple Notes/Old & Admin/Agility Notes/Diverse/Written 01.06.18, 1001.md",JP Obsidian Vault,Reference,0.47,fallback-reference
"JP Obsidian Vault/Apple Notes/Old & Admin/Agility Notes/Diverse/Written 01.12.16, 0856.md",JP Obsidian Vault,Reference,0.47,fallback-reference
"JP Obsidian Vault/Apple Notes/Old & Admin/Agility Notes/Diverse/Written 02.11.17, 1315.md",JP Obsidian Vault,Reference,0.47,fallback-reference
JP Obsidian Vault/Apple Notes/Old & Admin/Agility Notes/Diverse/Written 03-08-16 1544.md,JP Obsidian Vault,Reference,0.47,fallback-reference
"JP Obsidian Vault/Apple Notes/Old & Admin/Agility Notes/Diverse/Written 03.04.17, 1020.md",JP Obsidian Vault,Reference,0.47,fallback-reference
"JP Obsidian Vault/Apple Notes/Old & Admin/Agility Notes/Diverse/Written 03.04.17, 2008.md",JP Obsidian Vault,Reference,0.47,fallback-reference
"JP Obsidian Vault/Apple Notes/Old & Admin/Agility Notes/Diverse/Written 03.09.18, 0746.md",JP Obsidian Vault,Reference,0.47,fallback-reference
"JP Obsidian Vault/Apple Notes/Old & Admin/Agility Notes/Diverse/Written 04.10.17, 1453.md",JP Obsidian Vault,Reference,0.47,fallback-reference
"JP Obsidian Vault/Apple Notes/Old & Admin/Agility Notes/Diverse/Written 04.10.17, 1454.md",JP Obsidian Vault,Reference,0.47,fallback-reference
JP Obsidian Vault/Apple Notes/Old & Admin/Agility Notes/Diverse/Written 05-05-15 0944.md,JP Obsidian Vault,Reference,0.47,fallback-reference
"JP Obsidian Vault/Apple Notes/Old & Admin/Agility Notes/Diverse/Written 05.03.18, 1835.md",JP Obsidian Vault,Reference,0.47,fallback-reference
"JP Obsidian Vault/Apple Notes/Old & Admin/Agility Notes/Diverse/Written 05.06.18, 0903.md",JP Obsidian Vault,Reference,0.47,fallback-reference
"JP Obsidian Vault/Apple Notes/Old & Admin/Agility Notes/Diverse/Written 05.09.17, 1416.md",JP Obsidian Vault,Reference,0.47,fallback-reference
"JP Obsidian Vault/Apple Notes/Old & Admin/Agility Notes/Diverse/Written 05.12.16, 1006.md",JP Obsidian Vault,Reference,0.47,fallback-reference
JP Obsidian Vault/Apple Notes/Old & Admin/Agility Notes/Diverse/Written 06-06-16 1313.md,JP Obsidian Vault,Reference,0.47,fallback-reference
"JP Obsidian Vault/Apple Notes/Old & Admin/Agility Notes/Diverse/Written 06.03.17, 1324.md",JP Obsidian Vault,Reference,0.47,fallback-reference
"JP Obsidian Vault/Apple Notes/Old & Admin/Agility Notes/Diverse/Written 06.09.17, 1018.md",JP Obsidian Vault,Reference,0.47,fallback-reference
"JP Obsidian Vault/Apple Notes/Old & Admin/Agility Notes/Diverse/Written 06.11.18, 1602.md",JP Obsidian Vault,Reference,0.47,fallback-reference
"JP Obsidian Vault/Apple Notes/Old & Admin/Agility Notes/Diverse/Written 07.03.17, 1022.md",JP Obsidian Vault,Reference,0.47,fallback-reference
"JP Obsidian Vault/Apple Notes/Old & Admin/Agility Notes/Diverse/Written 07.08.17, 0938.md",JP Obsidian Vault,Reference,0.47,fallback-reference
"JP Obsidian Vault/Apple Notes/Old & Admin/Agility Notes/Diverse/Written 07.12.17, 1808.md",JP Obsidian Vault,Reference,0.47,fallback-reference
"JP Obsidian Vault/Apple Notes/Old & Admin/Agility Notes/Diverse/Written 07.12.17, 2001.md",JP Obsidian Vault,Reference,0.47,fallback-reference
JP Obsidian Vault/Apple Notes/Old & Admin/Agility Notes/Diverse/Written 08-06-16 1018.md,JP Obsidian Vault,Reference,0.47,fallback-reference
"JP Obsidian Vault/Apple Notes/Old & Admin/Agility Notes/Diverse/Written 08.05.18, 0900.md",JP Obsidian Vault,Reference,0.47,fallback-reference
"JP Obsidian Vault/Apple Notes/Old & Admin/Agility Notes/Diverse/Written 08.11.16, 1003.md",JP Obsidian Vault,Reference,0.47,fallback-reference
JP Obsidian Vault/Apple Notes/Old & Admin/Agility Notes/Diverse/Written 10-06-15 1919.md,JP Obsidian Vault,Reference,0.47,fallback-reference
JP Obsidian Vault/Apple Notes/Old & Admin/Agility Notes/Diverse/Written 10-06-16 1858.md,JP Obsidian Vault,Reference,0.47,fallback-reference
"JP Obsidian Vault/Apple Notes/Old & Admin/Agility Notes/Diverse/Written 10.01.18, 2026.md",JP Obsidian Vault,Reference,0.47,fallback-reference
"JP Obsidian Vault/Apple Notes/Old & Admin/Agility Notes/Diverse/Written 10.04.17, 0906.md",JP Obsidian Vault,Reference,0.47,fallback-reference
"JP Obsidian Vault/Apple Notes/Old & Admin/Agility Notes/Diverse/Written 10.07.17, 1725.md",JP Obsidian Vault,Reference,0.47,fallback-reference
"JP Obsidian Vault/Apple Notes/Old & Admin/Agility Notes/Diverse/Written 10.08.18, 1755.md",JP Obsidian Vault,Reference,0.47,fallback-reference
"JP Obsidian Vault/Apple Notes/Old & Admin/Agility Notes/Diverse/Written 10.09.18, 1407.md",JP Obsidian Vault,Reference,0.47,fallback-reference
"JP Obsidian Vault/Apple Notes/Old & Admin/Agility Notes/Diverse/Written 10.11.16, 1317.md",JP Obsidian Vault,Reference,0.47,fallback-reference
"JP Obsidian Vault/Apple Notes/Old & Admin/Agility Notes/Diverse/Written 10.11.17, 0835.md",JP Obsidian Vault,Reference,0.47,fallback-reference
"JP Obsidian Vault/Apple Notes/Old & Admin/Agility Notes/Diverse/Written 10.11.17, 1106.md",JP Obsidian Vault,Reference,0.47,fallback-reference
"JP Obsidian Vault/Apple Notes/Old & Admin/Agility Notes/Diverse/Written 11.05.18, 1002.md",JP Obsidian Vault,Reference,0.47,fallback-reference
"JP Obsidian Vault/Apple Notes/Old & Admin/Agility Notes/Diverse/Written 11.08.17, 1650.md",JP Obsidian Vault,Reference,0.47,fallback-reference
"JP Obsidian Vault/Apple Notes/Old & Admin/Agility Notes/Diverse/Written 11.09.17, 1158.md",JP Obsidian Vault,Reference,0.47,fallback-reference
"JP Obsidian Vault/Apple Notes/Old & Admin/Agility Notes/Diverse/Written 12.04.18, 0845.md",JP Obsidian Vault,Reference,0.47,fallback-reference
JP Obsidian Vault/Apple Notes/Old & Admin/Agility Notes/Diverse/Written 13-09-16 1544.md,JP Obsidian Vault,Reference,0.47,fallback-reference
"JP Obsidian Vault/Apple Notes/Old & Admin/Agility Notes/Diverse/Written 13.07.17, 0947.md",JP Obsidian Vault,Reference,0.47,fallback-reference
"JP Obsidian Vault/Apple Notes/Old & Admin/Agility Notes/Diverse/Written 13.07.17, 1137.md",JP Obsidian Vault,Reference,0.47,fallback-reference
"JP Obsidian Vault/Apple Notes/Old & Admin/Agility Notes/Diverse/Written 13.09.17, 0951.md",JP Obsidian Vault,Reference,0.47,fallback-reference
"JP Obsidian Vault/Apple Notes/Old & Admin/Agility Notes/Diverse/Written 13.09.18, 1019.md",JP Obsidian Vault,Reference,0.47,fallback-reference
"JP Obsidian Vault/Apple Notes/Old & Admin/Agility Notes/Diverse/Written 13.09.18, 1354.md",JP Obsidian Vault,Reference,0.47,fallback-reference
"JP Obsidian Vault/Apple Notes/Old & Admin/Agility Notes/Diverse/Written 13.11.17, 1332.md",JP Obsidian Vault,Reference,0.47,fallback-reference
"JP Obsidian Vault/Apple Notes/Old & Admin/Agility Notes/Diverse/Written 13.11.18, 1208.md",JP Obsidian Vault,Reference,0.47,fallback-reference
"JP Obsidian Vault/Apple Notes/Old & Admin/Agility Notes/Diverse/Written 13.12.17, 1256.md",JP Obsidian Vault,Reference,0.47,fallback-reference
JP Obsidian Vault/Apple Notes/Old & Admin/Agility Notes/Diverse/Written 14-09-16 1000.md,JP Obsidian Vault,Reference,0.47,fallback-reference
"JP Obsidian Vault/Apple Notes/Old & Admin/Agility Notes/Diverse/Written 14.05.18, 0935.md",JP Obsidian Vault,Reference,0.47,fallback-reference
"JP Obsidian Vault/Apple Notes/Old & Admin/Agility Notes/Diverse/Written 14.06.17, 1005.md",JP Obsidian Vault,Reference,0.47,fallback-reference
"JP Obsidian Vault/Apple Notes/Old & Admin/Agility Notes/Diverse/Written 14.11.16, 1049.md",JP Obsidian Vault,Reference,0.47,fallback-reference
"JP Obsidian Vault/Apple Notes/Old & Admin/Agility Notes/Diverse/Written 14.11.17, 1106.md",JP Obsidian Vault,Reference,0.47,fallback-reference
"JP Obsidian Vault/Apple Notes/Old & Admin/Agility Notes/Diverse/Written 15.09.17, 0923.md",JP Obsidian Vault,Reference,0.47,fallback-reference
"JP Obsidian Vault/Apple Notes/Old & Admin/Agility Notes/Diverse/Written 15.09.17, 1440.md",JP Obsidian Vault,Reference,0.47,fallback-reference
JP Obsidian Vault/Apple Notes/Old & Admin/Agility Notes/Diverse/Written 16-06-15 1934.md,JP Obsidian Vault,Reference,0.47,fallback-reference
JP Obsidian Vault/Apple Notes/Old & Admin/Agility Notes/Diverse/Written 16-08-16 0931.md,JP Obsidian Vault,Reference,0.47,fallback-reference
"JP Obsidian Vault/Apple Notes/Old & Admin/Agility Notes/Diverse/Written 16.01.18, 1255.md",JP Obsidian Vault,Reference,0.47,fallback-reference
"JP Obsidian Vault/Apple Notes/Old & Admin/Agility Notes/Diverse/Written 16.05.18, 0838.md",JP Obsidian Vault,Reference,0.47,fallback-reference
"JP Obsidian Vault/Apple Notes/Old & Admin/Agility Notes/Diverse/Written 16.08.18, 1659.md",JP Obsidian Vault,Reference,0.47,fallback-reference
"JP Obsidian Vault/Apple Notes/Old & Admin/Agility Notes/Diverse/Written 16.09.16, 1600.md",JP Obsidian Vault,Reference,0.47,fallback-reference
"JP Obsidian Vault/Apple Notes/Old & Admin/Agility Notes/Diverse/Written 16.11.16, 1311.md",JP Obsidian Vault,Reference,0.47,fallback-reference
"JP Obsidian Vault/Apple Notes/Old & Admin/Agility Notes/Diverse/Written 17.04.18, 1034.md",JP Obsidian Vault,Reference,0.47,fallback-reference
"JP Obsidian Vault/Apple Notes/Old & Admin/Agility Notes/Diverse/Written 17.08.17, 1123.md",JP Obsidian Vault,Reference,0.47,fallback-reference
"JP Obsidian Vault/Apple Notes/Old & Admin/Agility Notes/Diverse/Written 17.08.17, 1721.md",JP Obsidian Vault,Reference,0.47,fallback-reference
"JP Obsidian Vault/Apple Notes/Old & Admin/Agility Notes/Diverse/Written 17.11.17, 1615.md",JP Obsidian Vault,Reference,0.47,fallback-reference
JP Obsidian Vault/Apple Notes/Old & Admin/Agility Notes/Diverse/Written 18-08-16 1026.md,JP Obsidian Vault,Reference,0.47,fallback-reference
"JP Obsidian Vault/Apple Notes/Old & Admin/Agility Notes/Diverse/Written 18.09.17, 1503.md",JP Obsidian Vault,Reference,0.47,fallback-reference
"JP Obsidian Vault/Apple Notes/Old & Admin/Agility Notes/Diverse/Written 18.09.18, 1213.md",JP Obsidian Vault,Reference,0.47,fallback-reference
JP Obsidian Vault/Apple Notes/Old & Admin/Agility Notes/Diverse/Written 19-08-16 0956.md,JP Obsidian Vault,Reference,0.47,fallback-reference
"JP Obsidian Vault/Apple Notes/Old & Admin/Agility Notes/Diverse/Written 19.11.18, 0914.md",JP Obsidian Vault,Reference,0.47,fallback-reference
JP Obsidian Vault/Apple Notes/Old & Admin/Agility Notes/Diverse/Written 20-04-15 1235.md,JP Obsidian Vault,Reference,0.47,fallback-reference
"JP Obsidian Vault/Apple Notes/Old & Admin/Agility Notes/Diverse/Written 20.02.18, 1346.md",JP Obsidian Vault,Reference,0.47,fallback-reference
"JP Obsidian Vault/Apple Notes/Old & Admin/Agility Notes/Diverse/Written 20.03.17, 1108.md",JP Obsidian Vault,Reference,0.47,fallback-reference
"JP Obsidian Vault/Apple Notes/Old & Admin/Agility Notes/Diverse/Written 20.08.17, 2015.md",JP Obsidian Vault,Reference,0.47,fallback-reference
"JP Obsidian Vault/Apple Notes/Old & Admin/Agility Notes/Diverse/Written 20.09.16, 0930.md",JP Obsidian Vault,Reference,0.47,fallback-reference
JP Obsidian Vault/Apple Notes/Old & Admin/Agility Notes/Diverse/Written 21-05-15 1847.md,JP Obsidian Vault,Reference,0.47,fallback-reference
JP Obsidian Vault/Apple Notes/Old & Admin/Agility Notes/Diverse/Written 21-06-16 1350.md,JP Obsidian Vault,Reference,0.47,fallback-reference
"JP Obsidian Vault/Apple Notes/Old & Admin/Agility Notes/Diverse/Written 21.08.18, 1504.md",JP Obsidian Vault,Reference,0.47,fallback-reference
"JP Obsidian Vault/Apple Notes/Old & Admin/Agility Notes/Diverse/Written 21.09.16, 0902.md",JP Obsidian Vault,Reference,0.47,fallback-reference
"JP Obsidian Vault/Apple Notes/Old & Admin/Agility Notes/Diverse/Written 21.09.17, 2136.md",JP Obsidian Vault,Reference,0.47,fallback-reference
"JP Obsidian Vault/Apple Notes/Old & Admin/Agility Notes/Diverse/Written 21.09.18, 1007.md",JP Obsidian Vault,Reference,0.47,fallback-reference
"JP Obsidian Vault/Apple Notes/Old & Admin/Agility Notes/Diverse/Written 21.11.16, 1602.md",JP Obsidian Vault,Reference,0.47,fallback-reference
JP Obsidian Vault/Apple Notes/Old & Admin/Agility Notes/Diverse/Written 22-02-16 0858.md,JP Obsidian Vault,Reference,0.47,fallback-reference
JP Obsidian Vault/Apple Notes/Old & Admin/Agility Notes/Diverse/Written 22-04-15 1002.md,JP Obsidian Vault,Reference,0.47,fallback-reference
JP Obsidian Vault/Apple Notes/Old & Admin/Agility Notes/Diverse/Written 22-05-15 1343.md,JP Obsidian Vault,Reference,0.47,fallback-reference
JP Obsidian Vault/Apple Notes/Old & Admin/Agility Notes/Diverse/Written 22-08-16 1053.md,JP Obsidian Vault,Reference,0.47,fallback-reference
"JP Obsidian Vault/Apple Notes/Old & Admin/Agility Notes/Diverse/Written 22.03.17, 1007.md",JP Obsidian Vault,Reference,0.47,fallback-reference
"JP Obsidian Vault/Apple Notes/Old & Admin/Agility Notes/Diverse/Written 22.05.18, 1339.md",JP Obsidian Vault,Reference,0.47,fallback-reference
"JP Obsidian Vault/Apple Notes/Old & Admin/Agility Notes/Diverse/Written 22.08.17, 1030.md",JP Obsidian Vault,Reference,0.47,fallback-reference
"JP Obsidian Vault/Apple Notes/Old & Admin/Agility Notes/Diverse/Written 22.11.16, 0943.md",JP Obsidian Vault,Reference,0.47,fallback-reference
JP Obsidian Vault/Apple Notes/Old & Admin/Agility Notes/Diverse/Written 23-08-16 1508.md,JP Obsidian Vault,Reference,0.47,fallback-reference
"JP Obsidian Vault/Apple Notes/Old & Admin/Agility Notes/Diverse/Written 23.01.17, 0955.md",JP Obsidian Vault,Reference,0.47,fallback-reference
"JP Obsidian Vault/Apple Notes/Old & Admin/Agility Notes/Diverse/Written 23.04.18, 1343.md",JP Obsidian Vault,Reference,0.47,fallback-reference
"JP Obsidian Vault/Apple Notes/Old & Admin/Agility Notes/Diverse/Written 23.05.18, 1734.md",JP Obsidian Vault,Reference,0.47,fallback-reference
"JP Obsidian Vault/Apple Notes/Old & Admin/Agility Notes/Diverse/Written 23.07.18, 1209.md",JP Obsidian Vault,Reference,0.47,fallback-reference
"JP Obsidian Vault/Apple Notes/Old & Admin/Agility Notes/Diverse/Written 23.09.17, 1431.md",JP Obsidian Vault,Reference,0.47,fallback-reference
"JP Obsidian Vault/Apple Notes/Old & Admin/Agility Notes/Diverse/Written 23.10.17, 0955.md",JP Obsidian Vault,Reference,0.47,fallback-reference
JP Obsidian Vault/Apple Notes/Old & Admin/Agility Notes/Diverse/Written 24-06-16 1106.md,JP Obsidian Vault,Reference,0.47,fallback-reference
JP Obsidian Vault/Apple Notes/Old & Admin/Agility Notes/Diverse/Written 24-06-16 1510.md,JP Obsidian Vault,Reference,0.47,fallback-reference
JP Obsidian Vault/Apple Notes/Old & Admin/Agility Notes/Diverse/Written 24-08-16 1042.md,JP Obsidian Vault,Reference,0.47,fallback-reference
"JP Obsidian Vault/Apple Notes/Old & Admin/Agility Notes/Diverse/Written 24.10.17, 1956.md",JP Obsidian Vault,Reference,0.47,fallback-reference
"JP Obsidian Vault/Apple Notes/Old & Admin/Agility Notes/Diverse/Written 24.11.16, 1333.md",JP Obsidian Vault,Reference,0.47,fallback-reference
"JP Obsidian Vault/Apple Notes/Old & Admin/Agility Notes/Diverse/Written 24.11.16, 1937.md",JP Obsidian Vault,Reference,0.47,fallback-reference
JP Obsidian Vault/Apple Notes/Old & Admin/Agility Notes/Diverse/Written 25-05-16 0906.md,JP Obsidian Vault,Reference,0.47,fallback-reference
"JP Obsidian Vault/Apple Notes/Old & Admin/Agility Notes/Diverse/Written 25.05.18, 1033.md",JP Obsidian Vault,Reference,0.47,fallback-reference
"JP Obsidian Vault/Apple Notes/Old & Admin/Agility Notes/Diverse/Written 25.06.18, 1417.md",JP Obsidian Vault,Reference,0.47,fallback-reference
"JP Obsidian Vault/Apple Notes/Old & Admin/Agility Notes/Diverse/Written 25.10.18, 0947.md",JP Obsidian Vault,Reference,0.47,fallback-reference
"JP Obsidian Vault/Apple Notes/Old & Admin/Agility Notes/Diverse/Written 26.03.18, 0952.md",JP Obsidian Vault,Reference,0.47,fallback-reference
"JP Obsidian Vault/Apple Notes/Old & Admin/Agility Notes/Diverse/Written 26.06.17, 1131.md",JP Obsidian Vault,Reference,0.47,fallback-reference
"JP Obsidian Vault/Apple Notes/Old & Admin/Agility Notes/Diverse/Written 26.07.17, 0946.md",JP Obsidian Vault,Reference,0.47,fallback-reference
"JP Obsidian Vault/Apple Notes/Old & Admin/Agility Notes/Diverse/Written 26.07.18, 1525.md",JP Obsidian Vault,Reference,0.47,fallback-reference
"JP Obsidian Vault/Apple Notes/Old & Admin/Agility Notes/Diverse/Written 26.09.16, 0909.md",JP Obsidian Vault,Reference,0.47,fallback-reference
JP Obsidian Vault/Apple Notes/Old & Admin/Agility Notes/Diverse/Written 27-06-16 0859.md,JP Obsidian Vault,Reference,0.47,fallback-reference
JP Obsidian Vault/Apple Notes/Old & Admin/Agility Notes/Diverse/Written 27-07-16 1513.md,JP Obsidian Vault,Reference,0.47,fallback-reference
"JP Obsidian Vault/Apple Notes/Old & Admin/Agility Notes/Diverse/Written 27.01.17, 1301.md",JP Obsidian Vault,Reference,0.47,fallback-reference
"JP Obsidian Vault/Apple Notes/Old & Admin/Agility Notes/Diverse/Written 27.01.17, 1348.md",JP Obsidian Vault,Reference,0.47,fallback-reference
"JP Obsidian Vault/Apple Notes/Old & Admin/Agility Notes/Diverse/Written 27.06.17, 1928.md",JP Obsidian Vault,Reference,0.47,fallback-reference
JP Obsidian Vault/Apple Notes/Old & Admin/Agility Notes/Diverse/Written 28-07-16 1437.md,JP Obsidian Vault,Reference,0.47,fallback-reference
"JP Obsidian Vault/Apple Notes/Old & Admin/Agility Notes/Diverse/Written 28.03.17, 1447.md",JP Obsidian Vault,Reference,0.47,fallback-reference
"JP Obsidian Vault/Apple Notes/Old & Admin/Agility Notes/Diverse/Written 29.08.18, 2250.md",JP Obsidian Vault,Reference,0.47,fallback-reference
"JP Obsidian Vault/Apple Notes/Old & Admin/Agility Notes/Diverse/Written 29.09.16, 0845.md",JP Obsidian Vault,Reference,0.47,fallback-reference
JP Obsidian Vault/Apple Notes/Old & Admin/Agility Notes/Diverse/Written 30-05-16 0850.md,JP Obsidian Vault,Reference,0.47,fallback-reference
"JP Obsidian Vault/Apple Notes/Old & Admin/Agility Notes/Diverse/Written 30.03.17, 0927.md",JP Obsidian Vault,Reference,0.47,fallback-reference
"JP Obsidian Vault/Apple Notes/Old & Admin/Agility Notes/Diverse/Written 30.05.18, 1301.md",JP Obsidian Vault,Reference,0.47,fallback-reference
"JP Obsidian Vault/Apple Notes/Old & Admin/Agility Notes/Diverse/Written 30.05.18, 1610.md",JP Obsidian Vault,Reference,0.47,fallback-reference
"JP Obsidian Vault/Apple Notes/Old & Admin/Agility Notes/Diverse/Written 30.08.18, 1744.md",JP Obsidian Vault,Reference,0.47,fallback-reference
JP Obsidian Vault/Apple Notes/Old & Admin/Agility Notes/Diverse/Written 31-08-16 0912.md,JP Obsidian Vault,Reference,0.47,fallback-reference
"JP Obsidian Vault/Apple Notes/Old & Admin/Agility Notes/Diverse/Written 31.10.18, 1230.md",JP Obsidian Vault,Reference,0.47,fallback-reference
"JP Obsidian Vault/Apple Notes/Old & Admin/Agility Notes/Diverse/Written 31.10.18, 1409.md",JP Obsidian Vault,Reference,0.47,fallback-reference
"JP Obsidian Vault/Apple Notes/Old & Admin/Agility Notes/Diverse/Written 31.10.18, 1715.md",JP Obsidian Vault,Reference,0.47,fallback-reference
JP Obsidian Vault/Apple Notes/Old & Admin/Agility Notes/Diverse/alpha-beta discussion.md,JP Obsidian Vault,Reference,0.47,fallback-reference
JP Obsidian Vault/Apple Notes/Old & Admin/Agility Notes/Diverse/floating rates.md,JP Obsidian Vault,Reference,0.47,fallback-reference
JP Obsidian Vault/Apple Notes/Old & Admin/Agility Notes/Diverse/how can you allow Keren not using it in NY.md,JP Obsidian Vault,Customers,0.65,keywords=stakeholder
JP Obsidian Vault/Apple Notes/Old & Admin/Agility Notes/Diverse/joint approach infrastructure + feedback for training (Steve Mia August….md,JP Obsidian Vault,Reference,0.47,fallback-reference
JP Obsidian Vault/Apple Notes/Old & Admin/Agility Notes/Diverse/notes - meeting with Steve - brakefast media one.md,JP Obsidian Vault,Meetings,0.73,"keywords=meeting,workshop"
JP Obsidian Vault/Apple Notes/Old & Admin/Agility Notes/Diverse/notes from call with steve (06.06.2014).md,JP Obsidian Vault,Reference,0.47,fallback-reference
JP Obsidian Vault/Apple Notes/Old & Admin/Agility Notes/Diverse/passport copy.md,JP Obsidian Vault,Personal,0.65,keywords=family
JP Obsidian Vault/Apple Notes/Old & Admin/Agility Notes/Diverse/push it forward or pushing back for the close (how will this work….md,JP Obsidian Vault,Reference,0.47,fallback-reference
JP Obsidian Vault/Apple Notes/Old & Admin/Agility Notes/Diverse/resignation's in China.md,JP Obsidian Vault,Personal,0.65,keywords=family
JP Obsidian Vault/Apple Notes/Old & Admin/Agility Notes/Diverse/running Todo's.md,JP Obsidian Vault,Reference,0.47,fallback-reference
JP Obsidian Vault/Apple Notes/Old & Admin/Agility Notes/Diverse/simulation.md,JP Obsidian Vault,Projects,0.53,keywords=plan
JP Obsidian Vault/Apple Notes/Old & Admin/Agility Notes/Diverse/survey.md,JP Obsidian Vault,Reference,0.47,fallback-reference
JP Obsidian Vault/Apple Notes/Old & Admin/Agility Notes/Diverse/to do's 1.md,JP Obsidian Vault,Projects,0.85,"keywords=plan,project"
JP Obsidian Vault/Apple Notes/Old & Admin/Agility Notes/Diverse/to do's before we leave.md,JP Obsidian Vault,Reference,0.47,fallback-reference
JP Obsidian Vault/Apple Notes/Old & Admin/Agility Notes/Diverse/unter test scenario speichern CReq_T.Scenarios.md,JP Obsidian Vault,Reference,0.47,fallback-reference
JP Obsidian Vault/Apple Notes/Old & Admin/Agility Notes/Diverse/use own User ID -- change to.md,JP Obsidian Vault,Reference,0.47,fallback-reference
JP Obsidian Vault/Apple Notes/Old & Admin/Agility Notes/Diverse/user engagement 2 1.md,JP Obsidian Vault,Customers,0.53,keywords=customer
JP Obsidian Vault/Apple Notes/Old & Admin/Agility Notes/Diverse/vorgespräch 30.01.2015.md,JP Obsidian Vault,Reference,0.47,fallback-reference
JP Obsidian Vault/Apple Notes/Old & Admin/Agility Notes/Diverse/weight brake vs pivot weight.md,JP Obsidian Vault,Reference,0.47,fallback-reference
JP Obsidian Vault/Apple Notes/Old & Admin/Agility Notes/FOCiS/ATM.md,JP Obsidian Vault,Reference,0.47,fallback-reference
JP Obsidian Vault/Apple Notes/Old & Admin/Agility Notes/FOCiS/CRP/CRP Boston.md,JP Obsidian Vault,Reference,0.47,fallback-reference
JP Obsidian Vault/Apple Notes/Old & Admin/Agility Notes/FOCiS/Calendar.md,JP Obsidian Vault,Meetings,0.53,keywords=meeting
JP Obsidian Vault/Apple Notes/Old & Admin/Agility Notes/FOCiS/FOCiS Change Management Framework_TLT Update Sept 2017_v1.3_31.08.2017….md,JP Obsidian Vault,Reference,0.47,fallback-reference
JP Obsidian Vault/Apple Notes/Old & Admin/Agility Notes/FOCiS/FOCiS Implementation Team Resume V_01.pptx.md,JP Obsidian Vault,Reference,0.47,fallback-reference
JP Obsidian Vault/Apple Notes/Old & Admin/Agility Notes/FOCiS/Finance Change Management Workshop.md,JP Obsidian Vault,Meetings,0.81,"keywords=meeting,minutes,workshop"
JP Obsidian Vault/Apple Notes/Old & Admin/Agility Notes/FOCiS/JA Glossary.md,JP Obsidian Vault,Reference,0.47,fallback-reference
JP Obsidian Vault/Apple Notes/Old & Admin/Agility Notes/FOCiS/Job Growth Notes APAC.md,JP Obsidian Vault,AI,0.65,keywords=model
JP Obsidian Vault/Apple Notes/Old & Admin/Agility Notes/FOCiS/NPC/EUR Update 12.05.2015 QM-NPC.md,JP Obsidian Vault,Reference,0.47,fallback-reference
JP Obsidian Vault/Apple Notes/Old & Admin/Agility Notes/FOCiS/NPC/Implementation Requirements.md,JP Obsidian Vault,Meetings,0.53,keywords=workshop
JP Obsidian Vault/Apple Notes/Old & Admin/Agility Notes/FOCiS/NPC/NPC Workflow Process.md,JP Obsidian Vault,Reference,0.47,fallback-reference
JP Obsidian Vault/Apple Notes/Old & Admin/Agility Notes/FOCiS/NPC/SMDM and NPC Testing Notes.md,JP Obsidian Vault,Reference,0.47,fallback-reference
JP Obsidian Vault/Apple Notes/Old & Admin/Agility Notes/FOCiS/NPC/Untitled note.md,JP Obsidian Vault,Ideas,0.73,"keywords=concept,draft"
JP Obsidian Vault/Apple Notes/Old & Admin/Agility Notes/FOCiS/Quotation Module/2. QM country-level utilization – what is current C-CEO guidance on….md,JP Obsidian Vault,Meetings,0.81,"keywords=agenda,meeting,workshop"
JP Obsidian Vault/Apple Notes/Old & Admin/Agility Notes/FOCiS/Quotation Module/Americas Status.md,JP Obsidian Vault,Reference,0.47,fallback-reference
JP Obsidian Vault/Apple Notes/Old & Admin/Agility Notes/FOCiS/Quotation Module/FW Pre-req for QM functions draft_30May.xlsx.md,JP Obsidian Vault,Personal,0.65,keywords=family
JP Obsidian Vault/Apple Notes/Old & Admin/Agility Notes/FOCiS/Quotation Module/Imp Update.md,JP Obsidian Vault,Ideas,0.65,keywords=draft
JP Obsidian Vault/Apple Notes/Old & Admin/Agility Notes/FOCiS/Quotation Module/QM APAC.md,JP Obsidian Vault,Personal,0.53,keywords=family
JP Obsidian Vault/Apple Notes/Old & Admin/Agility Notes/FOCiS/Quotation Module/QM ATM Report.md,JP Obsidian Vault,Personal,0.53,keywords=family
JP Obsidian Vault/Apple Notes/Old & Admin/Agility Notes/FOCiS/Quotation Module/QM Update User Rights.pptx.md,JP Obsidian Vault,Reference,0.47,fallback-reference
JP Obsidian Vault/Apple Notes/Old & Admin/Agility Notes/FOCiS/Quotation Module/QM by SteveM.md,JP Obsidian Vault,Ideas,0.53,keywords=concept
JP Obsidian Vault/Apple Notes/Old & Admin/Agility Notes/FOCiS/Quotation Module/RE Billing Process CH - Feedback- Questions.md,JP Obsidian Vault,Customers,0.73,"keywords=account,customer"
JP Obsidian Vault/Apple Notes/Old & Admin/Agility Notes/FOCiS/Quotation Module/RE Metrics QM - Update.md,JP Obsidian Vault,Personal,0.53,keywords=family
JP Obsidian Vault/Apple Notes/Old & Admin/Agility Notes/FOCiS/Quotation Module/RE QM China Implementation meeting - 22Apr.md,JP Obsidian Vault,Meetings,0.73,"keywords=agenda,meeting"
JP Obsidian Vault/Apple Notes/Old & Admin/Agility Notes/FOCiS/Quotation Module/RE QM Fact Sheets - Next Steps.md,JP Obsidian Vault,Reference,0.47,fallback-reference
JP Obsidian Vault/Apple Notes/Old & Admin/Agility Notes/FOCiS/SJC.md,JP Obsidian Vault,Reference,0.47,fallback-reference
JP Obsidian Vault/Apple Notes/Old & Admin/Agility Notes/FOCiS/Simulation/NWC current new proposal.md,JP Obsidian Vault,Ideas,0.53,keywords=proposal
JP Obsidian Vault/Apple Notes/Old & Admin/Agility Notes/FOCiS/Simulation/SMDM Simulation Table.xlsx.md,JP Obsidian Vault,Reference,0.47,fallback-reference
JP Obsidian Vault/Apple Notes/Old & Admin/Agility Notes/FOCiS/Simulation/Simulatino 2 Next Steps.md,JP Obsidian Vault,Customers,0.53,keywords=customer
JP Obsidian Vault/Apple Notes/Old & Admin/Agility Notes/FOCiS/Simulation/Simulation (1) FCL (NVOCC) Review.md,JP Obsidian Vault,Customers,0.73,"keywords=customer,stakeholder"
JP Obsidian Vault/Apple Notes/Old & Admin/Agility Notes/FOCiS/Simulation/Simulation 2.md,JP Obsidian Vault,Customers,0.65,keywords=account
JP Obsidian Vault/Apple Notes/Old & Admin/Agility Notes/FOCiS/Simulation/identify the users involved.md,JP Obsidian Vault,Reference,0.47,fallback-reference
JP Obsidian Vault/Apple Notes/Old & Admin/Agility Notes/FOCiS/Step1.md,JP Obsidian Vault,Reference,0.47,fallback-reference
JP Obsidian Vault/Apple Notes/Old & Admin/Agility Notes/FOCiS/Subject USC - FOCiS Dept.md,JP Obsidian Vault,Projects,0.53,keywords=project
JP Obsidian Vault/Apple Notes/Old & Admin/Agility Notes/FOCiS/User Engagemetn/(UO) A standing Calendar.md,JP Obsidian Vault,Meetings,0.81,"keywords=agenda,meeting,workshop"
JP Obsidian Vault/Apple Notes/Old & Admin/Agility Notes/FOCiS/User Engagemetn/6_UE Explanations_v1.3_23.09.2016.ppt.md,JP Obsidian Vault,Meetings,0.99,"keywords=agenda,meeting,minutes"
JP Obsidian Vault/Apple Notes/Old & Admin/Agility Notes/FOCiS/User Engagemetn/Day 2 - Birmingham.md,JP Obsidian Vault,Reference,0.47,fallback-reference
JP Obsidian Vault/Apple Notes/Old & Admin/Agility Notes/FOCiS/User Engagemetn/Day 3.md,JP Obsidian Vault,Customers,0.73,"keywords=customer,stakeholder"
JP Obsidian Vault/Apple Notes/Old & Admin/Agility Notes/FOCiS/User Engagemetn/Day2.md,JP Obsidian Vault,Customers,0.53,keywords=customer
JP Obsidian Vault/Apple Notes/Old & Admin/Agility Notes/FOCiS/User Engagemetn/RE Review Branch Management Dashboard (Draft).md,JP Obsidian Vault,Meetings,0.53,keywords=meeting
JP Obsidian Vault/Apple Notes/Old & Admin/Agility Notes/FOCiS/User Engagemetn/SME Beta - Freight X - Online Quote Beta.md,JP Obsidian Vault,Projects,0.53,keywords=project
JP Obsidian Vault/Apple Notes/Old & Admin/Agility Notes/FOCiS/User Engagemetn/UE 4 Mumbai.md,JP Obsidian Vault,Customers,0.53,keywords=customer
JP Obsidian Vault/Apple Notes/Old & Admin/Agility Notes/FOCiS/User Engagemetn/UE 5 Mumbai.md,JP Obsidian Vault,Customers,0.53,keywords=customer
JP Obsidian Vault/Apple Notes/Old & Admin/Agility Notes/FOCiS/User Engagemetn/UE Germany.md,JP Obsidian Vault,Reference,0.47,fallback-reference
JP Obsidian Vault/Apple Notes/Old & Admin/Agility Notes/FOCiS/User Engagemetn/User Engagment Overview.pptx.md,JP Obsidian Vault,Projects,0.53,keywords=plan
JP Obsidian Vault/Apple Notes/Old & Admin/Agility Notes/FOCiS/User Engagemetn/User Observation.md,JP Obsidian Vault,Ideas,0.65,keywords=idea
JP Obsidian Vault/Apple Notes/Old & Admin/Agility Notes/FOCiS/User Engagemetn/Virtual User Observation_draft_v1.14.06.2017.ppt.md,JP Obsidian Vault,Reference,0.47,fallback-reference
JP Obsidian Vault/Apple Notes/Old & Admin/Agility Notes/FOCiS/User Engagemetn/user observation 1.md,JP Obsidian Vault,Reference,0.47,fallback-reference
JP Obsidian Vault/Apple Notes/Old & Admin/Agility Notes/People/Biju Evening Call.md,JP Obsidian Vault,Meetings,0.85,"keywords=agenda,minutes"
JP Obsidian Vault/Apple Notes/Old & Admin/Agility Notes/People/Essa Update.md,JP Obsidian Vault,Reference,0.47,fallback-reference
JP Obsidian Vault/Apple Notes/Old & Admin/Agility Notes/People/Interview Clara Wyss.md,JP Obsidian Vault,Reference,0.47,fallback-reference
"JP Obsidian Vault/Apple Notes/Old & Admin/Agility Notes/People/Interview Ivan Jakovic, Basel Aug 4th 2014.md",JP Obsidian Vault,Reference,0.47,fallback-reference
JP Obsidian Vault/Apple Notes/Old & Admin/Agility Notes/Team Meetings/Agenda Day 1.md,JP Obsidian Vault,Meetings,0.65,keywords=agenda
JP Obsidian Vault/Apple Notes/Old & Admin/Agility Notes/Team Meetings/Agenda Draft.md,JP Obsidian Vault,Meetings,0.61,"keywords=agenda,meeting"
JP Obsidian Vault/Apple Notes/Old & Admin/Agility Notes/Team Meetings/Follow Up Team Meeting in Manchester March 2017.md,JP Obsidian Vault,Customers,0.73,"keywords=customer,stakeholder"
JP Obsidian Vault/Apple Notes/Old & Admin/Agility Notes/Team Meetings/Slides.md,JP Obsidian Vault,Meetings,0.65,keywords=meeting
"JP Obsidian Vault/Apple Notes/Old & Admin/Agility Notes/Team Meetings/TLT agenda June - v1.0 - June 9, 2017.xlsx.md",JP Obsidian Vault,Meetings,0.65,keywords=agenda
"JP Obsidian Vault/Apple Notes/Old & Admin/Agility Notes/Written 19.11.18, 0914.md",JP Obsidian Vault,Reference,0.47,fallback-reference
"JP Obsidian Vault/Apple Notes/Old & Admin/CV's & Jobs/1 Minute Introduction of JP Lang, Swiss AviationSoftware - Business….md",JP Obsidian Vault,Customers,0.53,keywords=account
JP Obsidian Vault/Apple Notes/Old & Admin/CV's & Jobs/CV updates - Anna.md,JP Obsidian Vault,Personal,0.65,keywords=personal
JP Obsidian Vault/Apple Notes/Old & Admin/CV's & Jobs/Cap gemini guido 27.09.md,JP Obsidian Vault,Reference,0.47,fallback-reference
JP Obsidian Vault/Apple Notes/Old & Admin/CV's & Jobs/Mailboxes ETC/ETC - what does it stander (other things).md,JP Obsidian Vault,Customers,0.53,keywords=customer
JP Obsidian Vault/Apple Notes/Old & Admin/CV's & Jobs/Mailboxes ETC/MBE Questions.md,JP Obsidian Vault,Reference,0.47,fallback-reference
JP Obsidian Vault/Apple Notes/Old & Admin/CV's & Jobs/NEw CV idears.md,JP Obsidian Vault,Reference,0.47,fallback-reference
JP Obsidian Vault/Apple Notes/Old & Admin/CV's & Jobs/Roche Notes.md,JP Obsidian Vault,Projects,0.73,"keywords=delivery,project"
JP Obsidian Vault/Apple Notes/Old & Admin/CV's & Jobs/Work Agility/-1.md,JP Obsidian Vault,Reference,0.47,fallback-reference
JP Obsidian Vault/Apple Notes/Old & Admin/CV's & Jobs/Work Agility/4' you' tain- _____ $ _____ Repu't _.md,JP Obsidian Vault,Reference,0.47,fallback-reference
JP Obsidian Vault/Apple Notes/Old & Admin/CV's & Jobs/Work Agility/Cap Gemini Call.md,JP Obsidian Vault,Reference,0.47,fallback-reference
JP Obsidian Vault/Apple Notes/Old & Admin/CV's & Jobs/Work Agility/Cap Gemini off the shelf.md,JP Obsidian Vault,Reference,0.47,fallback-reference
JP Obsidian Vault/Apple Notes/Old & Admin/CV's & Jobs/Work Agility/Cass invoicing.md,JP Obsidian Vault,Reference,0.65,keywords=manual
JP Obsidian Vault/Apple Notes/Old & Admin/CV's & Jobs/Work Agility/Chris price 01 07 2019.md,JP Obsidian Vault,Reference,0.47,fallback-reference
JP Obsidian Vault/Apple Notes/Old & Admin/CV's & Jobs/Work Agility/Expect same.md,JP Obsidian Vault,Personal,0.85,"keywords=family,life"
JP Obsidian Vault/Apple Notes/Old & Admin/CV's & Jobs/Work Agility/Initial categorization doc review - by cap gemini.md,JP Obsidian Vault,Meetings,0.65,keywords=meeting
JP Obsidian Vault/Apple Notes/Old & Admin/CV's & Jobs/Work Agility/Jonathan - JP.md,JP Obsidian Vault,Personal,0.73,"keywords=family,personal"
JP Obsidian Vault/Apple Notes/Old & Admin/CV's & Jobs/Work Agility/Markus.md,JP Obsidian Vault,Reference,0.47,fallback-reference
JP Obsidian Vault/Apple Notes/Old & Admin/CV's & Jobs/Work Agility/New Note.md,JP Obsidian Vault,Reference,0.47,fallback-reference
JP Obsidian Vault/Apple Notes/Old & Admin/CV's & Jobs/Work Agility/Pre Workshop Speech & Cap Gemini.md,JP Obsidian Vault,Meetings,0.73,"keywords=meeting,workshop"
JP Obsidian Vault/Apple Notes/Old & Admin/CV's & Jobs/Work Agility/___ for Manual ____ f 2.md,JP Obsidian Vault,Reference,0.65,keywords=manual
JP Obsidian Vault/Apple Notes/Old & Admin/CV's & Jobs/Work Agility/add changemanagement framework.md,JP Obsidian Vault,Reference,0.47,fallback-reference
JP Obsidian Vault/Apple Notes/Old & Admin/Cargo Partner/AGENDA CW1 workshop.md,JP Obsidian Vault,Customers,0.81,"keywords=client,crm,customer"
JP Obsidian Vault/Apple Notes/Old & Admin/Cargo Partner/Account Management Steering 2nd steering.md,JP Obsidian Vault,Customers,0.65,keywords=account
JP Obsidian Vault/Apple Notes/Old & Admin/Cargo Partner/BPO jour fix.md,JP Obsidian Vault,Reference,0.47,fallback-reference
JP Obsidian Vault/Apple Notes/Old & Admin/Cargo Partner/BRO-OPEL-TQM-GMtCPM-Tah.md,JP Obsidian Vault,Reference,0.47,fallback-reference
JP Obsidian Vault/Apple Notes/Old & Admin/Cargo Partner/CDO Intro COM alignment.md,JP Obsidian Vault,Reference,0.47,fallback-reference
"JP Obsidian Vault/Apple Notes/Old & Admin/Cargo Partner/Call mario (ssc, global meeting, dna).md",JP Obsidian Vault,Meetings,0.65,keywords=meeting
JP Obsidian Vault/Apple Notes/Old & Admin/Cargo Partner/Cargo Partner Schweiz.md,JP Obsidian Vault,DPWorld,0.65,keywords=cargo
JP Obsidian Vault/Apple Notes/Old & Admin/Cargo Partner/Cargowise (gregory bruce).md,JP Obsidian Vault,Reference,0.47,fallback-reference
JP Obsidian Vault/Apple Notes/Old & Admin/Cargo Partner/Control towers.md,JP Obsidian Vault,Reference,0.47,fallback-reference
JP Obsidian Vault/Apple Notes/Old & Admin/Cargo Partner/Current ToDo’s.md,JP Obsidian Vault,Customers,0.61,"keywords=account,customer"
JP Obsidian Vault/Apple Notes/Old & Admin/Cargo Partner/Cw1 steering 29 10.md,JP Obsidian Vault,Reference,0.47,fallback-reference
JP Obsidian Vault/Apple Notes/Old & Admin/Cargo Partner/Deliverables Mario.md,JP Obsidian Vault,Reference,0.47,fallback-reference
JP Obsidian Vault/Apple Notes/Old & Admin/Cargo Partner/Deliverables ROM’s Meeting.md,JP Obsidian Vault,Customers,0.53,keywords=customer
JP Obsidian Vault/Apple Notes/Old & Admin/Cargo Partner/Digital Board.md,JP Obsidian Vault,Reference,0.47,fallback-reference
JP Obsidian Vault/Apple Notes/Old & Admin/Cargo Partner/Felix OPM 20.10.md,JP Obsidian Vault,Reference,0.47,fallback-reference
JP Obsidian Vault/Apple Notes/Old & Admin/Cargo Partner/Global Meeting.md,JP Obsidian Vault,Meetings,0.65,keywords=meeting
JP Obsidian Vault/Apple Notes/Old & Admin/Cargo Partner/Hr lever.md,JP Obsidian Vault,Reference,0.47,fallback-reference
JP Obsidian Vault/Apple Notes/Old & Admin/Cargo Partner/Human Ressources/1 Raum.md,JP Obsidian Vault,Meetings,0.65,keywords=workshop
JP Obsidian Vault/Apple Notes/Old & Admin/Cargo Partner/Human Ressources/Agenda.md,JP Obsidian Vault,Meetings,0.65,keywords=agenda
JP Obsidian Vault/Apple Notes/Old & Admin/Cargo Partner/Human Ressources/Aleksandar.md,JP Obsidian Vault,Reference,0.47,fallback-reference
JP Obsidian Vault/Apple Notes/Old & Admin/Cargo Partner/Human Ressources/Lever to do.md,JP Obsidian Vault,Reference,0.47,fallback-reference
JP Obsidian Vault/Apple Notes/Old & Admin/Cargo Partner/Human Ressources/Mit nutzung.md,JP Obsidian Vault,Meetings,0.65,keywords=meeting
JP Obsidian Vault/Apple Notes/Old & Admin/Cargo Partner/Intros Week 2.md,JP Obsidian Vault,Reference,0.47,fallback-reference
JP Obsidian Vault/Apple Notes/Old & Admin/Cargo Partner/Jar fix - miletich exchange.md,JP Obsidian Vault,Reference,0.47,fallback-reference
JP Obsidian Vault/Apple Notes/Old & Admin/Cargo Partner/Jour fix bpo 29.10.md,JP Obsidian Vault,Reference,0.47,fallback-reference
JP Obsidian Vault/Apple Notes/Old & Admin/Cargo Partner/Kotter - Transformation Guide.md,JP Obsidian Vault,Reference,0.65,keywords=guide
JP Obsidian Vault/Apple Notes/Old & Admin/Cargo Partner/Login & Induction.md,JP Obsidian Vault,Customers,0.53,keywords=customer
JP Obsidian Vault/Apple Notes/Old & Admin/Cargo Partner/Meeting Notes Schenzel Martin 7.12.md,JP Obsidian Vault,Meetings,0.73,"keywords=agenda,meeting"
JP Obsidian Vault/Apple Notes/Old & Admin/Cargo Partner/Molhotra Manisha Intro.md,JP Obsidian Vault,Reference,0.47,fallback-reference
JP Obsidian Vault/Apple Notes/Old & Admin/Cargo Partner/New Note.md,JP Obsidian Vault,Reference,0.47,fallback-reference
JP Obsidian Vault/Apple Notes/Old & Admin/Cargo Partner/New org.md,JP Obsidian Vault,Reference,0.47,fallback-reference
JP Obsidian Vault/Apple Notes/Old & Admin/Cargo Partner/Notes for Mario.md,JP Obsidian Vault,Projects,0.73,"keywords=plan,project"
JP Obsidian Vault/Apple Notes/Old & Admin/Cargo Partner/Operations Management Ressources.md,JP Obsidian Vault,Customers,0.53,keywords=customer
JP Obsidian Vault/Apple Notes/Old & Admin/Cargo Partner/Profit Share Air.md,JP Obsidian Vault,Reference,0.47,fallback-reference
JP Obsidian Vault/Apple Notes/Old & Admin/Cargo Partner/Question Katalog.md,JP Obsidian Vault,DPWorld,0.73,"keywords=cargo,logistics"
JP Obsidian Vault/Apple Notes/Old & Admin/Cargo Partner/Road Digitization.md,JP Obsidian Vault,Reference,0.47,fallback-reference
JP Obsidian Vault/Apple Notes/Old & Admin/Cargo Partner/Road TMS.md,JP Obsidian Vault,Customers,0.53,keywords=client
JP Obsidian Vault/Apple Notes/Old & Admin/Cargo Partner/Sales.md,JP Obsidian Vault,Reference,0.47,fallback-reference
JP Obsidian Vault/Apple Notes/Old & Admin/Cargo Partner/Sprint 1 Planning Session.md,JP Obsidian Vault,Customers,0.61,"keywords=customer,stakeholder"
JP Obsidian Vault/Apple Notes/Old & Admin/Cargo Partner/Swot.md,JP Obsidian Vault,Reference,0.47,fallback-reference
JP Obsidian Vault/Apple Notes/Old & Admin/Cargo Partner/To do Monday.md,JP Obsidian Vault,Meetings,0.65,keywords=meeting
JP Obsidian Vault/Apple Notes/Old & Admin/Cargo Partner/Woche 1.md,JP Obsidian Vault,Customers,0.53,keywords=stakeholder
JP Obsidian Vault/Apple Notes/Old & Admin/Crypto/Accounts and Password (Coinrunners).md,JP Obsidian Vault,Personal,0.73,"keywords=family,health"
JP Obsidian Vault/Apple Notes/Old & Admin/Crypto/Accounts and Passwords.md,JP Obsidian Vault,Customers,0.53,keywords=account
JP Obsidian Vault/Apple Notes/Old & Admin/Crypto/BCC - target 2250 - SOLD AT +14%.md,JP Obsidian Vault,Reference,0.47,fallback-reference
JP Obsidian Vault/Apple Notes/Old & Admin/Crypto/BFT - BnK To The Future.md,JP Obsidian Vault,Reference,0.47,fallback-reference
JP Obsidian Vault/Apple Notes/Old & Admin/Crypto/BLZ (LongTerm Hold.md,JP Obsidian Vault,Reference,0.47,fallback-reference
JP Obsidian Vault/Apple Notes/Old & Admin/Crypto/CashBet.md,JP Obsidian Vault,Reference,0.47,fallback-reference
JP Obsidian Vault/Apple Notes/Old & Admin/Crypto/Cosmic Trading.md,JP Obsidian Vault,Customers,0.53,keywords=account
JP Obsidian Vault/Apple Notes/Old & Admin/Crypto/Crypto Education.md,JP Obsidian Vault,Reference,0.47,fallback-reference
JP Obsidian Vault/Apple Notes/Old & Admin/Crypto/Current Signals in holding.md,JP Obsidian Vault,Reference,0.47,fallback-reference
JP Obsidian Vault/Apple Notes/Old & Admin/Crypto/Ferien Liste.md,JP Obsidian Vault,Reference,0.47,fallback-reference
JP Obsidian Vault/Apple Notes/Old & Admin/Crypto/Flexa.md,JP Obsidian Vault,Reference,0.47,fallback-reference
JP Obsidian Vault/Apple Notes/Old & Admin/Crypto/GTO - target 8639 - closed for loss.md,JP Obsidian Vault,Reference,0.47,fallback-reference
JP Obsidian Vault/Apple Notes/Old & Admin/Crypto/HOLO (HOT).md,JP Obsidian Vault,Reference,0.47,fallback-reference
JP Obsidian Vault/Apple Notes/Old & Admin/Crypto/IDAP all infos.md,JP Obsidian Vault,Customers,0.65,keywords=account
JP Obsidian Vault/Apple Notes/Old & Admin/Crypto/IDAP.md,JP Obsidian Vault,Reference,0.47,fallback-reference
JP Obsidian Vault/Apple Notes/Old & Admin/Crypto/LBA Libra Credit (Long Term Hold).md,JP Obsidian Vault,Reference,0.47,fallback-reference
JP Obsidian Vault/Apple Notes/Old & Admin/Crypto/LOOM - HODL 2months.md,JP Obsidian Vault,Reference,0.47,fallback-reference
JP Obsidian Vault/Apple Notes/Old & Admin/Crypto/LTC Sold at loss ... 0.017037.md,JP Obsidian Vault,Reference,0.47,fallback-reference
JP Obsidian Vault/Apple Notes/Old & Admin/Crypto/Latest BTC white list.md,JP Obsidian Vault,Reference,0.47,fallback-reference
JP Obsidian Vault/Apple Notes/Old & Admin/Crypto/Matrix AI (MAN) Newly on Kukoin (moved to Huobi).md,JP Obsidian Vault,AI,0.65,keywords=ai
JP Obsidian Vault/Apple Notes/Old & Admin/Crypto/Mining.md,JP Obsidian Vault,Reference,0.47,fallback-reference
JP Obsidian Vault/Apple Notes/Old & Admin/Crypto/Modern Finance Chain (MFX).md,JP Obsidian Vault,Reference,0.47,fallback-reference
JP Obsidian Vault/Apple Notes/Old & Admin/Crypto/NANO Swing.md,JP Obsidian Vault,Reference,0.47,fallback-reference
JP Obsidian Vault/Apple Notes/Old & Admin/Crypto/NEO - sold at lost.md,JP Obsidian Vault,Reference,0.47,fallback-reference
JP Obsidian Vault/Apple Notes/Old & Admin/Crypto/NEXO (moved to NEXO wallet).md,JP Obsidian Vault,Reference,0.47,fallback-reference
JP Obsidian Vault/Apple Notes/Old & Admin/Crypto/New Note.md,JP Obsidian Vault,Reference,0.47,fallback-reference
JP Obsidian Vault/Apple Notes/Old & Admin/Crypto/OUNA ICO.md,JP Obsidian Vault,Reference,0.47,fallback-reference
JP Obsidian Vault/Apple Notes/Old & Admin/Crypto/Only the King ETH BTC USDT all the same (bitrex-USDT all the same….md,JP Obsidian Vault,Reference,0.47,fallback-reference
JP Obsidian Vault/Apple Notes/Old & Admin/Crypto/PEP ICO (not proceeded and died).md,JP Obsidian Vault,Reference,0.47,fallback-reference
JP Obsidian Vault/Apple Notes/Old & Admin/Crypto/Poly (Long Term Hold).md,JP Obsidian Vault,Reference,0.47,fallback-reference
JP Obsidian Vault/Apple Notes/Old & Admin/Crypto/RLC (bought at arround 2.1USD).md,JP Obsidian Vault,Reference,0.47,fallback-reference
JP Obsidian Vault/Apple Notes/Old & Admin/Crypto/SOLD TRON TRX target 1410-1700 - SL 718.md,JP Obsidian Vault,Reference,0.47,fallback-reference
JP Obsidian Vault/Apple Notes/Old & Admin/Crypto/STOP Oders.md,JP Obsidian Vault,Reference,0.47,fallback-reference
JP Obsidian Vault/Apple Notes/Old & Admin/Crypto/Safe as grandma (all ETH BTC  USDT the same).md,JP Obsidian Vault,Reference,0.47,fallback-reference
JP Obsidian Vault/Apple Notes/Old & Admin/Crypto/Short Bot Starting Point 30-12-2018.md,JP Obsidian Vault,Reference,0.47,fallback-reference
JP Obsidian Vault/Apple Notes/Old & Admin/Crypto/Signal Results.md,JP Obsidian Vault,Reference,0.47,fallback-reference
JP Obsidian Vault/Apple Notes/Old & Admin/Crypto/Signals Vinbot/Bug Reports.md,JP Obsidian Vault,Reference,0.47,fallback-reference
JP Obsidian Vault/Apple Notes/Old & Admin/Crypto/Signals Vinbot/Development Suggestions.md,JP Obsidian Vault,Ideas,0.65,keywords=idea
JP Obsidian Vault/Apple Notes/Old & Admin/Crypto/Signals Vinbot/From Vili Vatafu to Me (Privately) (0701 PM).md,JP Obsidian Vault,Reference,0.47,fallback-reference
JP Obsidian Vault/Apple Notes/Old & Admin/Crypto/Signals to Track.md,JP Obsidian Vault,Personal,0.65,keywords=family
JP Obsidian Vault/Apple Notes/Old & Admin/Crypto/Sold to trade.md,JP Obsidian Vault,Reference,0.47,fallback-reference
JP Obsidian Vault/Apple Notes/Old & Admin/Crypto/Starting Point Learning World.md,JP Obsidian Vault,Reference,0.47,fallback-reference
"JP Obsidian Vault/Apple Notes/Old & Admin/Crypto/Swing - GTOBTC Lisa (fucked up, sold at SL).md",JP Obsidian Vault,Reference,0.47,fallback-reference
JP Obsidian Vault/Apple Notes/Old & Admin/Crypto/Swing Lisa - Lend.md,JP Obsidian Vault,Reference,0.47,fallback-reference
JP Obsidian Vault/Apple Notes/Old & Admin/Crypto/TomoChain TOMO NEwly on Kukoin.md,JP Obsidian Vault,Reference,0.47,fallback-reference
"JP Obsidian Vault/Apple Notes/Old & Admin/Crypto/USDT Surving the Wafe DCA, Pair, Indicator prior boost.md",JP Obsidian Vault,Reference,0.47,fallback-reference
JP Obsidian Vault/Apple Notes/Old & Admin/Crypto/ZEBI (ZCO).md,JP Obsidian Vault,Reference,0.47,fallback-reference
JP Obsidian Vault/Apple Notes/Old & Admin/Crypto/Zanetta.md,JP Obsidian Vault,Meetings,0.73,"keywords=agenda,meeting"
JP Obsidian Vault/Apple Notes/Onboarding - Offboarding.md,JP Obsidian Vault,Meetings,0.53,keywords=agenda
JP Obsidian Vault/Apple Notes/Ooo.md,JP Obsidian Vault,Customers,0.65,keywords=customer
JP Obsidian Vault/Apple Notes/Ordering process.md,JP Obsidian Vault,Projects,0.65,keywords=plan
JP Obsidian Vault/Apple Notes/Org.md,JP Obsidian Vault,Reference,0.47,fallback-reference
JP Obsidian Vault/Apple Notes/Otto.md,JP Obsidian Vault,Customers,0.73,"keywords=account,customer"
JP Obsidian Vault/Apple Notes/Our pension.md,JP Obsidian Vault,Reference,0.47,fallback-reference
JP Obsidian Vault/Apple Notes/Our purpose is to transform non-strategic procurement costs into strategic….md,JP Obsidian Vault,Reference,0.47,fallback-reference
JP Obsidian Vault/Apple Notes/Out of the Box Update Call.md,JP Obsidian Vault,Ideas,0.65,keywords=concept
JP Obsidian Vault/Apple Notes/PCC Call Prep.md,JP Obsidian Vault,Reference,0.47,fallback-reference
JP Obsidian Vault/Apple Notes/PCC Prep for 1st of April.md,JP Obsidian Vault,Customers,0.73,"keywords=crm,customer"
JP Obsidian Vault/Apple Notes/PCC.md,JP Obsidian Vault,Customers,0.65,keywords=customer
JP Obsidian Vault/Apple Notes/PIC's first Container.md,JP Obsidian Vault,Reference,0.47,fallback-reference
JP Obsidian Vault/Apple Notes/PMI Meeting Frankfurt.md,JP Obsidian Vault,Projects,0.53,keywords=plan
JP Obsidian Vault/Apple Notes/PO-PL I1 classics _ rest Agile.md,JP Obsidian Vault,Reference,0.47,fallback-reference
JP Obsidian Vault/Apple Notes/PSF.md,JP Obsidian Vault,Reference,0.47,fallback-reference
JP Obsidian Vault/Apple Notes/Packing Notes.md,JP Obsidian Vault,Reference,0.47,fallback-reference
JP Obsidian Vault/Apple Notes/Packliste JP.md,JP Obsidian Vault,Reference,0.47,fallback-reference
JP Obsidian Vault/Apple Notes/Packliste Wildhaus.md,JP Obsidian Vault,HiFi,0.65,keywords=speaker
JP Obsidian Vault/Apple Notes/Paolo.md,JP Obsidian Vault,Reference,0.47,fallback-reference
JP Obsidian Vault/Apple Notes/Papi Okologie Ablauf.md,JP Obsidian Vault,Personal,0.53,keywords=family
JP Obsidian Vault/Apple Notes/Papier Heizungserneuerung.md,JP Obsidian Vault,Reference,0.47,fallback-reference
JP Obsidian Vault/Apple Notes/Parasound P-FET 900 Vorstufe – revidiert.md,JP Obsidian Vault,Reference,0.65,keywords=reference
JP Obsidian Vault/Apple Notes/Party Amelie.md,JP Obsidian Vault,Reference,0.47,fallback-reference
JP Obsidian Vault/Apple Notes/PassCIQ.md,JP Obsidian Vault,Reference,0.47,fallback-reference
JP Obsidian Vault/Apple Notes/Paycargo - alternative.md,JP Obsidian Vault,Reference,0.47,fallback-reference
JP Obsidian Vault/Apple Notes/Pcc 21.01.25.md,JP Obsidian Vault,Reference,0.47,fallback-reference
JP Obsidian Vault/Apple Notes/Pcc march 4th.md,JP Obsidian Vault,Reference,0.47,fallback-reference
JP Obsidian Vault/Apple Notes/Pens.md,JP Obsidian Vault,Reference,0.47,fallback-reference
JP Obsidian Vault/Apple Notes/Pfarrer.md,JP Obsidian Vault,Reference,0.47,fallback-reference
JP Obsidian Vault/Apple Notes/Pictet kickoff.md,JP Obsidian Vault,Reference,0.47,fallback-reference
JP Obsidian Vault/Apple Notes/Pictet.md,JP Obsidian Vault,Reference,0.47,fallback-reference
JP Obsidian Vault/Apple Notes/Pieter asks if the one that looks at it.md,JP Obsidian Vault,Reference,0.65,keywords=guide
JP Obsidian Vault/Apple Notes/Pmi roadmap workshop.md,JP Obsidian Vault,Projects,0.53,keywords=roadmap
JP Obsidian Vault/Apple Notes/Pmi ws.md,JP Obsidian Vault,DPWorld,0.65,keywords=dp
JP Obsidian Vault/Apple Notes/Post cdc ao ae.md,JP Obsidian Vault,Reference,0.47,fallback-reference
JP Obsidian Vault/Apple Notes/Postmortem.md,JP Obsidian Vault,Projects,0.65,keywords=delivery
JP Obsidian Vault/Apple Notes/Pre Meeting cw1 hamburg.md,JP Obsidian Vault,Meetings,0.65,keywords=meeting
"JP Obsidian Vault/Apple Notes/Pre-read attached, initial status below..md",JP Obsidian Vault,Projects,0.53,keywords=delivery
JP Obsidian Vault/Apple Notes/Pre-req for QM functions draft_30May.xlsx.md,JP Obsidian Vault,Personal,0.65,keywords=family
JP Obsidian Vault/Apple Notes/Prep for Tuesday.md,JP Obsidian Vault,Projects,0.65,keywords=project
JP Obsidian Vault/Apple Notes/Presight clarification call AI.md,JP Obsidian Vault,DPWorld,0.81,"keywords=dp,logistics,port"
JP Obsidian Vault/Apple Notes/Privat/'AWE.md,JP Obsidian Vault,Reference,0.47,fallback-reference
JP Obsidian Vault/Apple Notes/Privat/3.       Formatting your paper.md,JP Obsidian Vault,Reference,0.47,fallback-reference
JP Obsidian Vault/Apple Notes/Privat/BRO-Jaurfix.md,JP Obsidian Vault,Reference,0.47,fallback-reference
JP Obsidian Vault/Apple Notes/Privat/Bergmatten/Bergmatten Versammlung.md,JP Obsidian Vault,Reference,0.47,fallback-reference
JP Obsidian Vault/Apple Notes/Privat/Bergmatten/New Note.md,JP Obsidian Vault,Reference,0.47,fallback-reference
JP Obsidian Vault/Apple Notes/Privat/Bergmatten/Regimo basel ag.md,JP Obsidian Vault,Reference,0.47,fallback-reference
JP Obsidian Vault/Apple Notes/Privat/Bergmatten/Verwaltung und Anträge.md,JP Obsidian Vault,Reference,0.47,fallback-reference
JP Obsidian Vault/Apple Notes/Privat/Bpo update.md,JP Obsidian Vault,Reference,0.47,fallback-reference
JP Obsidian Vault/Apple Notes/Privat/DB CBE Update.md,JP Obsidian Vault,Reference,0.47,fallback-reference
JP Obsidian Vault/Apple Notes/Privat/DQ.md,JP Obsidian Vault,Reference,0.47,fallback-reference
JP Obsidian Vault/Apple Notes/Privat/Einkaufliste.md,JP Obsidian Vault,Reference,0.47,fallback-reference
JP Obsidian Vault/Apple Notes/Privat/Fasnacht/- zusammenfassen alle bestellungen ( und denn mit New York).md,JP Obsidian Vault,Reference,0.47,fallback-reference
JP Obsidian Vault/Apple Notes/Privat/Fasnacht/500 litter.md,JP Obsidian Vault,Reference,0.47,fallback-reference
JP Obsidian Vault/Apple Notes/Privat/Fasnacht/Accounts.md,JP Obsidian Vault,Personal,0.65,keywords=family
JP Obsidian Vault/Apple Notes/Privat/Fasnacht/FKR für GV und 2018.md,JP Obsidian Vault,Personal,0.65,keywords=family
JP Obsidian Vault/Apple Notes/Privat/Fasnacht/Fasnacht 2017.md,JP Obsidian Vault,Personal,0.65,keywords=family
JP Obsidian Vault/Apple Notes/Privat/Fasnacht/Gemeinde -- FKR Besprechung 15.12.md,JP Obsidian Vault,Reference,0.47,fallback-reference
JP Obsidian Vault/Apple Notes/Privat/Fasnacht/Plagetten Fest.md,JP Obsidian Vault,Reference,0.47,fallback-reference
JP Obsidian Vault/Apple Notes/Privat/Fasnacht/Sitzig 7 july 15.md,JP Obsidian Vault,Reference,0.47,fallback-reference
JP Obsidian Vault/Apple Notes/Privat/Fasnacht/Sitzig Delux 09.md,JP Obsidian Vault,Reference,0.47,fallback-reference
JP Obsidian Vault/Apple Notes/Privat/Fasnacht/V0rst@nd.FKR.md,JP Obsidian Vault,Reference,0.47,fallback-reference
JP Obsidian Vault/Apple Notes/Privat/Fasnacht/Vorspiel Sitzig (1)16 24.10.2016.md,JP Obsidian Vault,Projects,0.53,keywords=plan
JP Obsidian Vault/Apple Notes/Privat/Fasnacht/Übergabe FKR Finanzen.md,JP Obsidian Vault,Reference,0.47,fallback-reference
JP Obsidian Vault/Apple Notes/Privat/Finned of Import.md,JP Obsidian Vault,Reference,0.47,fallback-reference
JP Obsidian Vault/Apple Notes/Privat/Fragen Denner.md,JP Obsidian Vault,Reference,0.47,fallback-reference
JP Obsidian Vault/Apple Notes/Privat/Garten 2019.md,JP Obsidian Vault,Reference,0.47,fallback-reference
JP Obsidian Vault/Apple Notes/Privat/GetAwayFindings.md,JP Obsidian Vault,Reference,0.47,fallback-reference
JP Obsidian Vault/Apple Notes/Privat/Grburt.md,JP Obsidian Vault,Reference,0.47,fallback-reference
"JP Obsidian Vault/Apple Notes/Privat/I cant focus on what i lost, i have to focus on what i have. Sometimes….md",JP Obsidian Vault,Reference,0.47,fallback-reference
JP Obsidian Vault/Apple Notes/Privat/Intro.md,JP Obsidian Vault,Reference,0.47,fallback-reference
JP Obsidian Vault/Apple Notes/Privat/Jobs/AWK WestSchweiz.md,JP Obsidian Vault,Reference,0.47,fallback-reference
JP Obsidian Vault/Apple Notes/Privat/Jobs/Call with Jared Amazon.md,JP Obsidian Vault,Reference,0.47,fallback-reference
JP Obsidian Vault/Apple Notes/Privat/Jobs/Cargo Partner.md,JP Obsidian Vault,DPWorld,0.65,keywords=cargo
JP Obsidian Vault/Apple Notes/Privat/Jobs/Execution Excellence.md,JP Obsidian Vault,Reference,0.47,fallback-reference
JP Obsidian Vault/Apple Notes/Privat/Jobs/Fincon group Nigan Bilgez 17.1.20.md,JP Obsidian Vault,Reference,0.47,fallback-reference
JP Obsidian Vault/Apple Notes/Privat/Jobs/Interview Preparation Amazon.md,JP Obsidian Vault,DPWorld,0.73,"keywords=cargo,port"
JP Obsidian Vault/Apple Notes/Privat/Jobs/Sven Ingrish  New Placement.md,JP Obsidian Vault,Reference,0.47,fallback-reference
JP Obsidian Vault/Apple Notes/Privat/Lash FUB'.md,JP Obsidian Vault,Reference,0.47,fallback-reference
JP Obsidian Vault/Apple Notes/Privat/Mbe haegi businessparc.md,JP Obsidian Vault,Reference,0.47,fallback-reference
JP Obsidian Vault/Apple Notes/Privat/My Goals/Blog ideas.md,JP Obsidian Vault,Customers,0.65,keywords=account
JP Obsidian Vault/Apple Notes/Privat/My Goals/Brainstorm for Income.md,JP Obsidian Vault,Projects,0.53,keywords=plan
JP Obsidian Vault/Apple Notes/Privat/My Goals/Concept für OpenShareServices.md,JP Obsidian Vault,Ideas,0.65,keywords=concept
JP Obsidian Vault/Apple Notes/Privat/My Goals/Desy.md,JP Obsidian Vault,Reference,0.47,fallback-reference
JP Obsidian Vault/Apple Notes/Privat/My Goals/Expenses 3.-08 bis 26.08.md,JP Obsidian Vault,Personal,0.65,keywords=family
JP Obsidian Vault/Apple Notes/Privat/My Goals/HBR reinvent yourself.md,JP Obsidian Vault,Reference,0.47,fallback-reference
JP Obsidian Vault/Apple Notes/Privat/My Goals/May 20 2020 Version 2 My Goals.md,JP Obsidian Vault,Personal,0.65,keywords=family
JP Obsidian Vault/Apple Notes/Privat/My Goals/Multiple incomes passive.md,JP Obsidian Vault,Reference,0.47,fallback-reference
JP Obsidian Vault/Apple Notes/Privat/My Goals/Why hiring me.md,JP Obsidian Vault,Personal,0.73,"keywords=family,life"
JP Obsidian Vault/Apple Notes/Privat/New Note.md,JP Obsidian Vault,Reference,0.47,fallback-reference
JP Obsidian Vault/Apple Notes/Privat/Packliste wildhaus.md,JP Obsidian Vault,Reference,0.47,fallback-reference
JP Obsidian Vault/Apple Notes/Privat/Passwords.md,JP Obsidian Vault,Customers,0.53,keywords=account
JP Obsidian Vault/Apple Notes/Privat/PodCast and Knowleage/Data as a design element.md,JP Obsidian Vault,AI,0.65,keywords=ai
JP Obsidian Vault/Apple Notes/Privat/PodCast and Knowleage/Links and tools.md,JP Obsidian Vault,Reference,0.47,fallback-reference
JP Obsidian Vault/Apple Notes/Privat/PodCast and Knowleage/Zitate.md,JP Obsidian Vault,Meetings,0.65,keywords=minutes
JP Obsidian Vault/Apple Notes/Privat/Remeber no buy zone.md,JP Obsidian Vault,Reference,0.47,fallback-reference
JP Obsidian Vault/Apple Notes/Privat/Rom meeting.md,JP Obsidian Vault,Meetings,0.65,keywords=meeting
JP Obsidian Vault/Apple Notes/Privat/SUP.md,JP Obsidian Vault,Reference,0.47,fallback-reference
JP Obsidian Vault/Apple Notes/Privat/Salami kid.md,JP Obsidian Vault,Reference,0.47,fallback-reference
JP Obsidian Vault/Apple Notes/Privat/Selbstverpflichtung.md,JP Obsidian Vault,Reference,0.47,fallback-reference
JP Obsidian Vault/Apple Notes/Privat/Silk und empire.md,JP Obsidian Vault,Reference,0.47,fallback-reference
JP Obsidian Vault/Apple Notes/Privat/Steven porges.md,JP Obsidian Vault,Reference,0.47,fallback-reference
JP Obsidian Vault/Apple Notes/Privat/Training Guide.md,JP Obsidian Vault,Personal,0.53,keywords=family
JP Obsidian Vault/Apple Notes/Privat/Vorgespräch Verhandlung 27.10.2014.md,JP Obsidian Vault,Reference,0.47,fallback-reference
JP Obsidian Vault/Apple Notes/Privat/Zeman.md,JP Obsidian Vault,Reference,0.47,fallback-reference
JP Obsidian Vault/Apple Notes/Privat/Öffnungszeiten.md,JP Obsidian Vault,Projects,0.53,keywords=plan
JP Obsidian Vault/Apple Notes/Product.md,JP Obsidian Vault,Reference,0.47,fallback-reference
JP Obsidian Vault/Apple Notes/Profit Share System.md,JP Obsidian Vault,Reference,0.53,keywords=manual
JP Obsidian Vault/Apple Notes/Profit shAre.md,JP Obsidian Vault,Reference,0.47,fallback-reference
JP Obsidian Vault/Apple Notes/Profit share 1.md,JP Obsidian Vault,Reference,0.47,fallback-reference
JP Obsidian Vault/Apple Notes/Project Forum Ubs 24.05.md,JP Obsidian Vault,Projects,0.65,keywords=project
JP Obsidian Vault/Apple Notes/Project Goal Ensure the successful implementation of Ration Connect….md,JP Obsidian Vault,AI,0.73,"keywords=ai,prompt"
JP Obsidian Vault/Apple Notes/Project initiation ideation 7.05.md,JP Obsidian Vault,Projects,0.65,keywords=project
JP Obsidian Vault/Apple Notes/Proteshigh.md,JP Obsidian Vault,Reference,0.47,fallback-reference
JP Obsidian Vault/Apple Notes/Putting the cart before the horse.md,JP Obsidian Vault,Reference,0.47,fallback-reference
JP Obsidian Vault/Apple Notes/QM Desing Workshop - Conference Room Pilot - MIA 20.08 - 22.08.2014.md,JP Obsidian Vault,Customers,0.73,"keywords=crm,customer"
"JP Obsidian Vault/Apple Notes/QM Finish Line Plan v3 - Sep 10, 2014.xlsx.md",JP Obsidian Vault,Projects,0.85,"keywords=delivery,plan"
JP Obsidian Vault/Apple Notes/QM Reporting Working Group.md,JP Obsidian Vault,Customers,0.65,keywords=customer
JP Obsidian Vault/Apple Notes/QUOM & UserRights.md,JP Obsidian Vault,Projects,0.53,keywords=roadmap
JP Obsidian Vault/Apple Notes/Qualifiziertes workout.md,JP Obsidian Vault,Reference,0.47,fallback-reference
JP Obsidian Vault/Apple Notes/Question Mareike.md,JP Obsidian Vault,Reference,0.47,fallback-reference
JP Obsidian Vault/Apple Notes/Quick 3.0 Update.md,JP Obsidian Vault,Reference,0.65,keywords=manual
"JP Obsidian Vault/Apple Notes/QuoM halt - CW1 Spot Quote, Rates and Tarifs.md",JP Obsidian Vault,Reference,0.81,"keywords=documentation,guide,manual"
JP Obsidian Vault/Apple Notes/R cw1 minutes.md,JP Obsidian Vault,Meetings,0.81,"keywords=meeting,minutes,workshop"
JP Obsidian Vault/Apple Notes/RE Germany - Notes on QM Beta update call.md,JP Obsidian Vault,Meetings,0.53,keywords=minutes
JP Obsidian Vault/Apple Notes/RE USA - Notes on QM Beta update call.md,JP Obsidian Vault,Meetings,0.53,keywords=workshop
JP Obsidian Vault/Apple Notes/RMG & Implementation.md,JP Obsidian Vault,Reference,0.47,fallback-reference
JP Obsidian Vault/Apple Notes/ROM Meeting 23.02.md,JP Obsidian Vault,Meetings,0.53,keywords=meeting
JP Obsidian Vault/Apple Notes/Radu - 25.04 -.md,JP Obsidian Vault,Reference,0.47,fallback-reference
JP Obsidian Vault/Apple Notes/Rainer.md,JP Obsidian Vault,Reference,0.47,fallback-reference
JP Obsidian Vault/Apple Notes/Rami call.md,JP Obsidian Vault,Customers,0.53,keywords=crm
JP Obsidian Vault/Apple Notes/Rami.md,JP Obsidian Vault,Reference,0.47,fallback-reference
JP Obsidian Vault/Apple Notes/Raphi probezeit.md,JP Obsidian Vault,Reference,0.47,fallback-reference
JP Obsidian Vault/Apple Notes/Rate Mgt..md,JP Obsidian Vault,Reference,0.47,fallback-reference
JP Obsidian Vault/Apple Notes/Rav.md,JP Obsidian Vault,Reference,0.47,fallback-reference
JP Obsidian Vault/Apple Notes/Razvan - 25.04 - Buk.md,JP Obsidian Vault,Reference,0.47,fallback-reference
JP Obsidian Vault/Apple Notes/Remo update.md,JP Obsidian Vault,Reference,0.47,fallback-reference
JP Obsidian Vault/Apple Notes/Rent A Manager.md,JP Obsidian Vault,Reference,0.47,fallback-reference
JP Obsidian Vault/Apple Notes/Ripped 2.md,JP Obsidian Vault,Reference,0.47,fallback-reference
JP Obsidian Vault/Apple Notes/Risk Ressilience - slim down the list.md,JP Obsidian Vault,Customers,0.65,keywords=crm
JP Obsidian Vault/Apple Notes/Rob answers.md,JP Obsidian Vault,Customers,0.53,keywords=customer
JP Obsidian Vault/Apple Notes/Romania.md,JP Obsidian Vault,Meetings,0.53,keywords=meeting
JP Obsidian Vault/Apple Notes/Ronald.braber dpweur.com.md,JP Obsidian Vault,Reference,0.47,fallback-reference
JP Obsidian Vault/Apple Notes/Room Upstairs.md,JP Obsidian Vault,Reference,0.47,fallback-reference
JP Obsidian Vault/Apple Notes/Round Table.md,JP Obsidian Vault,Meetings,0.65,keywords=minutes
JP Obsidian Vault/Apple Notes/Rpa neo ops.md,JP Obsidian Vault,Reference,0.47,fallback-reference
JP Obsidian Vault/Apple Notes/Running List of Topics.md,JP Obsidian Vault,Customers,0.65,keywords=customer
JP Obsidian Vault/Apple Notes/Running. shoes.md,JP Obsidian Vault,Reference,0.47,fallback-reference
JP Obsidian Vault/Apple Notes/SMDM Simulation Table.xlsx.md,JP Obsidian Vault,Reference,0.47,fallback-reference
JP Obsidian Vault/Apple Notes/SMDM Update Call - Process for Beta.md,JP Obsidian Vault,Customers,0.73,"keywords=client,stakeholder"
JP Obsidian Vault/Apple Notes/SPITEX255354. 90.000.12.12.1308.md,JP Obsidian Vault,Reference,0.47,fallback-reference
JP Obsidian Vault/Apple Notes/SWAN thought trail.md,JP Obsidian Vault,Reference,0.47,fallback-reference
JP Obsidian Vault/Apple Notes/Salami pizza with garlic salami pizza with nothing.md,JP Obsidian Vault,Reference,0.47,fallback-reference
JP Obsidian Vault/Apple Notes/Samstag.md,JP Obsidian Vault,Reference,0.47,fallback-reference
JP Obsidian Vault/Apple Notes/Schedules while sick-job seeking.md,JP Obsidian Vault,Reference,0.47,fallback-reference
JP Obsidian Vault/Apple Notes/Screenshot 2024-02-20 at 11.00.59.png.md,JP Obsidian Vault,Reference,0.47,fallback-reference
JP Obsidian Vault/Apple Notes/Sea SSC - HAM.md,JP Obsidian Vault,Reference,0.47,fallback-reference
JP Obsidian Vault/Apple Notes/See.md,JP Obsidian Vault,Reference,0.47,fallback-reference
"JP Obsidian Vault/Apple Notes/Sehr geehrte Frau Soldati,.md",JP Obsidian Vault,Reference,0.47,fallback-reference
JP Obsidian Vault/Apple Notes/Sehstoerungen.md,JP Obsidian Vault,Reference,0.47,fallback-reference
"JP Obsidian Vault/Apple Notes/Seit unserem Bier am Donnerstag, denke ich viel über die Möglichkeit….md",JP Obsidian Vault,Reference,0.47,fallback-reference
JP Obsidian Vault/Apple Notes/Sen mai brit.md,JP Obsidian Vault,Reference,0.47,fallback-reference
JP Obsidian Vault/Apple Notes/Sharepoint.md,JP Obsidian Vault,Reference,0.47,fallback-reference
JP Obsidian Vault/Apple Notes/She started crying..md,JP Obsidian Vault,Reference,0.47,fallback-reference
JP Obsidian Vault/Apple Notes/Sjs workshop 4.05.md,JP Obsidian Vault,Meetings,0.65,keywords=workshop
JP Obsidian Vault/Apple Notes/Slavonir.md,JP Obsidian Vault,Reference,0.47,fallback-reference
JP Obsidian Vault/Apple Notes/Slide 1 Introduction.md,JP Obsidian Vault,Projects,0.53,keywords=milestone
JP Obsidian Vault/Apple Notes/Snapshot from 1900 NW 2nd Ave in Wilton Manors.md,JP Obsidian Vault,Reference,0.47,fallback-reference
JP Obsidian Vault/Apple Notes/So what.md,JP Obsidian Vault,Reference,0.47,fallback-reference
JP Obsidian Vault/Apple Notes/Sourc sup. Feed.md,JP Obsidian Vault,Reference,0.47,fallback-reference
JP Obsidian Vault/Apple Notes/Spitex.md,JP Obsidian Vault,Reference,0.47,fallback-reference
JP Obsidian Vault/Apple Notes/Spätzli topf vege.md,JP Obsidian Vault,Reference,0.47,fallback-reference
JP Obsidian Vault/Apple Notes/Stand ups.md,JP Obsidian Vault,Reference,0.47,fallback-reference
JP Obsidian Vault/Apple Notes/Status discription.md,JP Obsidian Vault,Reference,0.47,fallback-reference
JP Obsidian Vault/Apple Notes/Stefan P. Buk april 23.md,JP Obsidian Vault,Reference,0.47,fallback-reference
JP Obsidian Vault/Apple Notes/Steuern 2024.md,JP Obsidian Vault,Reference,0.47,fallback-reference
JP Obsidian Vault/Apple Notes/Stimmenzähler Merkblatt.md,JP Obsidian Vault,Reference,0.47,fallback-reference
JP Obsidian Vault/Apple Notes/Supplier/Murpf (holger ulrich).md,JP Obsidian Vault,Reference,0.47,fallback-reference
JP Obsidian Vault/Apple Notes/Supplier management.md,JP Obsidian Vault,Reference,0.47,fallback-reference
JP Obsidian Vault/Apple Notes/Supply chain engeneering awareness session.md,JP Obsidian Vault,Reference,0.47,fallback-reference
JP Obsidian Vault/Apple Notes/Sustainability Director Ricola.md,JP Obsidian Vault,Customers,0.53,keywords=customer
JP Obsidian Vault/Apple Notes/Svantesson - GDP.md,JP Obsidian Vault,Reference,0.47,fallback-reference
JP Obsidian Vault/Apple Notes/Sylvia Tactical today Bukarest.md,JP Obsidian Vault,Reference,0.47,fallback-reference
JP Obsidian Vault/Apple Notes/Syngenta.md,JP Obsidian Vault,Reference,0.47,fallback-reference
JP Obsidian Vault/Apple Notes/TOM Handover - GSC Europe Structure.md,JP Obsidian Vault,Reference,0.47,fallback-reference
JP Obsidian Vault/Apple Notes/TQM LOFO.md,JP Obsidian Vault,Reference,0.47,fallback-reference
JP Obsidian Vault/Apple Notes/Talent Aqusition.md,JP Obsidian Vault,Reference,0.47,fallback-reference
JP Obsidian Vault/Apple Notes/Talk ubs raffa.md,JP Obsidian Vault,Reference,0.47,fallback-reference
JP Obsidian Vault/Apple Notes/Tanja Osler.md,JP Obsidian Vault,Reference,0.47,fallback-reference
JP Obsidian Vault/Apple Notes/Tanja.md,JP Obsidian Vault,Reference,0.47,fallback-reference
JP Obsidian Vault/Apple Notes/Tanya.md,JP Obsidian Vault,Reference,0.47,fallback-reference
JP Obsidian Vault/Apple Notes/Team Lead Emea meeting 25..md,JP Obsidian Vault,Meetings,0.65,keywords=meeting
JP Obsidian Vault/Apple Notes/Team Meet.md,JP Obsidian Vault,Reference,0.47,fallback-reference
JP Obsidian Vault/Apple Notes/Team Meeting 08.08.23.md,JP Obsidian Vault,Meetings,0.65,keywords=meeting
JP Obsidian Vault/Apple Notes/Team Meeting.md,JP Obsidian Vault,Meetings,0.65,keywords=meeting
JP Obsidian Vault/Apple Notes/Team Meetings Monthly.md,JP Obsidian Vault,Projects,0.65,keywords=project
JP Obsidian Vault/Apple Notes/Team meeting 1.md,JP Obsidian Vault,Meetings,0.65,keywords=meeting
JP Obsidian Vault/Apple Notes/Team..md,JP Obsidian Vault,Reference,0.47,fallback-reference
JP Obsidian Vault/Apple Notes/Team.md,JP Obsidian Vault,Projects,0.65,keywords=plan
JP Obsidian Vault/Apple Notes/Template Mid Year.md,JP Obsidian Vault,Reference,0.47,fallback-reference
JP Obsidian Vault/Apple Notes/Template.md,JP Obsidian Vault,Customers,0.53,keywords=customer
"JP Obsidian Vault/Apple Notes/This is a really interesting opportunity, Jean Pierre. Given your….md",JP Obsidian Vault,Ideas,0.61,"keywords=draft,idea"
JP Obsidian Vault/Apple Notes/This is all artifical.md,JP Obsidian Vault,Customers,0.65,keywords=customer
JP Obsidian Vault/Apple Notes/Tiab Assessment.md,JP Obsidian Vault,Reference,0.47,fallback-reference
JP Obsidian Vault/Apple Notes/Tino 11.md,JP Obsidian Vault,Reference,0.47,fallback-reference
JP Obsidian Vault/Apple Notes/Tino T.md,JP Obsidian Vault,Reference,0.47,fallback-reference
JP Obsidian Vault/Apple Notes/Tino exit.md,JP Obsidian Vault,Reference,0.47,fallback-reference
JP Obsidian Vault/Apple Notes/Tino.md,JP Obsidian Vault,Reference,0.47,fallback-reference
JP Obsidian Vault/Apple Notes/Tk max downtown lörrach.md,JP Obsidian Vault,Reference,0.47,fallback-reference
JP Obsidian Vault/Apple Notes/To Do’s Tuesday 28th.md,JP Obsidian Vault,Reference,0.47,fallback-reference
JP Obsidian Vault/Apple Notes/ToDos.md,JP Obsidian Vault,Reference,0.47,fallback-reference
JP Obsidian Vault/Apple Notes/Todo paper.md,JP Obsidian Vault,Reference,0.65,keywords=reference
JP Obsidian Vault/Apple Notes/Todo tomorrow.md,JP Obsidian Vault,Meetings,0.65,keywords=meeting
JP Obsidian Vault/Apple Notes/Todo.md,JP Obsidian Vault,Reference,0.47,fallback-reference
JP Obsidian Vault/Apple Notes/Todos 1.md,JP Obsidian Vault,Reference,0.47,fallback-reference
JP Obsidian Vault/Apple Notes/Tomorrow todo.md,JP Obsidian Vault,Reference,0.47,fallback-reference
JP Obsidian Vault/Apple Notes/Topics for next PCC.md,JP Obsidian Vault,Reference,0.47,fallback-reference
JP Obsidian Vault/Apple Notes/Transformation RE-FM to CorpServices under new Target Model.md,JP Obsidian Vault,Customers,0.93,"keywords=client,customer,stakeholder"
JP Obsidian Vault/Apple Notes/UBS CM Community Meeting 25.04.md,JP Obsidian Vault,Meetings,0.65,keywords=meeting
JP Obsidian Vault/Apple Notes/UBS.md,JP Obsidian Vault,Reference,0.47,fallback-reference
JP Obsidian Vault/Apple Notes/Ubs by weekly.md,JP Obsidian Vault,Reference,0.47,fallback-reference
JP Obsidian Vault/Apple Notes/Ubs escreens kick off.md,JP Obsidian Vault,Reference,0.47,fallback-reference
JP Obsidian Vault/Apple Notes/Ubs kick off - swiss construction area.md,JP Obsidian Vault,Reference,0.47,fallback-reference
JP Obsidian Vault/Apple Notes/Ubs kirsten and q3 cm meeting.md,JP Obsidian Vault,Meetings,0.65,keywords=meeting
JP Obsidian Vault/Apple Notes/Unico Meeting Poland.md,JP Obsidian Vault,Meetings,0.85,"keywords=meeting,workshop"
JP Obsidian Vault/Apple Notes/Unico framework.md,JP Obsidian Vault,Customers,0.69,"keywords=client,crm,customer"
JP Obsidian Vault/Apple Notes/Unico tom workshop.md,JP Obsidian Vault,Meetings,0.65,keywords=workshop
JP Obsidian Vault/Apple Notes/Upadte Helen 26.09.2014.md,JP Obsidian Vault,Ideas,0.53,keywords=concept
JP Obsidian Vault/Apple Notes/Update for COR.md,JP Obsidian Vault,Reference,0.47,fallback-reference
JP Obsidian Vault/Apple Notes/User Story Multi Quote.md,JP Obsidian Vault,DPWorld,0.73,"keywords=cargo,port"
JP Obsidian Vault/Apple Notes/Usm.md,JP Obsidian Vault,Reference,0.47,fallback-reference
JP Obsidian Vault/Apple Notes/V1 mit verlust ner Heizians.md,JP Obsidian Vault,Reference,0.47,fallback-reference
JP Obsidian Vault/Apple Notes/Var ________ Sitzus.md,JP Obsidian Vault,Reference,0.47,fallback-reference
JP Obsidian Vault/Apple Notes/Vegan Stake Recipe.md,JP Obsidian Vault,Reference,0.47,fallback-reference
JP Obsidian Vault/Apple Notes/Vereinbarung Miriam.md,JP Obsidian Vault,Reference,0.47,fallback-reference
JP Obsidian Vault/Apple Notes/Verena hemschke.md,JP Obsidian Vault,Reference,0.47,fallback-reference
JP Obsidian Vault/Apple Notes/Verlauf Facial Parese (idiomatisch).md,JP Obsidian Vault,Reference,0.47,fallback-reference
JP Obsidian Vault/Apple Notes/Versicherungen.md,JP Obsidian Vault,Reference,0.47,fallback-reference
JP Obsidian Vault/Apple Notes/Very different.md,JP Obsidian Vault,Customers,0.53,keywords=customer
JP Obsidian Vault/Apple Notes/Very promising.md,JP Obsidian Vault,Reference,0.47,fallback-reference
JP Obsidian Vault/Apple Notes/Vic KPMG.md,JP Obsidian Vault,Reference,0.47,fallback-reference
JP Obsidian Vault/Apple Notes/Vikas Garikipati (Cargoes TMS).md,JP Obsidian Vault,DPWorld,0.99,"keywords=cargo,port,terminal"
JP Obsidian Vault/Apple Notes/Virtual Conference Freight 14 + 15 11.2024.md,JP Obsidian Vault,Projects,0.53,keywords=project
JP Obsidian Vault/Apple Notes/Visa india 2025.md,JP Obsidian Vault,Reference,0.47,fallback-reference
JP Obsidian Vault/Apple Notes/Visa.md,JP Obsidian Vault,Reference,0.47,fallback-reference
JP Obsidian Vault/Apple Notes/Vpv offert Nachbesserungen.md,JP Obsidian Vault,Reference,0.47,fallback-reference
JP Obsidian Vault/Apple Notes/Wann kommt das bett.md,JP Obsidian Vault,Reference,0.47,fallback-reference
JP Obsidian Vault/Apple Notes/We already do this.md,JP Obsidian Vault,Meetings,0.73,"keywords=minutes,standup"
JP Obsidian Vault/Apple Notes/WeekEnd Plan.md,JP Obsidian Vault,Projects,0.65,keywords=plan
JP Obsidian Vault/Apple Notes/What could i do.md,JP Obsidian Vault,Reference,0.47,fallback-reference
JP Obsidian Vault/Apple Notes/What is best.md,JP Obsidian Vault,Reference,0.47,fallback-reference
JP Obsidian Vault/Apple Notes/When started - when to start.md,JP Obsidian Vault,Reference,0.47,fallback-reference
JP Obsidian Vault/Apple Notes/White Paper - Corporate eLearning Process.md,JP Obsidian Vault,Projects,0.65,keywords=roadmap
JP Obsidian Vault/Apple Notes/White Paper “QuoM”.md,JP Obsidian Vault,Customers,0.53,keywords=customer
JP Obsidian Vault/Apple Notes/White Sunday Fun Plan A&J.md,JP Obsidian Vault,Projects,0.65,keywords=plan
JP Obsidian Vault/Apple Notes/Willhaus.md,JP Obsidian Vault,Reference,0.47,fallback-reference
JP Obsidian Vault/Apple Notes/Wintergemüse.md,JP Obsidian Vault,Reference,0.47,fallback-reference
JP Obsidian Vault/Apple Notes/Wir sind Geister und essen gern Kleister. Willst du mir nichts Süßes….md,JP Obsidian Vault,Reference,0.47,fallback-reference
JP Obsidian Vault/Apple Notes/Wisor.md,JP Obsidian Vault,Reference,0.47,fallback-reference
JP Obsidian Vault/Apple Notes/Wochenende Amelie Jämpi Liste.md,JP Obsidian Vault,Reference,0.47,fallback-reference
JP Obsidian Vault/Apple Notes/Workshop (maturing the rules for Tenders).md,JP Obsidian Vault,Customers,0.61,"keywords=account,customer"
JP Obsidian Vault/Apple Notes/Writing sample Jean Piere Lang.md,JP Obsidian Vault,Reference,0.47,fallback-reference
JP Obsidian Vault/Apple Notes/Writing sample Year Pierre Lang.md,JP Obsidian Vault,Reference,0.47,fallback-reference
"JP Obsidian Vault/Apple Notes/Written 01.06.18, 1001.md",JP Obsidian Vault,Reference,0.47,fallback-reference
"JP Obsidian Vault/Apple Notes/Written 03.04.17, 1020.md",JP Obsidian Vault,Reference,0.47,fallback-reference
"JP Obsidian Vault/Apple Notes/Written 03.04.17, 2008.md",JP Obsidian Vault,Reference,0.47,fallback-reference
"JP Obsidian Vault/Apple Notes/Written 04.10.17, 1453.md",JP Obsidian Vault,Reference,0.47,fallback-reference
"JP Obsidian Vault/Apple Notes/Written 05.12.16, 1006.md",JP Obsidian Vault,Reference,0.47,fallback-reference
"JP Obsidian Vault/Apple Notes/Written 06.03.17, 1324.md",JP Obsidian Vault,Reference,0.47,fallback-reference
"JP Obsidian Vault/Apple Notes/Written 06.09.17, 1018.md",JP Obsidian Vault,Reference,0.47,fallback-reference
"JP Obsidian Vault/Apple Notes/Written 07.03.17, 1022.md",JP Obsidian Vault,Reference,0.47,fallback-reference
"JP Obsidian Vault/Apple Notes/Written 08.11.16, 1003.md",JP Obsidian Vault,Reference,0.47,fallback-reference
"JP Obsidian Vault/Apple Notes/Written 10.04.17, 0906.md",JP Obsidian Vault,Reference,0.47,fallback-reference
"JP Obsidian Vault/Apple Notes/Written 10.07.17, 1725.md",JP Obsidian Vault,Reference,0.47,fallback-reference
"JP Obsidian Vault/Apple Notes/Written 10.09.18, 1407.md",JP Obsidian Vault,Reference,0.47,fallback-reference
"JP Obsidian Vault/Apple Notes/Written 10.11.16, 1317.md",JP Obsidian Vault,Reference,0.47,fallback-reference
"JP Obsidian Vault/Apple Notes/Written 10.11.17, 0835.md",JP Obsidian Vault,Reference,0.47,fallback-reference
"JP Obsidian Vault/Apple Notes/Written 11.05.18, 1002.md",JP Obsidian Vault,Reference,0.47,fallback-reference
"JP Obsidian Vault/Apple Notes/Written 11.08.17, 1650.md",JP Obsidian Vault,Reference,0.47,fallback-reference
JP Obsidian Vault/Apple Notes/Written 13-09-16 1544.md,JP Obsidian Vault,Reference,0.47,fallback-reference
"JP Obsidian Vault/Apple Notes/Written 13.07.17, 0947.md",JP Obsidian Vault,Reference,0.47,fallback-reference
"JP Obsidian Vault/Apple Notes/Written 13.07.17, 1137.md",JP Obsidian Vault,Reference,0.47,fallback-reference
"JP Obsidian Vault/Apple Notes/Written 13.09.17, 0951.md",JP Obsidian Vault,Reference,0.47,fallback-reference
"JP Obsidian Vault/Apple Notes/Written 13.09.18, 1354.md",JP Obsidian Vault,Reference,0.47,fallback-reference
"JP Obsidian Vault/Apple Notes/Written 15.09.17, 0923.md",JP Obsidian Vault,Reference,0.47,fallback-reference
"JP Obsidian Vault/Apple Notes/Written 15.09.17, 1440.md",JP Obsidian Vault,Reference,0.47,fallback-reference
"JP Obsidian Vault/Apple Notes/Written 16.11.16, 1311.md",JP Obsidian Vault,Reference,0.47,fallback-reference
"JP Obsidian Vault/Apple Notes/Written 17.08.17, 1123.md",JP Obsidian Vault,Reference,0.47,fallback-reference
"JP Obsidian Vault/Apple Notes/Written 17.08.17, 1721.md",JP Obsidian Vault,Reference,0.47,fallback-reference
"JP Obsidian Vault/Apple Notes/Written 18.09.17, 1503.md",JP Obsidian Vault,Reference,0.47,fallback-reference
"JP Obsidian Vault/Apple Notes/Written 18.09.18, 1213.md",JP Obsidian Vault,Reference,0.47,fallback-reference
"JP Obsidian Vault/Apple Notes/Written 20.03.17, 1108.md",JP Obsidian Vault,Reference,0.47,fallback-reference
"JP Obsidian Vault/Apple Notes/Written 20.08.17, 2015.md",JP Obsidian Vault,Reference,0.47,fallback-reference
"JP Obsidian Vault/Apple Notes/Written 21.09.17, 2136.md",JP Obsidian Vault,Reference,0.47,fallback-reference
"JP Obsidian Vault/Apple Notes/Written 21.09.18, 1007.md",JP Obsidian Vault,Reference,0.47,fallback-reference
"JP Obsidian Vault/Apple Notes/Written 22.08.17, 1030.md",JP Obsidian Vault,Reference,0.47,fallback-reference
"JP Obsidian Vault/Apple Notes/Written 22.11.16, 0943.md",JP Obsidian Vault,Reference,0.47,fallback-reference
"JP Obsidian Vault/Apple Notes/Written 23.04.18, 1343.md",JP Obsidian Vault,Reference,0.47,fallback-reference
"JP Obsidian Vault/Apple Notes/Written 23.05.18, 1734.md",JP Obsidian Vault,Reference,0.47,fallback-reference
"JP Obsidian Vault/Apple Notes/Written 23.10.17, 0955.md",JP Obsidian Vault,Reference,0.47,fallback-reference
"JP Obsidian Vault/Apple Notes/Written 24.11.16, 1333.md",JP Obsidian Vault,Reference,0.47,fallback-reference
"JP Obsidian Vault/Apple Notes/Written 24.11.16, 1937.md",JP Obsidian Vault,Reference,0.47,fallback-reference
"JP Obsidian Vault/Apple Notes/Written 25.05.18, 1033.md",JP Obsidian Vault,Reference,0.47,fallback-reference
"JP Obsidian Vault/Apple Notes/Written 26.06.17, 1131.md",JP Obsidian Vault,Reference,0.47,fallback-reference
"JP Obsidian Vault/Apple Notes/Written 27.01.17, 1301.md",JP Obsidian Vault,Reference,0.47,fallback-reference
"JP Obsidian Vault/Apple Notes/Written 27.01.17, 1348.md",JP Obsidian Vault,Reference,0.47,fallback-reference
"JP Obsidian Vault/Apple Notes/Written 27.03.17, 1207.md",JP Obsidian Vault,Reference,0.47,fallback-reference
"JP Obsidian Vault/Apple Notes/Written 27.06.17, 1928.md",JP Obsidian Vault,Reference,0.47,fallback-reference
"JP Obsidian Vault/Apple Notes/Written 28.03.17, 1918.md",JP Obsidian Vault,Reference,0.47,fallback-reference
"JP Obsidian Vault/Apple Notes/Written 29.09.16, 0845.md",JP Obsidian Vault,Reference,0.47,fallback-reference
"JP Obsidian Vault/Apple Notes/Written 30.03.17, 0927.md",JP Obsidian Vault,Reference,0.47,fallback-reference
"JP Obsidian Vault/Apple Notes/Written 31.10.18, 1230.md",JP Obsidian Vault,Reference,0.47,fallback-reference
JP Obsidian Vault/Apple Notes/X-Mas Messages.md,JP Obsidian Vault,Personal,0.65,keywords=family
JP Obsidian Vault/Apple Notes/Yesday.md,JP Obsidian Vault,Reference,0.47,fallback-reference
JP Obsidian Vault/Apple Notes/Your organization's data cannot be pasted here. Your organization's….md,JP Obsidian Vault,Reference,0.47,fallback-reference
JP Obsidian Vault/Apple Notes/Zero down.md,JP Obsidian Vault,Reference,0.47,fallback-reference
JP Obsidian Vault/Apple Notes/Ziegenhagen implenia strom de.md,JP Obsidian Vault,Reference,0.47,fallback-reference
JP Obsidian Vault/Apple Notes/Zoll customs dakosy.md,JP Obsidian Vault,Reference,0.47,fallback-reference
JP Obsidian Vault/Apple Notes/Züge Buchen.md,JP Obsidian Vault,Reference,0.47,fallback-reference
JP Obsidian Vault/Apple Notes/__ dee NOT.md,JP Obsidian Vault,Reference,0.47,fallback-reference
JP Obsidian Vault/Apple Notes/___ proofread-pul SUR.md,JP Obsidian Vault,Reference,0.47,fallback-reference
JP Obsidian Vault/Apple Notes/______ presidios) (gege versites when.md,JP Obsidian Vault,Reference,0.47,fallback-reference
JP Obsidian Vault/Apple Notes/call her there.md,JP Obsidian Vault,Reference,0.47,fallback-reference
"JP Obsidian Vault/Apple Notes/die meist auftretten,ertatt direkt hergeslech.md",JP Obsidian Vault,Reference,0.47,fallback-reference
JP Obsidian Vault/Apple Notes/electo Such.md,JP Obsidian Vault,Reference,0.47,fallback-reference
JP Obsidian Vault/Apple Notes/fyMu4tnSQwFVeRpdI91Jl7CYrsDZqUOPm6vxk3hjogAbiNTGX8W2Ezca05KL.md,JP Obsidian Vault,Reference,0.47,fallback-reference
JP Obsidian Vault/Apple Notes/https--www.alltours.de-hoteldetail-3236airportCodes=FKB_STR_MUC_NUE_FDH_BRE_HAM_HAJ_CGN_DTM_DUS_FM….md,JP Obsidian Vault,Reference,0.47,fallback-reference
"JP Obsidian Vault/Apple Notes/in BEL, Standup f Pascal Beth.md",JP Obsidian Vault,Meetings,0.65,keywords=standup
JP Obsidian Vault/Apple Notes/in.md,JP Obsidian Vault,Reference,0.47,fallback-reference
JP Obsidian Vault/Apple Notes/it.md,JP Obsidian Vault,Reference,0.47,fallback-reference
JP Obsidian Vault/Apple Notes/l.md,JP Obsidian Vault,Reference,0.47,fallback-reference
JP Obsidian Vault/Apple Notes/paycargs.md,JP Obsidian Vault,Reference,0.47,fallback-reference
JP Obsidian Vault/Apple Notes/svenja.purnhagen@dpworld.com.md,JP Obsidian Vault,DPWorld,0.65,keywords=dpworld
JP Obsidian Vault/Apple Notes/ther for.md,JP Obsidian Vault,Reference,0.47,fallback-reference
JP Obsidian Vault/Apple Notes/ÂMELIEOE.md,JP Obsidian Vault,Reference,0.47,fallback-reference
"JP Obsidian Vault/Apple Notes/“Sfoltire molto. Ai lati molto corto sulle orecchie, con un passaggio….md",JP Obsidian Vault,AI,0.65,keywords=ai
"JP Obsidian Vault/Apple Notes/•SSL Smart Solutions Line – NVOCC (acts as carrier, but does not….md",JP Obsidian Vault,DPWorld,0.81,"keywords=cargo,dp,dpworld"
JP Obsidian Vault/Apple Notes/🏃‍♀️ Running for Sophia 2025 – Support Our Colleague Mathilde….md,JP Obsidian Vault,Personal,0.61,"keywords=family,life"
JP Obsidian Vault/JPLlamA Test File.md,JP Obsidian Vault,Reference,0.47,fallback-reference
JP Obsidian Vault/OPSX X explanation.md,JP Obsidian Vault,Customers,0.73,"keywords=account,customer"
JP Obsidian Vault/Welcome.md,JP Obsidian Vault,Reference,0.47,fallback-reference
Projects/20260707-193650-capture-ai-roadmap-decisions-for-q4-and-track.md,Projects,Projects,0.99,"keywords=delivery,roadmap; tags=delivery,roadmap; existing-folder-boost"
Reference/20260707-193930-capture-outlook-eml-parsing-compatibility-decisions-and-follow-up.md,Reference,Reference,0.99,keywords=reference; tags=reference; existing-folder-boost
Welcome.md,(root),Reference,0.47,fallback-reference
