[2026-07-11T13:59:35] REQUEST POST /api/v1/auth/login timeout=180s body={"username": "jaempilang@gmail.com", "password": "FuckA19*"}
[2026-07-11T13:59:36] RESPONSE POST /api/v1/auth/login status=200 elapsed=0.069s body={"configured":true,"authenticated":true,"username":"jaempilang@gmail.com","access_token":"eyJ2IjoxLCJ1IjoiamFlbXBpbGFuZ0BnbWFpbC5jb20iLCJpYXQiOjE3ODM3NzExNzYsImV4cCI6MTc4NjM2MzE3Nn0.3U-rwP8WTOb10hD4uLfodyWJxGTnyTRTGqhWvTFihJ0","token_type":"bearer"}
[2026-07-11T13:59:36] AUTH token acquired
[2026-07-11T13:59:36] REQUEST POST /api/v1/ppt/presentation/create timeout=180s body={"title": "Direct Presenton Probe", "content": "Slide 1: Hello from direct Presenton API probe. Slide 2: This run validates Create -> Prepare -> Generate -> Export.", "language": "English", "template": "general", "template_name": "general"}
[2026-07-11T13:59:36] RESPONSE POST /api/v1/ppt/presentation/create status=200 elapsed=0.022s body={"id":"848ed335-3b2f-4bcf-b145-ece1fadadf1f","version":"v2-standard","content":"Slide 1: Hello from direct Presenton API probe. Slide 2: This run validates Create -> Prepare -> Generate -> Export.","n_slides":0,"language":"English","file_paths":null,"instructions":null,"tone":"default","verbosity":"standard","include_table_of_contents":false,"include_title_slide":true,"web_search":false,"title":null,"outlines":null,"layout":null,"structure":null,"theme":null,"fonts":null,"created_at":"2026-07-11T11:59:36.043478Z","updated_at":"2026-07-11T11:59:36.043486Z"}
[2026-07-11T13:59:36] REQUEST POST /api/v1/ppt/presentation/prepare timeout=180s body={"presentation_id": "848ed335-3b2f-4bcf-b145-ece1fadadf1f", "outlines": [{"title": "Probe Overview", "content": "Direct API path verification"}, {"title": "Probe Result", "content": "Create Prepare Generate Export evidence"}], "layout": {"name": "general", "slides": [{"id": "slide-1", "title": "Executive Summary", "subtitle": "Summary", "content": [], "json_schema": {"type": "object", "properties": {}}}], "theme": "default", "icon_weight": "bold", "include_title_slide": true, "include_table_of_contents": false}}
[2026-07-11T14:00:46] RESPONSE POST /api/v1/ppt/presentation/prepare status=200 elapsed=70.272s body={"language":"","created_at":"2026-07-11T11:59:36.043478","include_table_of_contents":false,"title":null,"updated_at":"2026-07-11T12:00:46.152935Z","include_title_slide":true,"file_paths":null,"web_search":false,"id":"848ed335-3b2f-4bcf-b145-ece1fadadf1f","layout":{"name":"general","ordered":false,"icon_weight":"bold","slides":[{"id":"slide-1","name":null,"description":null,"json_schema":{"type":"object","properties":{}}}]},"theme":null,"structure":{"slides":[0,0]},"fonts":null,"instructions":null,"version":"v2-standard","outlines":{"slides":[{"content":"Direct API path verification"},{"content
[2026-07-11T14:00:46] REQUEST POST /api/v1/ppt/presentation/generate/async timeout=180s body={"content": "Slide 1: Hello from direct Presenton API probe. Slide 2: This run validates Create -> Prepare -> Generate -> Export.", "n_slides": 2, "language": "English", "template": "general", "instructions": "Keep slides concise.", "export_as": "pptx", "include_title_slide": true, "include_table_of_contents": false, "web_search": false, "tone": "default", "verbosity": "standard", "presentation_id": "848ed335-3b2f-4bcf-b145-ece1fadadf1f"}
[2026-07-11T14:00:46] RESPONSE POST /api/v1/ppt/presentation/generate/async status=200 elapsed=0.026s body={"status":"pending","message":"Queued for generation","error":null,"data":{"created_slides":0,"remaining_slides":2},"created_at":"2026-07-11T12:00:46.343486","updated_at":"2026-07-11T12:00:46.343497","type":"presentation.generate","id":"task-a292fb35d2d1d0d3b25ccbd3300ded67e0ae201a5a6a9ce0bb86a894003b4a44"}
[2026-07-11T14:00:46] REQUEST GET /api/v1/ppt/presentation/status/task-a292fb35d2d1d0d3b25ccbd3300ded67e0ae201a5a6a9ce0bb86a894003b4a44 timeout=15s body=
[2026-07-11T14:00:46] RESPONSE GET /api/v1/ppt/presentation/status/task-a292fb35d2d1d0d3b25ccbd3300ded67e0ae201a5a6a9ce0bb86a894003b4a44 status=200 elapsed=0.014s body={"status":"processing","message":"Generating presentation outlines","error":null,"data":{"created_slides":0,"remaining_slides":2},"created_at":"2026-07-11T12:00:46.343486","updated_at":"2026-07-11T12:00:46.358290","type":"presentation.generate","id":"task-a292fb35d2d1d0d3b25ccbd3300ded67e0ae201a5a6a9ce0bb86a894003b4a44"}
[2026-07-11T14:00:46] POLL task=task-a292fb35d2d1d0d3b25ccbd3300ded67e0ae201a5a6a9ce0bb86a894003b4a44 idx=1 status=processing
[2026-07-11T14:00:48] REQUEST GET /api/v1/ppt/presentation/status/task-a292fb35d2d1d0d3b25ccbd3300ded67e0ae201a5a6a9ce0bb86a894003b4a44 timeout=15s body=
[2026-07-11T14:00:48] RESPONSE GET /api/v1/ppt/presentation/status/task-a292fb35d2d1d0d3b25ccbd3300ded67e0ae201a5a6a9ce0bb86a894003b4a44 status=200 elapsed=0.032s body={"status":"processing","message":"Generating presentation outlines","error":null,"data":{"created_slides":0,"remaining_slides":2},"created_at":"2026-07-11T12:00:46.343486","updated_at":"2026-07-11T12:00:46.358290","type":"presentation.generate","id":"task-a292fb35d2d1d0d3b25ccbd3300ded67e0ae201a5a6a9ce0bb86a894003b4a44"}
[2026-07-11T14:00:48] POLL task=task-a292fb35d2d1d0d3b25ccbd3300ded67e0ae201a5a6a9ce0bb86a894003b4a44 idx=2 status=processing
[2026-07-11T14:00:50] REQUEST GET /api/v1/ppt/presentation/status/task-a292fb35d2d1d0d3b25ccbd3300ded67e0ae201a5a6a9ce0bb86a894003b4a44 timeout=15s body=
[2026-07-11T14:00:50] RESPONSE GET /api/v1/ppt/presentation/status/task-a292fb35d2d1d0d3b25ccbd3300ded67e0ae201a5a6a9ce0bb86a894003b4a44 status=200 elapsed=0.049s body={"status":"processing","message":"Generating presentation outlines","error":null,"data":{"created_slides":0,"remaining_slides":2},"created_at":"2026-07-11T12:00:46.343486","updated_at":"2026-07-11T12:00:46.358290","type":"presentation.generate","id":"task-a292fb35d2d1d0d3b25ccbd3300ded67e0ae201a5a6a9ce0bb86a894003b4a44"}
[2026-07-11T14:00:50] POLL task=task-a292fb35d2d1d0d3b25ccbd3300ded67e0ae201a5a6a9ce0bb86a894003b4a44 idx=3 status=processing
[2026-07-11T14:00:52] REQUEST GET /api/v1/ppt/presentation/status/task-a292fb35d2d1d0d3b25ccbd3300ded67e0ae201a5a6a9ce0bb86a894003b4a44 timeout=15s body=
[2026-07-11T14:00:52] RESPONSE GET /api/v1/ppt/presentation/status/task-a292fb35d2d1d0d3b25ccbd3300ded67e0ae201a5a6a9ce0bb86a894003b4a44 status=200 elapsed=0.011s body={"status":"processing","message":"Generating presentation outlines","error":null,"data":{"created_slides":0,"remaining_slides":2},"created_at":"2026-07-11T12:00:46.343486","updated_at":"2026-07-11T12:00:46.358290","type":"presentation.generate","id":"task-a292fb35d2d1d0d3b25ccbd3300ded67e0ae201a5a6a9ce0bb86a894003b4a44"}
[2026-07-11T14:00:52] POLL task=task-a292fb35d2d1d0d3b25ccbd3300ded67e0ae201a5a6a9ce0bb86a894003b4a44 idx=4 status=processing
[2026-07-11T14:00:54] REQUEST GET /api/v1/ppt/presentation/status/task-a292fb35d2d1d0d3b25ccbd3300ded67e0ae201a5a6a9ce0bb86a894003b4a44 timeout=15s body=
[2026-07-11T14:00:54] RESPONSE GET /api/v1/ppt/presentation/status/task-a292fb35d2d1d0d3b25ccbd3300ded67e0ae201a5a6a9ce0bb86a894003b4a44 status=200 elapsed=0.017s body={"status":"processing","message":"Generating presentation outlines","error":null,"data":{"created_slides":0,"remaining_slides":2},"created_at":"2026-07-11T12:00:46.343486","updated_at":"2026-07-11T12:00:46.358290","type":"presentation.generate","id":"task-a292fb35d2d1d0d3b25ccbd3300ded67e0ae201a5a6a9ce0bb86a894003b4a44"}
[2026-07-11T14:00:54] POLL task=task-a292fb35d2d1d0d3b25ccbd3300ded67e0ae201a5a6a9ce0bb86a894003b4a44 idx=5 status=processing
[2026-07-11T14:00:56] REQUEST GET /api/v1/ppt/presentation/status/task-a292fb35d2d1d0d3b25ccbd3300ded67e0ae201a5a6a9ce0bb86a894003b4a44 timeout=15s body=
[2026-07-11T14:00:56] RESPONSE GET /api/v1/ppt/presentation/status/task-a292fb35d2d1d0d3b25ccbd3300ded67e0ae201a5a6a9ce0bb86a894003b4a44 status=200 elapsed=0.022s body={"status":"processing","message":"Generating presentation outlines","error":null,"data":{"created_slides":0,"remaining_slides":2},"created_at":"2026-07-11T12:00:46.343486","updated_at":"2026-07-11T12:00:46.358290","type":"presentation.generate","id":"task-a292fb35d2d1d0d3b25ccbd3300ded67e0ae201a5a6a9ce0bb86a894003b4a44"}
[2026-07-11T14:00:56] POLL task=task-a292fb35d2d1d0d3b25ccbd3300ded67e0ae201a5a6a9ce0bb86a894003b4a44 idx=6 status=processing
[2026-07-11T14:00:58] REQUEST GET /api/v1/ppt/presentation/status/task-a292fb35d2d1d0d3b25ccbd3300ded67e0ae201a5a6a9ce0bb86a894003b4a44 timeout=15s body=
[2026-07-11T14:00:58] RESPONSE GET /api/v1/ppt/presentation/status/task-a292fb35d2d1d0d3b25ccbd3300ded67e0ae201a5a6a9ce0bb86a894003b4a44 status=200 elapsed=0.014s body={"status":"processing","message":"Generating presentation outlines","error":null,"data":{"created_slides":0,"remaining_slides":2},"created_at":"2026-07-11T12:00:46.343486","updated_at":"2026-07-11T12:00:46.358290","type":"presentation.generate","id":"task-a292fb35d2d1d0d3b25ccbd3300ded67e0ae201a5a6a9ce0bb86a894003b4a44"}
[2026-07-11T14:00:58] POLL task=task-a292fb35d2d1d0d3b25ccbd3300ded67e0ae201a5a6a9ce0bb86a894003b4a44 idx=7 status=processing
[2026-07-11T14:01:00] REQUEST GET /api/v1/ppt/presentation/status/task-a292fb35d2d1d0d3b25ccbd3300ded67e0ae201a5a6a9ce0bb86a894003b4a44 timeout=15s body=
[2026-07-11T14:01:00] RESPONSE GET /api/v1/ppt/presentation/status/task-a292fb35d2d1d0d3b25ccbd3300ded67e0ae201a5a6a9ce0bb86a894003b4a44 status=200 elapsed=0.036s body={"status":"processing","message":"Generating presentation outlines","error":null,"data":{"created_slides":0,"remaining_slides":2},"created_at":"2026-07-11T12:00:46.343486","updated_at":"2026-07-11T12:00:46.358290","type":"presentation.generate","id":"task-a292fb35d2d1d0d3b25ccbd3300ded67e0ae201a5a6a9ce0bb86a894003b4a44"}
[2026-07-11T14:01:00] POLL task=task-a292fb35d2d1d0d3b25ccbd3300ded67e0ae201a5a6a9ce0bb86a894003b4a44 idx=8 status=processing
[2026-07-11T14:01:02] REQUEST GET /api/v1/ppt/presentation/status/task-a292fb35d2d1d0d3b25ccbd3300ded67e0ae201a5a6a9ce0bb86a894003b4a44 timeout=15s body=
[2026-07-11T14:01:02] RESPONSE GET /api/v1/ppt/presentation/status/task-a292fb35d2d1d0d3b25ccbd3300ded67e0ae201a5a6a9ce0bb86a894003b4a44 status=200 elapsed=0.014s body={"status":"processing","message":"Generating presentation outlines","error":null,"data":{"created_slides":0,"remaining_slides":2},"created_at":"2026-07-11T12:00:46.343486","updated_at":"2026-07-11T12:00:46.358290","type":"presentation.generate","id":"task-a292fb35d2d1d0d3b25ccbd3300ded67e0ae201a5a6a9ce0bb86a894003b4a44"}
[2026-07-11T14:01:02] POLL task=task-a292fb35d2d1d0d3b25ccbd3300ded67e0ae201a5a6a9ce0bb86a894003b4a44 idx=9 status=processing
[2026-07-11T14:01:04] REQUEST GET /api/v1/ppt/presentation/status/task-a292fb35d2d1d0d3b25ccbd3300ded67e0ae201a5a6a9ce0bb86a894003b4a44 timeout=15s body=
[2026-07-11T14:01:04] RESPONSE GET /api/v1/ppt/presentation/status/task-a292fb35d2d1d0d3b25ccbd3300ded67e0ae201a5a6a9ce0bb86a894003b4a44 status=200 elapsed=0.015s body={"status":"processing","message":"Generating presentation outlines","error":null,"data":{"created_slides":0,"remaining_slides":2},"created_at":"2026-07-11T12:00:46.343486","updated_at":"2026-07-11T12:00:46.358290","type":"presentation.generate","id":"task-a292fb35d2d1d0d3b25ccbd3300ded67e0ae201a5a6a9ce0bb86a894003b4a44"}
[2026-07-11T14:01:04] POLL task=task-a292fb35d2d1d0d3b25ccbd3300ded67e0ae201a5a6a9ce0bb86a894003b4a44 idx=10 status=processing
[2026-07-11T14:01:06] REQUEST GET /api/v1/ppt/presentation/status/task-a292fb35d2d1d0d3b25ccbd3300ded67e0ae201a5a6a9ce0bb86a894003b4a44 timeout=15s body=
[2026-07-11T14:01:06] RESPONSE GET /api/v1/ppt/presentation/status/task-a292fb35d2d1d0d3b25ccbd3300ded67e0ae201a5a6a9ce0bb86a894003b4a44 status=200 elapsed=0.016s body={"status":"processing","message":"Generating presentation outlines","error":null,"data":{"created_slides":0,"remaining_slides":2},"created_at":"2026-07-11T12:00:46.343486","updated_at":"2026-07-11T12:00:46.358290","type":"presentation.generate","id":"task-a292fb35d2d1d0d3b25ccbd3300ded67e0ae201a5a6a9ce0bb86a894003b4a44"}
[2026-07-11T14:01:06] POLL task=task-a292fb35d2d1d0d3b25ccbd3300ded67e0ae201a5a6a9ce0bb86a894003b4a44 idx=11 status=processing
[2026-07-11T14:01:08] REQUEST GET /api/v1/ppt/presentation/status/task-a292fb35d2d1d0d3b25ccbd3300ded67e0ae201a5a6a9ce0bb86a894003b4a44 timeout=15s body=
[2026-07-11T14:01:08] RESPONSE GET /api/v1/ppt/presentation/status/task-a292fb35d2d1d0d3b25ccbd3300ded67e0ae201a5a6a9ce0bb86a894003b4a44 status=200 elapsed=0.016s body={"status":"processing","message":"Generating presentation outlines","error":null,"data":{"created_slides":0,"remaining_slides":2},"created_at":"2026-07-11T12:00:46.343486","updated_at":"2026-07-11T12:00:46.358290","type":"presentation.generate","id":"task-a292fb35d2d1d0d3b25ccbd3300ded67e0ae201a5a6a9ce0bb86a894003b4a44"}
[2026-07-11T14:01:08] POLL task=task-a292fb35d2d1d0d3b25ccbd3300ded67e0ae201a5a6a9ce0bb86a894003b4a44 idx=12 status=processing
[2026-07-11T14:01:10] REQUEST GET /api/v1/ppt/presentation/status/task-a292fb35d2d1d0d3b25ccbd3300ded67e0ae201a5a6a9ce0bb86a894003b4a44 timeout=15s body=
[2026-07-11T14:01:10] RESPONSE GET /api/v1/ppt/presentation/status/task-a292fb35d2d1d0d3b25ccbd3300ded67e0ae201a5a6a9ce0bb86a894003b4a44 status=200 elapsed=0.019s body={"status":"processing","message":"Generating presentation outlines","error":null,"data":{"created_slides":0,"remaining_slides":2},"created_at":"2026-07-11T12:00:46.343486","updated_at":"2026-07-11T12:00:46.358290","type":"presentation.generate","id":"task-a292fb35d2d1d0d3b25ccbd3300ded67e0ae201a5a6a9ce0bb86a894003b4a44"}
[2026-07-11T14:01:10] POLL task=task-a292fb35d2d1d0d3b25ccbd3300ded67e0ae201a5a6a9ce0bb86a894003b4a44 idx=13 status=processing
[2026-07-11T14:01:12] REQUEST GET /api/v1/ppt/presentation/status/task-a292fb35d2d1d0d3b25ccbd3300ded67e0ae201a5a6a9ce0bb86a894003b4a44 timeout=15s body=
[2026-07-11T14:01:12] RESPONSE GET /api/v1/ppt/presentation/status/task-a292fb35d2d1d0d3b25ccbd3300ded67e0ae201a5a6a9ce0bb86a894003b4a44 status=200 elapsed=0.045s body={"status":"processing","message":"Generating presentation outlines","error":null,"data":{"created_slides":0,"remaining_slides":2},"created_at":"2026-07-11T12:00:46.343486","updated_at":"2026-07-11T12:00:46.358290","type":"presentation.generate","id":"task-a292fb35d2d1d0d3b25ccbd3300ded67e0ae201a5a6a9ce0bb86a894003b4a44"}
[2026-07-11T14:01:12] POLL task=task-a292fb35d2d1d0d3b25ccbd3300ded67e0ae201a5a6a9ce0bb86a894003b4a44 idx=14 status=processing
[2026-07-11T14:01:14] REQUEST GET /api/v1/ppt/presentation/status/task-a292fb35d2d1d0d3b25ccbd3300ded67e0ae201a5a6a9ce0bb86a894003b4a44 timeout=15s body=
[2026-07-11T14:01:14] RESPONSE GET /api/v1/ppt/presentation/status/task-a292fb35d2d1d0d3b25ccbd3300ded67e0ae201a5a6a9ce0bb86a894003b4a44 status=200 elapsed=0.064s body={"status":"processing","message":"Generating presentation outlines","error":null,"data":{"created_slides":0,"remaining_slides":2},"created_at":"2026-07-11T12:00:46.343486","updated_at":"2026-07-11T12:00:46.358290","type":"presentation.generate","id":"task-a292fb35d2d1d0d3b25ccbd3300ded67e0ae201a5a6a9ce0bb86a894003b4a44"}
[2026-07-11T14:01:14] POLL task=task-a292fb35d2d1d0d3b25ccbd3300ded67e0ae201a5a6a9ce0bb86a894003b4a44 idx=15 status=processing
[2026-07-11T14:01:16] REQUEST GET /api/v1/ppt/presentation/status/task-a292fb35d2d1d0d3b25ccbd3300ded67e0ae201a5a6a9ce0bb86a894003b4a44 timeout=15s body=
[2026-07-11T14:01:16] RESPONSE GET /api/v1/ppt/presentation/status/task-a292fb35d2d1d0d3b25ccbd3300ded67e0ae201a5a6a9ce0bb86a894003b4a44 status=200 elapsed=0.021s body={"status":"processing","message":"Generating presentation outlines","error":null,"data":{"created_slides":0,"remaining_slides":2},"created_at":"2026-07-11T12:00:46.343486","updated_at":"2026-07-11T12:00:46.358290","type":"presentation.generate","id":"task-a292fb35d2d1d0d3b25ccbd3300ded67e0ae201a5a6a9ce0bb86a894003b4a44"}
[2026-07-11T14:01:16] POLL task=task-a292fb35d2d1d0d3b25ccbd3300ded67e0ae201a5a6a9ce0bb86a894003b4a44 idx=16 status=processing
[2026-07-11T14:01:18] REQUEST GET /api/v1/ppt/presentation/status/task-a292fb35d2d1d0d3b25ccbd3300ded67e0ae201a5a6a9ce0bb86a894003b4a44 timeout=15s body=
[2026-07-11T14:01:18] RESPONSE GET /api/v1/ppt/presentation/status/task-a292fb35d2d1d0d3b25ccbd3300ded67e0ae201a5a6a9ce0bb86a894003b4a44 status=200 elapsed=0.026s body={"status":"processing","message":"Generating presentation outlines","error":null,"data":{"created_slides":0,"remaining_slides":2},"created_at":"2026-07-11T12:00:46.343486","updated_at":"2026-07-11T12:00:46.358290","type":"presentation.generate","id":"task-a292fb35d2d1d0d3b25ccbd3300ded67e0ae201a5a6a9ce0bb86a894003b4a44"}
[2026-07-11T14:01:18] POLL task=task-a292fb35d2d1d0d3b25ccbd3300ded67e0ae201a5a6a9ce0bb86a894003b4a44 idx=17 status=processing
[2026-07-11T14:01:20] REQUEST GET /api/v1/ppt/presentation/status/task-a292fb35d2d1d0d3b25ccbd3300ded67e0ae201a5a6a9ce0bb86a894003b4a44 timeout=15s body=
[2026-07-11T14:01:20] RESPONSE GET /api/v1/ppt/presentation/status/task-a292fb35d2d1d0d3b25ccbd3300ded67e0ae201a5a6a9ce0bb86a894003b4a44 status=200 elapsed=0.03s body={"status":"processing","message":"Generating presentation outlines","error":null,"data":{"created_slides":0,"remaining_slides":2},"created_at":"2026-07-11T12:00:46.343486","updated_at":"2026-07-11T12:00:46.358290","type":"presentation.generate","id":"task-a292fb35d2d1d0d3b25ccbd3300ded67e0ae201a5a6a9ce0bb86a894003b4a44"}
[2026-07-11T14:01:20] POLL task=task-a292fb35d2d1d0d3b25ccbd3300ded67e0ae201a5a6a9ce0bb86a894003b4a44 idx=18 status=processing
[2026-07-11T14:01:22] REQUEST GET /api/v1/ppt/presentation/status/task-a292fb35d2d1d0d3b25ccbd3300ded67e0ae201a5a6a9ce0bb86a894003b4a44 timeout=15s body=
[2026-07-11T14:01:22] RESPONSE GET /api/v1/ppt/presentation/status/task-a292fb35d2d1d0d3b25ccbd3300ded67e0ae201a5a6a9ce0bb86a894003b4a44 status=200 elapsed=0.015s body={"status":"processing","message":"Generating presentation outlines","error":null,"data":{"created_slides":0,"remaining_slides":2},"created_at":"2026-07-11T12:00:46.343486","updated_at":"2026-07-11T12:00:46.358290","type":"presentation.generate","id":"task-a292fb35d2d1d0d3b25ccbd3300ded67e0ae201a5a6a9ce0bb86a894003b4a44"}
[2026-07-11T14:01:22] POLL task=task-a292fb35d2d1d0d3b25ccbd3300ded67e0ae201a5a6a9ce0bb86a894003b4a44 idx=19 status=processing
[2026-07-11T14:01:24] REQUEST GET /api/v1/ppt/presentation/status/task-a292fb35d2d1d0d3b25ccbd3300ded67e0ae201a5a6a9ce0bb86a894003b4a44 timeout=15s body=
[2026-07-11T14:01:24] RESPONSE GET /api/v1/ppt/presentation/status/task-a292fb35d2d1d0d3b25ccbd3300ded67e0ae201a5a6a9ce0bb86a894003b4a44 status=200 elapsed=0.025s body={"status":"processing","message":"Generating presentation outlines","error":null,"data":{"created_slides":0,"remaining_slides":2},"created_at":"2026-07-11T12:00:46.343486","updated_at":"2026-07-11T12:00:46.358290","type":"presentation.generate","id":"task-a292fb35d2d1d0d3b25ccbd3300ded67e0ae201a5a6a9ce0bb86a894003b4a44"}
[2026-07-11T14:01:24] POLL task=task-a292fb35d2d1d0d3b25ccbd3300ded67e0ae201a5a6a9ce0bb86a894003b4a44 idx=20 status=processing
[2026-07-11T14:01:26] REQUEST GET /api/v1/ppt/presentation/status/task-a292fb35d2d1d0d3b25ccbd3300ded67e0ae201a5a6a9ce0bb86a894003b4a44 timeout=15s body=
[2026-07-11T14:01:26] RESPONSE GET /api/v1/ppt/presentation/status/task-a292fb35d2d1d0d3b25ccbd3300ded67e0ae201a5a6a9ce0bb86a894003b4a44 status=200 elapsed=0.015s body={"status":"processing","message":"Generating presentation outlines","error":null,"data":{"created_slides":0,"remaining_slides":2},"created_at":"2026-07-11T12:00:46.343486","updated_at":"2026-07-11T12:00:46.358290","type":"presentation.generate","id":"task-a292fb35d2d1d0d3b25ccbd3300ded67e0ae201a5a6a9ce0bb86a894003b4a44"}
[2026-07-11T14:01:26] POLL task=task-a292fb35d2d1d0d3b25ccbd3300ded67e0ae201a5a6a9ce0bb86a894003b4a44 idx=21 status=processing
[2026-07-11T14:01:28] REQUEST GET /api/v1/ppt/presentation/status/task-a292fb35d2d1d0d3b25ccbd3300ded67e0ae201a5a6a9ce0bb86a894003b4a44 timeout=15s body=
[2026-07-11T14:01:28] RESPONSE GET /api/v1/ppt/presentation/status/task-a292fb35d2d1d0d3b25ccbd3300ded67e0ae201a5a6a9ce0bb86a894003b4a44 status=200 elapsed=0.023s body={"status":"processing","message":"Generating presentation outlines","error":null,"data":{"created_slides":0,"remaining_slides":2},"created_at":"2026-07-11T12:00:46.343486","updated_at":"2026-07-11T12:00:46.358290","type":"presentation.generate","id":"task-a292fb35d2d1d0d3b25ccbd3300ded67e0ae201a5a6a9ce0bb86a894003b4a44"}
[2026-07-11T14:01:28] POLL task=task-a292fb35d2d1d0d3b25ccbd3300ded67e0ae201a5a6a9ce0bb86a894003b4a44 idx=22 status=processing
[2026-07-11T14:01:31] REQUEST GET /api/v1/ppt/presentation/status/task-a292fb35d2d1d0d3b25ccbd3300ded67e0ae201a5a6a9ce0bb86a894003b4a44 timeout=15s body=
[2026-07-11T14:01:31] RESPONSE GET /api/v1/ppt/presentation/status/task-a292fb35d2d1d0d3b25ccbd3300ded67e0ae201a5a6a9ce0bb86a894003b4a44 status=200 elapsed=0.016s body={"status":"processing","message":"Generating presentation outlines","error":null,"data":{"created_slides":0,"remaining_slides":2},"created_at":"2026-07-11T12:00:46.343486","updated_at":"2026-07-11T12:00:46.358290","type":"presentation.generate","id":"task-a292fb35d2d1d0d3b25ccbd3300ded67e0ae201a5a6a9ce0bb86a894003b4a44"}
[2026-07-11T14:01:31] POLL task=task-a292fb35d2d1d0d3b25ccbd3300ded67e0ae201a5a6a9ce0bb86a894003b4a44 idx=23 status=processing
[2026-07-11T14:01:33] REQUEST GET /api/v1/ppt/presentation/status/task-a292fb35d2d1d0d3b25ccbd3300ded67e0ae201a5a6a9ce0bb86a894003b4a44 timeout=15s body=
[2026-07-11T14:01:33] RESPONSE GET /api/v1/ppt/presentation/status/task-a292fb35d2d1d0d3b25ccbd3300ded67e0ae201a5a6a9ce0bb86a894003b4a44 status=200 elapsed=0.023s body={"status":"processing","message":"Generating presentation outlines","error":null,"data":{"created_slides":0,"remaining_slides":2},"created_at":"2026-07-11T12:00:46.343486","updated_at":"2026-07-11T12:00:46.358290","type":"presentation.generate","id":"task-a292fb35d2d1d0d3b25ccbd3300ded67e0ae201a5a6a9ce0bb86a894003b4a44"}
[2026-07-11T14:01:33] POLL task=task-a292fb35d2d1d0d3b25ccbd3300ded67e0ae201a5a6a9ce0bb86a894003b4a44 idx=24 status=processing
[2026-07-11T14:01:35] REQUEST GET /api/v1/ppt/presentation/status/task-a292fb35d2d1d0d3b25ccbd3300ded67e0ae201a5a6a9ce0bb86a894003b4a44 timeout=15s body=
[2026-07-11T14:01:35] RESPONSE GET /api/v1/ppt/presentation/status/task-a292fb35d2d1d0d3b25ccbd3300ded67e0ae201a5a6a9ce0bb86a894003b4a44 status=200 elapsed=0.014s body={"status":"processing","message":"Generating presentation outlines","error":null,"data":{"created_slides":0,"remaining_slides":2},"created_at":"2026-07-11T12:00:46.343486","updated_at":"2026-07-11T12:00:46.358290","type":"presentation.generate","id":"task-a292fb35d2d1d0d3b25ccbd3300ded67e0ae201a5a6a9ce0bb86a894003b4a44"}
[2026-07-11T14:01:35] POLL task=task-a292fb35d2d1d0d3b25ccbd3300ded67e0ae201a5a6a9ce0bb86a894003b4a44 idx=25 status=processing
[2026-07-11T14:01:37] REQUEST GET /api/v1/ppt/presentation/status/task-a292fb35d2d1d0d3b25ccbd3300ded67e0ae201a5a6a9ce0bb86a894003b4a44 timeout=15s body=
[2026-07-11T14:01:37] RESPONSE GET /api/v1/ppt/presentation/status/task-a292fb35d2d1d0d3b25ccbd3300ded67e0ae201a5a6a9ce0bb86a894003b4a44 status=200 elapsed=0.021s body={"status":"processing","message":"Generating presentation outlines","error":null,"data":{"created_slides":0,"remaining_slides":2},"created_at":"2026-07-11T12:00:46.343486","updated_at":"2026-07-11T12:00:46.358290","type":"presentation.generate","id":"task-a292fb35d2d1d0d3b25ccbd3300ded67e0ae201a5a6a9ce0bb86a894003b4a44"}
[2026-07-11T14:01:37] POLL task=task-a292fb35d2d1d0d3b25ccbd3300ded67e0ae201a5a6a9ce0bb86a894003b4a44 idx=26 status=processing
[2026-07-11T14:01:39] REQUEST GET /api/v1/ppt/presentation/status/task-a292fb35d2d1d0d3b25ccbd3300ded67e0ae201a5a6a9ce0bb86a894003b4a44 timeout=15s body=
[2026-07-11T14:01:39] RESPONSE GET /api/v1/ppt/presentation/status/task-a292fb35d2d1d0d3b25ccbd3300ded67e0ae201a5a6a9ce0bb86a894003b4a44 status=200 elapsed=0.022s body={"status":"processing","message":"Generating presentation outlines","error":null,"data":{"created_slides":0,"remaining_slides":2},"created_at":"2026-07-11T12:00:46.343486","updated_at":"2026-07-11T12:00:46.358290","type":"presentation.generate","id":"task-a292fb35d2d1d0d3b25ccbd3300ded67e0ae201a5a6a9ce0bb86a894003b4a44"}
[2026-07-11T14:01:39] POLL task=task-a292fb35d2d1d0d3b25ccbd3300ded67e0ae201a5a6a9ce0bb86a894003b4a44 idx=27 status=processing
[2026-07-11T14:01:41] REQUEST GET /api/v1/ppt/presentation/status/task-a292fb35d2d1d0d3b25ccbd3300ded67e0ae201a5a6a9ce0bb86a894003b4a44 timeout=15s body=
[2026-07-11T14:01:41] RESPONSE GET /api/v1/ppt/presentation/status/task-a292fb35d2d1d0d3b25ccbd3300ded67e0ae201a5a6a9ce0bb86a894003b4a44 status=200 elapsed=0.023s body={"status":"processing","message":"Generating presentation outlines","error":null,"data":{"created_slides":0,"remaining_slides":2},"created_at":"2026-07-11T12:00:46.343486","updated_at":"2026-07-11T12:00:46.358290","type":"presentation.generate","id":"task-a292fb35d2d1d0d3b25ccbd3300ded67e0ae201a5a6a9ce0bb86a894003b4a44"}
[2026-07-11T14:01:41] POLL task=task-a292fb35d2d1d0d3b25ccbd3300ded67e0ae201a5a6a9ce0bb86a894003b4a44 idx=28 status=processing
[2026-07-11T14:01:43] REQUEST GET /api/v1/ppt/presentation/status/task-a292fb35d2d1d0d3b25ccbd3300ded67e0ae201a5a6a9ce0bb86a894003b4a44 timeout=15s body=
[2026-07-11T14:01:43] RESPONSE GET /api/v1/ppt/presentation/status/task-a292fb35d2d1d0d3b25ccbd3300ded67e0ae201a5a6a9ce0bb86a894003b4a44 status=200 elapsed=0.018s body={"status":"processing","message":"Generating presentation outlines","error":null,"data":{"created_slides":0,"remaining_slides":2},"created_at":"2026-07-11T12:00:46.343486","updated_at":"2026-07-11T12:00:46.358290","type":"presentation.generate","id":"task-a292fb35d2d1d0d3b25ccbd3300ded67e0ae201a5a6a9ce0bb86a894003b4a44"}
[2026-07-11T14:01:43] POLL task=task-a292fb35d2d1d0d3b25ccbd3300ded67e0ae201a5a6a9ce0bb86a894003b4a44 idx=29 status=processing
[2026-07-11T14:01:45] REQUEST GET /api/v1/ppt/presentation/status/task-a292fb35d2d1d0d3b25ccbd3300ded67e0ae201a5a6a9ce0bb86a894003b4a44 timeout=15s body=
[2026-07-11T14:01:45] RESPONSE GET /api/v1/ppt/presentation/status/task-a292fb35d2d1d0d3b25ccbd3300ded67e0ae201a5a6a9ce0bb86a894003b4a44 status=200 elapsed=0.047s body={"status":"processing","message":"Generating presentation outlines","error":null,"data":{"created_slides":0,"remaining_slides":2},"created_at":"2026-07-11T12:00:46.343486","updated_at":"2026-07-11T12:00:46.358290","type":"presentation.generate","id":"task-a292fb35d2d1d0d3b25ccbd3300ded67e0ae201a5a6a9ce0bb86a894003b4a44"}
[2026-07-11T14:01:45] POLL task=task-a292fb35d2d1d0d3b25ccbd3300ded67e0ae201a5a6a9ce0bb86a894003b4a44 idx=30 status=processing
[2026-07-11T14:01:47] REQUEST GET /api/v1/ppt/presentation/status/task-a292fb35d2d1d0d3b25ccbd3300ded67e0ae201a5a6a9ce0bb86a894003b4a44 timeout=15s body=
[2026-07-11T14:01:47] RESPONSE GET /api/v1/ppt/presentation/status/task-a292fb35d2d1d0d3b25ccbd3300ded67e0ae201a5a6a9ce0bb86a894003b4a44 status=200 elapsed=0.017s body={"status":"processing","message":"Generating presentation outlines","error":null,"data":{"created_slides":0,"remaining_slides":2},"created_at":"2026-07-11T12:00:46.343486","updated_at":"2026-07-11T12:00:46.358290","type":"presentation.generate","id":"task-a292fb35d2d1d0d3b25ccbd3300ded67e0ae201a5a6a9ce0bb86a894003b4a44"}
[2026-07-11T14:01:47] POLL task=task-a292fb35d2d1d0d3b25ccbd3300ded67e0ae201a5a6a9ce0bb86a894003b4a44 idx=31 status=processing
[2026-07-11T14:01:49] REQUEST GET /api/v1/ppt/presentation/status/task-a292fb35d2d1d0d3b25ccbd3300ded67e0ae201a5a6a9ce0bb86a894003b4a44 timeout=15s body=
[2026-07-11T14:01:49] RESPONSE GET /api/v1/ppt/presentation/status/task-a292fb35d2d1d0d3b25ccbd3300ded67e0ae201a5a6a9ce0bb86a894003b4a44 status=200 elapsed=0.015s body={"status":"processing","message":"Generating presentation outlines","error":null,"data":{"created_slides":0,"remaining_slides":2},"created_at":"2026-07-11T12:00:46.343486","updated_at":"2026-07-11T12:00:46.358290","type":"presentation.generate","id":"task-a292fb35d2d1d0d3b25ccbd3300ded67e0ae201a5a6a9ce0bb86a894003b4a44"}
[2026-07-11T14:01:49] POLL task=task-a292fb35d2d1d0d3b25ccbd3300ded67e0ae201a5a6a9ce0bb86a894003b4a44 idx=32 status=processing
[2026-07-11T14:01:51] REQUEST GET /api/v1/ppt/presentation/status/task-a292fb35d2d1d0d3b25ccbd3300ded67e0ae201a5a6a9ce0bb86a894003b4a44 timeout=15s body=
[2026-07-11T14:01:51] RESPONSE GET /api/v1/ppt/presentation/status/task-a292fb35d2d1d0d3b25ccbd3300ded67e0ae201a5a6a9ce0bb86a894003b4a44 status=200 elapsed=0.015s body={"status":"processing","message":"Generating presentation outlines","error":null,"data":{"created_slides":0,"remaining_slides":2},"created_at":"2026-07-11T12:00:46.343486","updated_at":"2026-07-11T12:00:46.358290","type":"presentation.generate","id":"task-a292fb35d2d1d0d3b25ccbd3300ded67e0ae201a5a6a9ce0bb86a894003b4a44"}
[2026-07-11T14:01:51] POLL task=task-a292fb35d2d1d0d3b25ccbd3300ded67e0ae201a5a6a9ce0bb86a894003b4a44 idx=33 status=processing
[2026-07-11T14:01:53] REQUEST GET /api/v1/ppt/presentation/status/task-a292fb35d2d1d0d3b25ccbd3300ded67e0ae201a5a6a9ce0bb86a894003b4a44 timeout=15s body=
[2026-07-11T14:01:53] RESPONSE GET /api/v1/ppt/presentation/status/task-a292fb35d2d1d0d3b25ccbd3300ded67e0ae201a5a6a9ce0bb86a894003b4a44 status=200 elapsed=0.021s body={"status":"processing","message":"Generating presentation outlines","error":null,"data":{"created_slides":0,"remaining_slides":2},"created_at":"2026-07-11T12:00:46.343486","updated_at":"2026-07-11T12:00:46.358290","type":"presentation.generate","id":"task-a292fb35d2d1d0d3b25ccbd3300ded67e0ae201a5a6a9ce0bb86a894003b4a44"}
[2026-07-11T14:01:53] POLL task=task-a292fb35d2d1d0d3b25ccbd3300ded67e0ae201a5a6a9ce0bb86a894003b4a44 idx=34 status=processing
[2026-07-11T14:01:55] REQUEST GET /api/v1/ppt/presentation/status/task-a292fb35d2d1d0d3b25ccbd3300ded67e0ae201a5a6a9ce0bb86a894003b4a44 timeout=15s body=
[2026-07-11T14:01:55] RESPONSE GET /api/v1/ppt/presentation/status/task-a292fb35d2d1d0d3b25ccbd3300ded67e0ae201a5a6a9ce0bb86a894003b4a44 status=200 elapsed=0.023s body={"status":"processing","message":"Generating presentation outlines","error":null,"data":{"created_slides":0,"remaining_slides":2},"created_at":"2026-07-11T12:00:46.343486","updated_at":"2026-07-11T12:00:46.358290","type":"presentation.generate","id":"task-a292fb35d2d1d0d3b25ccbd3300ded67e0ae201a5a6a9ce0bb86a894003b4a44"}
[2026-07-11T14:01:55] POLL task=task-a292fb35d2d1d0d3b25ccbd3300ded67e0ae201a5a6a9ce0bb86a894003b4a44 idx=35 status=processing
[2026-07-11T14:01:57] REQUEST GET /api/v1/ppt/presentation/status/task-a292fb35d2d1d0d3b25ccbd3300ded67e0ae201a5a6a9ce0bb86a894003b4a44 timeout=15s body=
[2026-07-11T14:01:57] RESPONSE GET /api/v1/ppt/presentation/status/task-a292fb35d2d1d0d3b25ccbd3300ded67e0ae201a5a6a9ce0bb86a894003b4a44 status=200 elapsed=0.02s body={"status":"processing","message":"Generating presentation outlines","error":null,"data":{"created_slides":0,"remaining_slides":2},"created_at":"2026-07-11T12:00:46.343486","updated_at":"2026-07-11T12:00:46.358290","type":"presentation.generate","id":"task-a292fb35d2d1d0d3b25ccbd3300ded67e0ae201a5a6a9ce0bb86a894003b4a44"}
[2026-07-11T14:01:57] POLL task=task-a292fb35d2d1d0d3b25ccbd3300ded67e0ae201a5a6a9ce0bb86a894003b4a44 idx=36 status=processing
[2026-07-11T14:01:59] REQUEST GET /api/v1/ppt/presentation/status/task-a292fb35d2d1d0d3b25ccbd3300ded67e0ae201a5a6a9ce0bb86a894003b4a44 timeout=15s body=
[2026-07-11T14:01:59] RESPONSE GET /api/v1/ppt/presentation/status/task-a292fb35d2d1d0d3b25ccbd3300ded67e0ae201a5a6a9ce0bb86a894003b4a44 status=200 elapsed=0.012s body={"status":"processing","message":"Generating presentation outlines","error":null,"data":{"created_slides":0,"remaining_slides":2},"created_at":"2026-07-11T12:00:46.343486","updated_at":"2026-07-11T12:00:46.358290","type":"presentation.generate","id":"task-a292fb35d2d1d0d3b25ccbd3300ded67e0ae201a5a6a9ce0bb86a894003b4a44"}
[2026-07-11T14:01:59] POLL task=task-a292fb35d2d1d0d3b25ccbd3300ded67e0ae201a5a6a9ce0bb86a894003b4a44 idx=37 status=processing
[2026-07-11T14:02:01] REQUEST GET /api/v1/ppt/presentation/status/task-a292fb35d2d1d0d3b25ccbd3300ded67e0ae201a5a6a9ce0bb86a894003b4a44 timeout=15s body=
[2026-07-11T14:02:01] RESPONSE GET /api/v1/ppt/presentation/status/task-a292fb35d2d1d0d3b25ccbd3300ded67e0ae201a5a6a9ce0bb86a894003b4a44 status=200 elapsed=0.016s body={"status":"processing","message":"Generating presentation outlines","error":null,"data":{"created_slides":0,"remaining_slides":2},"created_at":"2026-07-11T12:00:46.343486","updated_at":"2026-07-11T12:00:46.358290","type":"presentation.generate","id":"task-a292fb35d2d1d0d3b25ccbd3300ded67e0ae201a5a6a9ce0bb86a894003b4a44"}
[2026-07-11T14:02:01] POLL task=task-a292fb35d2d1d0d3b25ccbd3300ded67e0ae201a5a6a9ce0bb86a894003b4a44 idx=38 status=processing
[2026-07-11T14:02:03] REQUEST GET /api/v1/ppt/presentation/status/task-a292fb35d2d1d0d3b25ccbd3300ded67e0ae201a5a6a9ce0bb86a894003b4a44 timeout=15s body=
[2026-07-11T14:02:03] RESPONSE GET /api/v1/ppt/presentation/status/task-a292fb35d2d1d0d3b25ccbd3300ded67e0ae201a5a6a9ce0bb86a894003b4a44 status=200 elapsed=0.012s body={"status":"processing","message":"Generating presentation outlines","error":null,"data":{"created_slides":0,"remaining_slides":2},"created_at":"2026-07-11T12:00:46.343486","updated_at":"2026-07-11T12:00:46.358290","type":"presentation.generate","id":"task-a292fb35d2d1d0d3b25ccbd3300ded67e0ae201a5a6a9ce0bb86a894003b4a44"}
[2026-07-11T14:02:03] POLL task=task-a292fb35d2d1d0d3b25ccbd3300ded67e0ae201a5a6a9ce0bb86a894003b4a44 idx=39 status=processing
[2026-07-11T14:02:05] REQUEST GET /api/v1/ppt/presentation/status/task-a292fb35d2d1d0d3b25ccbd3300ded67e0ae201a5a6a9ce0bb86a894003b4a44 timeout=15s body=
[2026-07-11T14:02:05] RESPONSE GET /api/v1/ppt/presentation/status/task-a292fb35d2d1d0d3b25ccbd3300ded67e0ae201a5a6a9ce0bb86a894003b4a44 status=200 elapsed=0.019s body={"status":"processing","message":"Generating presentation outlines","error":null,"data":{"created_slides":0,"remaining_slides":2},"created_at":"2026-07-11T12:00:46.343486","updated_at":"2026-07-11T12:00:46.358290","type":"presentation.generate","id":"task-a292fb35d2d1d0d3b25ccbd3300ded67e0ae201a5a6a9ce0bb86a894003b4a44"}
[2026-07-11T14:02:05] POLL task=task-a292fb35d2d1d0d3b25ccbd3300ded67e0ae201a5a6a9ce0bb86a894003b4a44 idx=40 status=processing
[2026-07-11T14:02:07] REQUEST GET /api/v1/ppt/presentation/status/task-a292fb35d2d1d0d3b25ccbd3300ded67e0ae201a5a6a9ce0bb86a894003b4a44 timeout=15s body=
[2026-07-11T14:02:07] RESPONSE GET /api/v1/ppt/presentation/status/task-a292fb35d2d1d0d3b25ccbd3300ded67e0ae201a5a6a9ce0bb86a894003b4a44 status=200 elapsed=0.014s body={"status":"processing","message":"Generating presentation outlines","error":null,"data":{"created_slides":0,"remaining_slides":2},"created_at":"2026-07-11T12:00:46.343486","updated_at":"2026-07-11T12:00:46.358290","type":"presentation.generate","id":"task-a292fb35d2d1d0d3b25ccbd3300ded67e0ae201a5a6a9ce0bb86a894003b4a44"}
[2026-07-11T14:02:07] POLL task=task-a292fb35d2d1d0d3b25ccbd3300ded67e0ae201a5a6a9ce0bb86a894003b4a44 idx=41 status=processing
[2026-07-11T14:02:09] REQUEST GET /api/v1/ppt/presentation/status/task-a292fb35d2d1d0d3b25ccbd3300ded67e0ae201a5a6a9ce0bb86a894003b4a44 timeout=15s body=
[2026-07-11T14:02:09] RESPONSE GET /api/v1/ppt/presentation/status/task-a292fb35d2d1d0d3b25ccbd3300ded67e0ae201a5a6a9ce0bb86a894003b4a44 status=200 elapsed=0.024s body={"status":"processing","message":"Generating presentation outlines","error":null,"data":{"created_slides":0,"remaining_slides":2},"created_at":"2026-07-11T12:00:46.343486","updated_at":"2026-07-11T12:00:46.358290","type":"presentation.generate","id":"task-a292fb35d2d1d0d3b25ccbd3300ded67e0ae201a5a6a9ce0bb86a894003b4a44"}
[2026-07-11T14:02:09] POLL task=task-a292fb35d2d1d0d3b25ccbd3300ded67e0ae201a5a6a9ce0bb86a894003b4a44 idx=42 status=processing
[2026-07-11T14:02:11] REQUEST GET /api/v1/ppt/presentation/status/task-a292fb35d2d1d0d3b25ccbd3300ded67e0ae201a5a6a9ce0bb86a894003b4a44 timeout=15s body=
[2026-07-11T14:02:11] RESPONSE GET /api/v1/ppt/presentation/status/task-a292fb35d2d1d0d3b25ccbd3300ded67e0ae201a5a6a9ce0bb86a894003b4a44 status=200 elapsed=0.014s body={"status":"processing","message":"Generating presentation outlines","error":null,"data":{"created_slides":0,"remaining_slides":2},"created_at":"2026-07-11T12:00:46.343486","updated_at":"2026-07-11T12:00:46.358290","type":"presentation.generate","id":"task-a292fb35d2d1d0d3b25ccbd3300ded67e0ae201a5a6a9ce0bb86a894003b4a44"}
[2026-07-11T14:02:11] POLL task=task-a292fb35d2d1d0d3b25ccbd3300ded67e0ae201a5a6a9ce0bb86a894003b4a44 idx=43 status=processing
[2026-07-11T14:02:13] REQUEST GET /api/v1/ppt/presentation/status/task-a292fb35d2d1d0d3b25ccbd3300ded67e0ae201a5a6a9ce0bb86a894003b4a44 timeout=15s body=
[2026-07-11T14:02:13] RESPONSE GET /api/v1/ppt/presentation/status/task-a292fb35d2d1d0d3b25ccbd3300ded67e0ae201a5a6a9ce0bb86a894003b4a44 status=200 elapsed=0.02s body={"status":"processing","message":"Generating presentation outlines","error":null,"data":{"created_slides":0,"remaining_slides":2},"created_at":"2026-07-11T12:00:46.343486","updated_at":"2026-07-11T12:00:46.358290","type":"presentation.generate","id":"task-a292fb35d2d1d0d3b25ccbd3300ded67e0ae201a5a6a9ce0bb86a894003b4a44"}
[2026-07-11T14:02:13] POLL task=task-a292fb35d2d1d0d3b25ccbd3300ded67e0ae201a5a6a9ce0bb86a894003b4a44 idx=44 status=processing
[2026-07-11T14:02:15] REQUEST GET /api/v1/ppt/presentation/status/task-a292fb35d2d1d0d3b25ccbd3300ded67e0ae201a5a6a9ce0bb86a894003b4a44 timeout=15s body=
[2026-07-11T14:02:15] RESPONSE GET /api/v1/ppt/presentation/status/task-a292fb35d2d1d0d3b25ccbd3300ded67e0ae201a5a6a9ce0bb86a894003b4a44 status=200 elapsed=0.014s body={"status":"processing","message":"Generating presentation outlines","error":null,"data":{"created_slides":0,"remaining_slides":2},"created_at":"2026-07-11T12:00:46.343486","updated_at":"2026-07-11T12:00:46.358290","type":"presentation.generate","id":"task-a292fb35d2d1d0d3b25ccbd3300ded67e0ae201a5a6a9ce0bb86a894003b4a44"}
[2026-07-11T14:02:15] POLL task=task-a292fb35d2d1d0d3b25ccbd3300ded67e0ae201a5a6a9ce0bb86a894003b4a44 idx=45 status=processing
[2026-07-11T14:02:17] REQUEST GET /api/v1/ppt/presentation/status/task-a292fb35d2d1d0d3b25ccbd3300ded67e0ae201a5a6a9ce0bb86a894003b4a44 timeout=15s body=
[2026-07-11T14:02:17] RESPONSE GET /api/v1/ppt/presentation/status/task-a292fb35d2d1d0d3b25ccbd3300ded67e0ae201a5a6a9ce0bb86a894003b4a44 status=200 elapsed=0.022s body={"status":"processing","message":"Generating presentation outlines","error":null,"data":{"created_slides":0,"remaining_slides":2},"created_at":"2026-07-11T12:00:46.343486","updated_at":"2026-07-11T12:00:46.358290","type":"presentation.generate","id":"task-a292fb35d2d1d0d3b25ccbd3300ded67e0ae201a5a6a9ce0bb86a894003b4a44"}
[2026-07-11T14:02:17] POLL task=task-a292fb35d2d1d0d3b25ccbd3300ded67e0ae201a5a6a9ce0bb86a894003b4a44 idx=46 status=processing
[2026-07-11T14:02:19] REQUEST GET /api/v1/ppt/presentation/status/task-a292fb35d2d1d0d3b25ccbd3300ded67e0ae201a5a6a9ce0bb86a894003b4a44 timeout=15s body=
[2026-07-11T14:02:19] RESPONSE GET /api/v1/ppt/presentation/status/task-a292fb35d2d1d0d3b25ccbd3300ded67e0ae201a5a6a9ce0bb86a894003b4a44 status=200 elapsed=0.017s body={"status":"processing","message":"Generating presentation outlines","error":null,"data":{"created_slides":0,"remaining_slides":2},"created_at":"2026-07-11T12:00:46.343486","updated_at":"2026-07-11T12:00:46.358290","type":"presentation.generate","id":"task-a292fb35d2d1d0d3b25ccbd3300ded67e0ae201a5a6a9ce0bb86a894003b4a44"}
[2026-07-11T14:02:19] POLL task=task-a292fb35d2d1d0d3b25ccbd3300ded67e0ae201a5a6a9ce0bb86a894003b4a44 idx=47 status=processing
[2026-07-11T14:02:21] REQUEST GET /api/v1/ppt/presentation/status/task-a292fb35d2d1d0d3b25ccbd3300ded67e0ae201a5a6a9ce0bb86a894003b4a44 timeout=15s body=
[2026-07-11T14:02:21] RESPONSE GET /api/v1/ppt/presentation/status/task-a292fb35d2d1d0d3b25ccbd3300ded67e0ae201a5a6a9ce0bb86a894003b4a44 status=200 elapsed=0.015s body={"status":"processing","message":"Generating presentation outlines","error":null,"data":{"created_slides":0,"remaining_slides":2},"created_at":"2026-07-11T12:00:46.343486","updated_at":"2026-07-11T12:00:46.358290","type":"presentation.generate","id":"task-a292fb35d2d1d0d3b25ccbd3300ded67e0ae201a5a6a9ce0bb86a894003b4a44"}
[2026-07-11T14:02:21] POLL task=task-a292fb35d2d1d0d3b25ccbd3300ded67e0ae201a5a6a9ce0bb86a894003b4a44 idx=48 status=processing
[2026-07-11T14:02:23] REQUEST GET /api/v1/ppt/presentation/status/task-a292fb35d2d1d0d3b25ccbd3300ded67e0ae201a5a6a9ce0bb86a894003b4a44 timeout=15s body=
[2026-07-11T14:02:23] RESPONSE GET /api/v1/ppt/presentation/status/task-a292fb35d2d1d0d3b25ccbd3300ded67e0ae201a5a6a9ce0bb86a894003b4a44 status=200 elapsed=0.015s body={"status":"processing","message":"Generating presentation outlines","error":null,"data":{"created_slides":0,"remaining_slides":2},"created_at":"2026-07-11T12:00:46.343486","updated_at":"2026-07-11T12:00:46.358290","type":"presentation.generate","id":"task-a292fb35d2d1d0d3b25ccbd3300ded67e0ae201a5a6a9ce0bb86a894003b4a44"}
[2026-07-11T14:02:23] POLL task=task-a292fb35d2d1d0d3b25ccbd3300ded67e0ae201a5a6a9ce0bb86a894003b4a44 idx=49 status=processing
[2026-07-11T14:02:25] REQUEST GET /api/v1/ppt/presentation/status/task-a292fb35d2d1d0d3b25ccbd3300ded67e0ae201a5a6a9ce0bb86a894003b4a44 timeout=15s body=
[2026-07-11T14:02:25] RESPONSE GET /api/v1/ppt/presentation/status/task-a292fb35d2d1d0d3b25ccbd3300ded67e0ae201a5a6a9ce0bb86a894003b4a44 status=200 elapsed=0.018s body={"status":"processing","message":"Generating presentation outlines","error":null,"data":{"created_slides":0,"remaining_slides":2},"created_at":"2026-07-11T12:00:46.343486","updated_at":"2026-07-11T12:00:46.358290","type":"presentation.generate","id":"task-a292fb35d2d1d0d3b25ccbd3300ded67e0ae201a5a6a9ce0bb86a894003b4a44"}
[2026-07-11T14:02:25] POLL task=task-a292fb35d2d1d0d3b25ccbd3300ded67e0ae201a5a6a9ce0bb86a894003b4a44 idx=50 status=processing
[2026-07-11T14:02:27] REQUEST GET /api/v1/ppt/presentation/status/task-a292fb35d2d1d0d3b25ccbd3300ded67e0ae201a5a6a9ce0bb86a894003b4a44 timeout=15s body=
[2026-07-11T14:02:27] RESPONSE GET /api/v1/ppt/presentation/status/task-a292fb35d2d1d0d3b25ccbd3300ded67e0ae201a5a6a9ce0bb86a894003b4a44 status=200 elapsed=0.019s body={"status":"processing","message":"Generating presentation outlines","error":null,"data":{"created_slides":0,"remaining_slides":2},"created_at":"2026-07-11T12:00:46.343486","updated_at":"2026-07-11T12:00:46.358290","type":"presentation.generate","id":"task-a292fb35d2d1d0d3b25ccbd3300ded67e0ae201a5a6a9ce0bb86a894003b4a44"}
[2026-07-11T14:02:27] POLL task=task-a292fb35d2d1d0d3b25ccbd3300ded67e0ae201a5a6a9ce0bb86a894003b4a44 idx=51 status=processing
[2026-07-11T14:02:29] REQUEST GET /api/v1/ppt/presentation/status/task-a292fb35d2d1d0d3b25ccbd3300ded67e0ae201a5a6a9ce0bb86a894003b4a44 timeout=15s body=
[2026-07-11T14:02:29] RESPONSE GET /api/v1/ppt/presentation/status/task-a292fb35d2d1d0d3b25ccbd3300ded67e0ae201a5a6a9ce0bb86a894003b4a44 status=200 elapsed=0.045s body={"status":"processing","message":"Generating presentation outlines","error":null,"data":{"created_slides":0,"remaining_slides":2},"created_at":"2026-07-11T12:00:46.343486","updated_at":"2026-07-11T12:00:46.358290","type":"presentation.generate","id":"task-a292fb35d2d1d0d3b25ccbd3300ded67e0ae201a5a6a9ce0bb86a894003b4a44"}
[2026-07-11T14:02:29] POLL task=task-a292fb35d2d1d0d3b25ccbd3300ded67e0ae201a5a6a9ce0bb86a894003b4a44 idx=52 status=processing
[2026-07-11T14:02:31] REQUEST GET /api/v1/ppt/presentation/status/task-a292fb35d2d1d0d3b25ccbd3300ded67e0ae201a5a6a9ce0bb86a894003b4a44 timeout=15s body=
[2026-07-11T14:02:31] RESPONSE GET /api/v1/ppt/presentation/status/task-a292fb35d2d1d0d3b25ccbd3300ded67e0ae201a5a6a9ce0bb86a894003b4a44 status=200 elapsed=0.024s body={"status":"processing","message":"Generating presentation outlines","error":null,"data":{"created_slides":0,"remaining_slides":2},"created_at":"2026-07-11T12:00:46.343486","updated_at":"2026-07-11T12:00:46.358290","type":"presentation.generate","id":"task-a292fb35d2d1d0d3b25ccbd3300ded67e0ae201a5a6a9ce0bb86a894003b4a44"}
[2026-07-11T14:02:31] POLL task=task-a292fb35d2d1d0d3b25ccbd3300ded67e0ae201a5a6a9ce0bb86a894003b4a44 idx=53 status=processing
[2026-07-11T14:02:33] REQUEST GET /api/v1/ppt/presentation/status/task-a292fb35d2d1d0d3b25ccbd3300ded67e0ae201a5a6a9ce0bb86a894003b4a44 timeout=15s body=
[2026-07-11T14:02:33] RESPONSE GET /api/v1/ppt/presentation/status/task-a292fb35d2d1d0d3b25ccbd3300ded67e0ae201a5a6a9ce0bb86a894003b4a44 status=200 elapsed=0.02s body={"status":"processing","message":"Generating presentation outlines","error":null,"data":{"created_slides":0,"remaining_slides":2},"created_at":"2026-07-11T12:00:46.343486","updated_at":"2026-07-11T12:00:46.358290","type":"presentation.generate","id":"task-a292fb35d2d1d0d3b25ccbd3300ded67e0ae201a5a6a9ce0bb86a894003b4a44"}
[2026-07-11T14:02:33] POLL task=task-a292fb35d2d1d0d3b25ccbd3300ded67e0ae201a5a6a9ce0bb86a894003b4a44 idx=54 status=processing
[2026-07-11T14:02:35] REQUEST GET /api/v1/ppt/presentation/status/task-a292fb35d2d1d0d3b25ccbd3300ded67e0ae201a5a6a9ce0bb86a894003b4a44 timeout=15s body=
[2026-07-11T14:02:35] RESPONSE GET /api/v1/ppt/presentation/status/task-a292fb35d2d1d0d3b25ccbd3300ded67e0ae201a5a6a9ce0bb86a894003b4a44 status=200 elapsed=0.012s body={"status":"processing","message":"Generating presentation outlines","error":null,"data":{"created_slides":0,"remaining_slides":2},"created_at":"2026-07-11T12:00:46.343486","updated_at":"2026-07-11T12:00:46.358290","type":"presentation.generate","id":"task-a292fb35d2d1d0d3b25ccbd3300ded67e0ae201a5a6a9ce0bb86a894003b4a44"}
[2026-07-11T14:02:35] POLL task=task-a292fb35d2d1d0d3b25ccbd3300ded67e0ae201a5a6a9ce0bb86a894003b4a44 idx=55 status=processing
[2026-07-11T14:02:37] REQUEST GET /api/v1/ppt/presentation/status/task-a292fb35d2d1d0d3b25ccbd3300ded67e0ae201a5a6a9ce0bb86a894003b4a44 timeout=15s body=
[2026-07-11T14:02:37] RESPONSE GET /api/v1/ppt/presentation/status/task-a292fb35d2d1d0d3b25ccbd3300ded67e0ae201a5a6a9ce0bb86a894003b4a44 status=200 elapsed=0.017s body={"status":"processing","message":"Generating presentation outlines","error":null,"data":{"created_slides":0,"remaining_slides":2},"created_at":"2026-07-11T12:00:46.343486","updated_at":"2026-07-11T12:00:46.358290","type":"presentation.generate","id":"task-a292fb35d2d1d0d3b25ccbd3300ded67e0ae201a5a6a9ce0bb86a894003b4a44"}
[2026-07-11T14:02:37] POLL task=task-a292fb35d2d1d0d3b25ccbd3300ded67e0ae201a5a6a9ce0bb86a894003b4a44 idx=56 status=processing
[2026-07-11T14:02:39] REQUEST GET /api/v1/ppt/presentation/status/task-a292fb35d2d1d0d3b25ccbd3300ded67e0ae201a5a6a9ce0bb86a894003b4a44 timeout=15s body=
[2026-07-11T14:02:39] RESPONSE GET /api/v1/ppt/presentation/status/task-a292fb35d2d1d0d3b25ccbd3300ded67e0ae201a5a6a9ce0bb86a894003b4a44 status=200 elapsed=0.016s body={"status":"processing","message":"Generating presentation outlines","error":null,"data":{"created_slides":0,"remaining_slides":2},"created_at":"2026-07-11T12:00:46.343486","updated_at":"2026-07-11T12:00:46.358290","type":"presentation.generate","id":"task-a292fb35d2d1d0d3b25ccbd3300ded67e0ae201a5a6a9ce0bb86a894003b4a44"}
[2026-07-11T14:02:39] POLL task=task-a292fb35d2d1d0d3b25ccbd3300ded67e0ae201a5a6a9ce0bb86a894003b4a44 idx=57 status=processing
[2026-07-11T14:02:41] REQUEST GET /api/v1/ppt/presentation/status/task-a292fb35d2d1d0d3b25ccbd3300ded67e0ae201a5a6a9ce0bb86a894003b4a44 timeout=15s body=
[2026-07-11T14:02:41] RESPONSE GET /api/v1/ppt/presentation/status/task-a292fb35d2d1d0d3b25ccbd3300ded67e0ae201a5a6a9ce0bb86a894003b4a44 status=200 elapsed=0.028s body={"status":"processing","message":"Generating presentation outlines","error":null,"data":{"created_slides":0,"remaining_slides":2},"created_at":"2026-07-11T12:00:46.343486","updated_at":"2026-07-11T12:00:46.358290","type":"presentation.generate","id":"task-a292fb35d2d1d0d3b25ccbd3300ded67e0ae201a5a6a9ce0bb86a894003b4a44"}
[2026-07-11T14:02:41] POLL task=task-a292fb35d2d1d0d3b25ccbd3300ded67e0ae201a5a6a9ce0bb86a894003b4a44 idx=58 status=processing
[2026-07-11T14:02:43] REQUEST GET /api/v1/ppt/presentation/status/task-a292fb35d2d1d0d3b25ccbd3300ded67e0ae201a5a6a9ce0bb86a894003b4a44 timeout=15s body=
[2026-07-11T14:02:43] RESPONSE GET /api/v1/ppt/presentation/status/task-a292fb35d2d1d0d3b25ccbd3300ded67e0ae201a5a6a9ce0bb86a894003b4a44 status=200 elapsed=0.022s body={"status":"processing","message":"Generating presentation outlines","error":null,"data":{"created_slides":0,"remaining_slides":2},"created_at":"2026-07-11T12:00:46.343486","updated_at":"2026-07-11T12:00:46.358290","type":"presentation.generate","id":"task-a292fb35d2d1d0d3b25ccbd3300ded67e0ae201a5a6a9ce0bb86a894003b4a44"}
[2026-07-11T14:02:43] POLL task=task-a292fb35d2d1d0d3b25ccbd3300ded67e0ae201a5a6a9ce0bb86a894003b4a44 idx=59 status=processing
[2026-07-11T14:02:45] REQUEST GET /api/v1/ppt/presentation/status/task-a292fb35d2d1d0d3b25ccbd3300ded67e0ae201a5a6a9ce0bb86a894003b4a44 timeout=15s body=
[2026-07-11T14:02:45] RESPONSE GET /api/v1/ppt/presentation/status/task-a292fb35d2d1d0d3b25ccbd3300ded67e0ae201a5a6a9ce0bb86a894003b4a44 status=200 elapsed=0.017s body={"status":"processing","message":"Generating presentation outlines","error":null,"data":{"created_slides":0,"remaining_slides":2},"created_at":"2026-07-11T12:00:46.343486","updated_at":"2026-07-11T12:00:46.358290","type":"presentation.generate","id":"task-a292fb35d2d1d0d3b25ccbd3300ded67e0ae201a5a6a9ce0bb86a894003b4a44"}
[2026-07-11T14:02:45] POLL task=task-a292fb35d2d1d0d3b25ccbd3300ded67e0ae201a5a6a9ce0bb86a894003b4a44 idx=60 status=processing
[2026-07-11T14:02:47] REQUEST GET /api/v1/ppt/presentation/status/task-a292fb35d2d1d0d3b25ccbd3300ded67e0ae201a5a6a9ce0bb86a894003b4a44 timeout=15s body=
[2026-07-11T14:02:47] RESPONSE GET /api/v1/ppt/presentation/status/task-a292fb35d2d1d0d3b25ccbd3300ded67e0ae201a5a6a9ce0bb86a894003b4a44 status=200 elapsed=0.015s body={"status":"processing","message":"Generating presentation outlines","error":null,"data":{"created_slides":0,"remaining_slides":2},"created_at":"2026-07-11T12:00:46.343486","updated_at":"2026-07-11T12:00:46.358290","type":"presentation.generate","id":"task-a292fb35d2d1d0d3b25ccbd3300ded67e0ae201a5a6a9ce0bb86a894003b4a44"}
[2026-07-11T14:02:47] POLL task=task-a292fb35d2d1d0d3b25ccbd3300ded67e0ae201a5a6a9ce0bb86a894003b4a44 idx=61 status=processing
[2026-07-11T14:02:49] REQUEST GET /api/v1/ppt/presentation/status/task-a292fb35d2d1d0d3b25ccbd3300ded67e0ae201a5a6a9ce0bb86a894003b4a44 timeout=15s body=
[2026-07-11T14:02:49] RESPONSE GET /api/v1/ppt/presentation/status/task-a292fb35d2d1d0d3b25ccbd3300ded67e0ae201a5a6a9ce0bb86a894003b4a44 status=200 elapsed=0.021s body={"status":"processing","message":"Generating presentation outlines","error":null,"data":{"created_slides":0,"remaining_slides":2},"created_at":"2026-07-11T12:00:46.343486","updated_at":"2026-07-11T12:00:46.358290","type":"presentation.generate","id":"task-a292fb35d2d1d0d3b25ccbd3300ded67e0ae201a5a6a9ce0bb86a894003b4a44"}
[2026-07-11T14:02:49] POLL task=task-a292fb35d2d1d0d3b25ccbd3300ded67e0ae201a5a6a9ce0bb86a894003b4a44 idx=62 status=processing
[2026-07-11T14:02:51] REQUEST GET /api/v1/ppt/presentation/status/task-a292fb35d2d1d0d3b25ccbd3300ded67e0ae201a5a6a9ce0bb86a894003b4a44 timeout=15s body=
[2026-07-11T14:02:51] RESPONSE GET /api/v1/ppt/presentation/status/task-a292fb35d2d1d0d3b25ccbd3300ded67e0ae201a5a6a9ce0bb86a894003b4a44 status=200 elapsed=0.016s body={"status":"processing","message":"Generating presentation outlines","error":null,"data":{"created_slides":0,"remaining_slides":2},"created_at":"2026-07-11T12:00:46.343486","updated_at":"2026-07-11T12:00:46.358290","type":"presentation.generate","id":"task-a292fb35d2d1d0d3b25ccbd3300ded67e0ae201a5a6a9ce0bb86a894003b4a44"}
[2026-07-11T14:02:51] POLL task=task-a292fb35d2d1d0d3b25ccbd3300ded67e0ae201a5a6a9ce0bb86a894003b4a44 idx=63 status=processing
[2026-07-11T14:02:53] REQUEST GET /api/v1/ppt/presentation/status/task-a292fb35d2d1d0d3b25ccbd3300ded67e0ae201a5a6a9ce0bb86a894003b4a44 timeout=15s body=
[2026-07-11T14:02:54] RESPONSE GET /api/v1/ppt/presentation/status/task-a292fb35d2d1d0d3b25ccbd3300ded67e0ae201a5a6a9ce0bb86a894003b4a44 status=200 elapsed=0.016s body={"status":"processing","message":"Generating presentation outlines","error":null,"data":{"created_slides":0,"remaining_slides":2},"created_at":"2026-07-11T12:00:46.343486","updated_at":"2026-07-11T12:00:46.358290","type":"presentation.generate","id":"task-a292fb35d2d1d0d3b25ccbd3300ded67e0ae201a5a6a9ce0bb86a894003b4a44"}
[2026-07-11T14:02:54] POLL task=task-a292fb35d2d1d0d3b25ccbd3300ded67e0ae201a5a6a9ce0bb86a894003b4a44 idx=64 status=processing
[2026-07-11T14:02:56] REQUEST GET /api/v1/ppt/presentation/status/task-a292fb35d2d1d0d3b25ccbd3300ded67e0ae201a5a6a9ce0bb86a894003b4a44 timeout=15s body=
[2026-07-11T14:02:56] RESPONSE GET /api/v1/ppt/presentation/status/task-a292fb35d2d1d0d3b25ccbd3300ded67e0ae201a5a6a9ce0bb86a894003b4a44 status=200 elapsed=0.032s body={"status":"processing","message":"Generating presentation outlines","error":null,"data":{"created_slides":0,"remaining_slides":2},"created_at":"2026-07-11T12:00:46.343486","updated_at":"2026-07-11T12:00:46.358290","type":"presentation.generate","id":"task-a292fb35d2d1d0d3b25ccbd3300ded67e0ae201a5a6a9ce0bb86a894003b4a44"}
[2026-07-11T14:02:56] POLL task=task-a292fb35d2d1d0d3b25ccbd3300ded67e0ae201a5a6a9ce0bb86a894003b4a44 idx=65 status=processing
[2026-07-11T14:02:58] REQUEST GET /api/v1/ppt/presentation/status/task-a292fb35d2d1d0d3b25ccbd3300ded67e0ae201a5a6a9ce0bb86a894003b4a44 timeout=15s body=
[2026-07-11T14:02:58] RESPONSE GET /api/v1/ppt/presentation/status/task-a292fb35d2d1d0d3b25ccbd3300ded67e0ae201a5a6a9ce0bb86a894003b4a44 status=200 elapsed=0.016s body={"status":"processing","message":"Generating presentation outlines","error":null,"data":{"created_slides":0,"remaining_slides":2},"created_at":"2026-07-11T12:00:46.343486","updated_at":"2026-07-11T12:00:46.358290","type":"presentation.generate","id":"task-a292fb35d2d1d0d3b25ccbd3300ded67e0ae201a5a6a9ce0bb86a894003b4a44"}
[2026-07-11T14:02:58] POLL task=task-a292fb35d2d1d0d3b25ccbd3300ded67e0ae201a5a6a9ce0bb86a894003b4a44 idx=66 status=processing
[2026-07-11T14:03:00] REQUEST GET /api/v1/ppt/presentation/status/task-a292fb35d2d1d0d3b25ccbd3300ded67e0ae201a5a6a9ce0bb86a894003b4a44 timeout=15s body=
[2026-07-11T14:03:00] RESPONSE GET /api/v1/ppt/presentation/status/task-a292fb35d2d1d0d3b25ccbd3300ded67e0ae201a5a6a9ce0bb86a894003b4a44 status=200 elapsed=0.018s body={"status":"processing","message":"Generating presentation outlines","error":null,"data":{"created_slides":0,"remaining_slides":2},"created_at":"2026-07-11T12:00:46.343486","updated_at":"2026-07-11T12:00:46.358290","type":"presentation.generate","id":"task-a292fb35d2d1d0d3b25ccbd3300ded67e0ae201a5a6a9ce0bb86a894003b4a44"}
[2026-07-11T14:03:00] POLL task=task-a292fb35d2d1d0d3b25ccbd3300ded67e0ae201a5a6a9ce0bb86a894003b4a44 idx=67 status=processing
[2026-07-11T14:03:02] REQUEST GET /api/v1/ppt/presentation/status/task-a292fb35d2d1d0d3b25ccbd3300ded67e0ae201a5a6a9ce0bb86a894003b4a44 timeout=15s body=
[2026-07-11T14:03:02] RESPONSE GET /api/v1/ppt/presentation/status/task-a292fb35d2d1d0d3b25ccbd3300ded67e0ae201a5a6a9ce0bb86a894003b4a44 status=200 elapsed=0.019s body={"status":"processing","message":"Generating presentation outlines","error":null,"data":{"created_slides":0,"remaining_slides":2},"created_at":"2026-07-11T12:00:46.343486","updated_at":"2026-07-11T12:00:46.358290","type":"presentation.generate","id":"task-a292fb35d2d1d0d3b25ccbd3300ded67e0ae201a5a6a9ce0bb86a894003b4a44"}
[2026-07-11T14:03:02] POLL task=task-a292fb35d2d1d0d3b25ccbd3300ded67e0ae201a5a6a9ce0bb86a894003b4a44 idx=68 status=processing
[2026-07-11T14:03:04] REQUEST GET /api/v1/ppt/presentation/status/task-a292fb35d2d1d0d3b25ccbd3300ded67e0ae201a5a6a9ce0bb86a894003b4a44 timeout=15s body=
[2026-07-11T14:03:04] RESPONSE GET /api/v1/ppt/presentation/status/task-a292fb35d2d1d0d3b25ccbd3300ded67e0ae201a5a6a9ce0bb86a894003b4a44 status=200 elapsed=0.017s body={"status":"processing","message":"Generating presentation outlines","error":null,"data":{"created_slides":0,"remaining_slides":2},"created_at":"2026-07-11T12:00:46.343486","updated_at":"2026-07-11T12:00:46.358290","type":"presentation.generate","id":"task-a292fb35d2d1d0d3b25ccbd3300ded67e0ae201a5a6a9ce0bb86a894003b4a44"}
[2026-07-11T14:03:04] POLL task=task-a292fb35d2d1d0d3b25ccbd3300ded67e0ae201a5a6a9ce0bb86a894003b4a44 idx=69 status=processing
[2026-07-11T14:03:06] REQUEST GET /api/v1/ppt/presentation/status/task-a292fb35d2d1d0d3b25ccbd3300ded67e0ae201a5a6a9ce0bb86a894003b4a44 timeout=15s body=
[2026-07-11T14:03:06] RESPONSE GET /api/v1/ppt/presentation/status/task-a292fb35d2d1d0d3b25ccbd3300ded67e0ae201a5a6a9ce0bb86a894003b4a44 status=200 elapsed=0.021s body={"status":"processing","message":"Generating presentation outlines","error":null,"data":{"created_slides":0,"remaining_slides":2},"created_at":"2026-07-11T12:00:46.343486","updated_at":"2026-07-11T12:00:46.358290","type":"presentation.generate","id":"task-a292fb35d2d1d0d3b25ccbd3300ded67e0ae201a5a6a9ce0bb86a894003b4a44"}
[2026-07-11T14:03:06] POLL task=task-a292fb35d2d1d0d3b25ccbd3300ded67e0ae201a5a6a9ce0bb86a894003b4a44 idx=70 status=processing
[2026-07-11T14:03:08] REQUEST GET /api/v1/ppt/presentation/status/task-a292fb35d2d1d0d3b25ccbd3300ded67e0ae201a5a6a9ce0bb86a894003b4a44 timeout=15s body=
[2026-07-11T14:03:08] RESPONSE GET /api/v1/ppt/presentation/status/task-a292fb35d2d1d0d3b25ccbd3300ded67e0ae201a5a6a9ce0bb86a894003b4a44 status=200 elapsed=0.019s body={"status":"processing","message":"Generating presentation outlines","error":null,"data":{"created_slides":0,"remaining_slides":2},"created_at":"2026-07-11T12:00:46.343486","updated_at":"2026-07-11T12:00:46.358290","type":"presentation.generate","id":"task-a292fb35d2d1d0d3b25ccbd3300ded67e0ae201a5a6a9ce0bb86a894003b4a44"}
[2026-07-11T14:03:08] POLL task=task-a292fb35d2d1d0d3b25ccbd3300ded67e0ae201a5a6a9ce0bb86a894003b4a44 idx=71 status=processing
[2026-07-11T14:03:10] REQUEST GET /api/v1/ppt/presentation/status/task-a292fb35d2d1d0d3b25ccbd3300ded67e0ae201a5a6a9ce0bb86a894003b4a44 timeout=15s body=
[2026-07-11T14:03:10] RESPONSE GET /api/v1/ppt/presentation/status/task-a292fb35d2d1d0d3b25ccbd3300ded67e0ae201a5a6a9ce0bb86a894003b4a44 status=200 elapsed=0.026s body={"status":"processing","message":"Selecting layout for each slide","error":null,"data":{"created_slides":0,"remaining_slides":2},"created_at":"2026-07-11T12:00:46.343486","updated_at":"2026-07-11T12:03:09.564618","type":"presentation.generate","id":"task-a292fb35d2d1d0d3b25ccbd3300ded67e0ae201a5a6a9ce0bb86a894003b4a44"}
[2026-07-11T14:03:10] POLL task=task-a292fb35d2d1d0d3b25ccbd3300ded67e0ae201a5a6a9ce0bb86a894003b4a44 idx=72 status=processing
[2026-07-11T14:03:12] REQUEST GET /api/v1/ppt/presentation/status/task-a292fb35d2d1d0d3b25ccbd3300ded67e0ae201a5a6a9ce0bb86a894003b4a44 timeout=15s body=
[2026-07-11T14:03:12] RESPONSE GET /api/v1/ppt/presentation/status/task-a292fb35d2d1d0d3b25ccbd3300ded67e0ae201a5a6a9ce0bb86a894003b4a44 status=200 elapsed=0.027s body={"status":"processing","message":"Selecting layout for each slide","error":null,"data":{"created_slides":0,"remaining_slides":2},"created_at":"2026-07-11T12:00:46.343486","updated_at":"2026-07-11T12:03:09.564618","type":"presentation.generate","id":"task-a292fb35d2d1d0d3b25ccbd3300ded67e0ae201a5a6a9ce0bb86a894003b4a44"}
[2026-07-11T14:03:12] POLL task=task-a292fb35d2d1d0d3b25ccbd3300ded67e0ae201a5a6a9ce0bb86a894003b4a44 idx=73 status=processing
[2026-07-11T14:03:14] REQUEST GET /api/v1/ppt/presentation/status/task-a292fb35d2d1d0d3b25ccbd3300ded67e0ae201a5a6a9ce0bb86a894003b4a44 timeout=15s body=
[2026-07-11T14:03:14] RESPONSE GET /api/v1/ppt/presentation/status/task-a292fb35d2d1d0d3b25ccbd3300ded67e0ae201a5a6a9ce0bb86a894003b4a44 status=200 elapsed=0.01s body={"status":"processing","message":"Selecting layout for each slide","error":null,"data":{"created_slides":0,"remaining_slides":2},"created_at":"2026-07-11T12:00:46.343486","updated_at":"2026-07-11T12:03:09.564618","type":"presentation.generate","id":"task-a292fb35d2d1d0d3b25ccbd3300ded67e0ae201a5a6a9ce0bb86a894003b4a44"}
[2026-07-11T14:03:14] POLL task=task-a292fb35d2d1d0d3b25ccbd3300ded67e0ae201a5a6a9ce0bb86a894003b4a44 idx=74 status=processing
[2026-07-11T14:03:16] REQUEST GET /api/v1/ppt/presentation/status/task-a292fb35d2d1d0d3b25ccbd3300ded67e0ae201a5a6a9ce0bb86a894003b4a44 timeout=15s body=
[2026-07-11T14:03:16] RESPONSE GET /api/v1/ppt/presentation/status/task-a292fb35d2d1d0d3b25ccbd3300ded67e0ae201a5a6a9ce0bb86a894003b4a44 status=200 elapsed=0.013s body={"status":"processing","message":"Selecting layout for each slide","error":null,"data":{"created_slides":0,"remaining_slides":2},"created_at":"2026-07-11T12:00:46.343486","updated_at":"2026-07-11T12:03:09.564618","type":"presentation.generate","id":"task-a292fb35d2d1d0d3b25ccbd3300ded67e0ae201a5a6a9ce0bb86a894003b4a44"}
[2026-07-11T14:03:16] POLL task=task-a292fb35d2d1d0d3b25ccbd3300ded67e0ae201a5a6a9ce0bb86a894003b4a44 idx=75 status=processing
[2026-07-11T14:03:18] REQUEST GET /api/v1/ppt/presentation/status/task-a292fb35d2d1d0d3b25ccbd3300ded67e0ae201a5a6a9ce0bb86a894003b4a44 timeout=15s body=
[2026-07-11T14:03:18] RESPONSE GET /api/v1/ppt/presentation/status/task-a292fb35d2d1d0d3b25ccbd3300ded67e0ae201a5a6a9ce0bb86a894003b4a44 status=200 elapsed=0.026s body={"status":"processing","message":"Selecting layout for each slide","error":null,"data":{"created_slides":0,"remaining_slides":2},"created_at":"2026-07-11T12:00:46.343486","updated_at":"2026-07-11T12:03:09.564618","type":"presentation.generate","id":"task-a292fb35d2d1d0d3b25ccbd3300ded67e0ae201a5a6a9ce0bb86a894003b4a44"}
[2026-07-11T14:03:18] POLL task=task-a292fb35d2d1d0d3b25ccbd3300ded67e0ae201a5a6a9ce0bb86a894003b4a44 idx=76 status=processing
[2026-07-11T14:03:20] REQUEST GET /api/v1/ppt/presentation/status/task-a292fb35d2d1d0d3b25ccbd3300ded67e0ae201a5a6a9ce0bb86a894003b4a44 timeout=15s body=
[2026-07-11T14:03:20] RESPONSE GET /api/v1/ppt/presentation/status/task-a292fb35d2d1d0d3b25ccbd3300ded67e0ae201a5a6a9ce0bb86a894003b4a44 status=200 elapsed=0.033s body={"status":"processing","message":"Selecting layout for each slide","error":null,"data":{"created_slides":0,"remaining_slides":2},"created_at":"2026-07-11T12:00:46.343486","updated_at":"2026-07-11T12:03:09.564618","type":"presentation.generate","id":"task-a292fb35d2d1d0d3b25ccbd3300ded67e0ae201a5a6a9ce0bb86a894003b4a44"}
[2026-07-11T14:03:20] POLL task=task-a292fb35d2d1d0d3b25ccbd3300ded67e0ae201a5a6a9ce0bb86a894003b4a44 idx=77 status=processing
[2026-07-11T14:03:22] REQUEST GET /api/v1/ppt/presentation/status/task-a292fb35d2d1d0d3b25ccbd3300ded67e0ae201a5a6a9ce0bb86a894003b4a44 timeout=15s body=
[2026-07-11T14:03:22] RESPONSE GET /api/v1/ppt/presentation/status/task-a292fb35d2d1d0d3b25ccbd3300ded67e0ae201a5a6a9ce0bb86a894003b4a44 status=200 elapsed=0.026s body={"status":"processing","message":"Selecting layout for each slide","error":null,"data":{"created_slides":0,"remaining_slides":2},"created_at":"2026-07-11T12:00:46.343486","updated_at":"2026-07-11T12:03:09.564618","type":"presentation.generate","id":"task-a292fb35d2d1d0d3b25ccbd3300ded67e0ae201a5a6a9ce0bb86a894003b4a44"}
[2026-07-11T14:03:22] POLL task=task-a292fb35d2d1d0d3b25ccbd3300ded67e0ae201a5a6a9ce0bb86a894003b4a44 idx=78 status=processing
[2026-07-11T14:03:24] REQUEST GET /api/v1/ppt/presentation/status/task-a292fb35d2d1d0d3b25ccbd3300ded67e0ae201a5a6a9ce0bb86a894003b4a44 timeout=15s body=
[2026-07-11T14:03:24] RESPONSE GET /api/v1/ppt/presentation/status/task-a292fb35d2d1d0d3b25ccbd3300ded67e0ae201a5a6a9ce0bb86a894003b4a44 status=200 elapsed=0.013s body={"status":"processing","message":"Selecting layout for each slide","error":null,"data":{"created_slides":0,"remaining_slides":2},"created_at":"2026-07-11T12:00:46.343486","updated_at":"2026-07-11T12:03:09.564618","type":"presentation.generate","id":"task-a292fb35d2d1d0d3b25ccbd3300ded67e0ae201a5a6a9ce0bb86a894003b4a44"}
[2026-07-11T14:03:24] POLL task=task-a292fb35d2d1d0d3b25ccbd3300ded67e0ae201a5a6a9ce0bb86a894003b4a44 idx=79 status=processing
[2026-07-11T14:03:26] REQUEST GET /api/v1/ppt/presentation/status/task-a292fb35d2d1d0d3b25ccbd3300ded67e0ae201a5a6a9ce0bb86a894003b4a44 timeout=15s body=
[2026-07-11T14:03:26] RESPONSE GET /api/v1/ppt/presentation/status/task-a292fb35d2d1d0d3b25ccbd3300ded67e0ae201a5a6a9ce0bb86a894003b4a44 status=200 elapsed=0.018s body={"status":"processing","message":"Selecting layout for each slide","error":null,"data":{"created_slides":0,"remaining_slides":2},"created_at":"2026-07-11T12:00:46.343486","updated_at":"2026-07-11T12:03:09.564618","type":"presentation.generate","id":"task-a292fb35d2d1d0d3b25ccbd3300ded67e0ae201a5a6a9ce0bb86a894003b4a44"}
[2026-07-11T14:03:26] POLL task=task-a292fb35d2d1d0d3b25ccbd3300ded67e0ae201a5a6a9ce0bb86a894003b4a44 idx=80 status=processing
[2026-07-11T14:03:28] REQUEST GET /api/v1/ppt/presentation/status/task-a292fb35d2d1d0d3b25ccbd3300ded67e0ae201a5a6a9ce0bb86a894003b4a44 timeout=15s body=
[2026-07-11T14:03:28] RESPONSE GET /api/v1/ppt/presentation/status/task-a292fb35d2d1d0d3b25ccbd3300ded67e0ae201a5a6a9ce0bb86a894003b4a44 status=200 elapsed=0.015s body={"status":"processing","message":"Selecting layout for each slide","error":null,"data":{"created_slides":0,"remaining_slides":2},"created_at":"2026-07-11T12:00:46.343486","updated_at":"2026-07-11T12:03:09.564618","type":"presentation.generate","id":"task-a292fb35d2d1d0d3b25ccbd3300ded67e0ae201a5a6a9ce0bb86a894003b4a44"}
[2026-07-11T14:03:28] POLL task=task-a292fb35d2d1d0d3b25ccbd3300ded67e0ae201a5a6a9ce0bb86a894003b4a44 idx=81 status=processing
[2026-07-11T14:03:30] REQUEST GET /api/v1/ppt/presentation/status/task-a292fb35d2d1d0d3b25ccbd3300ded67e0ae201a5a6a9ce0bb86a894003b4a44 timeout=15s body=
[2026-07-11T14:03:30] RESPONSE GET /api/v1/ppt/presentation/status/task-a292fb35d2d1d0d3b25ccbd3300ded67e0ae201a5a6a9ce0bb86a894003b4a44 status=200 elapsed=0.03s body={"status":"processing","message":"Selecting layout for each slide","error":null,"data":{"created_slides":0,"remaining_slides":2},"created_at":"2026-07-11T12:00:46.343486","updated_at":"2026-07-11T12:03:09.564618","type":"presentation.generate","id":"task-a292fb35d2d1d0d3b25ccbd3300ded67e0ae201a5a6a9ce0bb86a894003b4a44"}
[2026-07-11T14:03:30] POLL task=task-a292fb35d2d1d0d3b25ccbd3300ded67e0ae201a5a6a9ce0bb86a894003b4a44 idx=82 status=processing
[2026-07-11T14:03:32] REQUEST GET /api/v1/ppt/presentation/status/task-a292fb35d2d1d0d3b25ccbd3300ded67e0ae201a5a6a9ce0bb86a894003b4a44 timeout=15s body=
[2026-07-11T14:03:32] RESPONSE GET /api/v1/ppt/presentation/status/task-a292fb35d2d1d0d3b25ccbd3300ded67e0ae201a5a6a9ce0bb86a894003b4a44 status=200 elapsed=0.013s body={"status":"processing","message":"Selecting layout for each slide","error":null,"data":{"created_slides":0,"remaining_slides":2},"created_at":"2026-07-11T12:00:46.343486","updated_at":"2026-07-11T12:03:09.564618","type":"presentation.generate","id":"task-a292fb35d2d1d0d3b25ccbd3300ded67e0ae201a5a6a9ce0bb86a894003b4a44"}
[2026-07-11T14:03:32] POLL task=task-a292fb35d2d1d0d3b25ccbd3300ded67e0ae201a5a6a9ce0bb86a894003b4a44 idx=83 status=processing
[2026-07-11T14:03:34] REQUEST GET /api/v1/ppt/presentation/status/task-a292fb35d2d1d0d3b25ccbd3300ded67e0ae201a5a6a9ce0bb86a894003b4a44 timeout=15s body=
[2026-07-11T14:03:34] RESPONSE GET /api/v1/ppt/presentation/status/task-a292fb35d2d1d0d3b25ccbd3300ded67e0ae201a5a6a9ce0bb86a894003b4a44 status=200 elapsed=0.015s body={"status":"processing","message":"Selecting layout for each slide","error":null,"data":{"created_slides":0,"remaining_slides":2},"created_at":"2026-07-11T12:00:46.343486","updated_at":"2026-07-11T12:03:09.564618","type":"presentation.generate","id":"task-a292fb35d2d1d0d3b25ccbd3300ded67e0ae201a5a6a9ce0bb86a894003b4a44"}
[2026-07-11T14:03:34] POLL task=task-a292fb35d2d1d0d3b25ccbd3300ded67e0ae201a5a6a9ce0bb86a894003b4a44 idx=84 status=processing
[2026-07-11T14:03:36] REQUEST GET /api/v1/ppt/presentation/status/task-a292fb35d2d1d0d3b25ccbd3300ded67e0ae201a5a6a9ce0bb86a894003b4a44 timeout=15s body=
[2026-07-11T14:03:36] RESPONSE GET /api/v1/ppt/presentation/status/task-a292fb35d2d1d0d3b25ccbd3300ded67e0ae201a5a6a9ce0bb86a894003b4a44 status=200 elapsed=0.016s body={"status":"processing","message":"Selecting layout for each slide","error":null,"data":{"created_slides":0,"remaining_slides":2},"created_at":"2026-07-11T12:00:46.343486","updated_at":"2026-07-11T12:03:09.564618","type":"presentation.generate","id":"task-a292fb35d2d1d0d3b25ccbd3300ded67e0ae201a5a6a9ce0bb86a894003b4a44"}
[2026-07-11T14:03:36] POLL task=task-a292fb35d2d1d0d3b25ccbd3300ded67e0ae201a5a6a9ce0bb86a894003b4a44 idx=85 status=processing
[2026-07-11T14:03:38] REQUEST GET /api/v1/ppt/presentation/status/task-a292fb35d2d1d0d3b25ccbd3300ded67e0ae201a5a6a9ce0bb86a894003b4a44 timeout=15s body=
[2026-07-11T14:03:38] RESPONSE GET /api/v1/ppt/presentation/status/task-a292fb35d2d1d0d3b25ccbd3300ded67e0ae201a5a6a9ce0bb86a894003b4a44 status=200 elapsed=0.031s body={"status":"processing","message":"Selecting layout for each slide","error":null,"data":{"created_slides":0,"remaining_slides":2},"created_at":"2026-07-11T12:00:46.343486","updated_at":"2026-07-11T12:03:09.564618","type":"presentation.generate","id":"task-a292fb35d2d1d0d3b25ccbd3300ded67e0ae201a5a6a9ce0bb86a894003b4a44"}
[2026-07-11T14:03:38] POLL task=task-a292fb35d2d1d0d3b25ccbd3300ded67e0ae201a5a6a9ce0bb86a894003b4a44 idx=86 status=processing
[2026-07-11T14:03:40] REQUEST GET /api/v1/ppt/presentation/status/task-a292fb35d2d1d0d3b25ccbd3300ded67e0ae201a5a6a9ce0bb86a894003b4a44 timeout=15s body=
[2026-07-11T14:03:40] RESPONSE GET /api/v1/ppt/presentation/status/task-a292fb35d2d1d0d3b25ccbd3300ded67e0ae201a5a6a9ce0bb86a894003b4a44 status=200 elapsed=0.024s body={"status":"processing","message":"Selecting layout for each slide","error":null,"data":{"created_slides":0,"remaining_slides":2},"created_at":"2026-07-11T12:00:46.343486","updated_at":"2026-07-11T12:03:09.564618","type":"presentation.generate","id":"task-a292fb35d2d1d0d3b25ccbd3300ded67e0ae201a5a6a9ce0bb86a894003b4a44"}
[2026-07-11T14:03:40] POLL task=task-a292fb35d2d1d0d3b25ccbd3300ded67e0ae201a5a6a9ce0bb86a894003b4a44 idx=87 status=processing
[2026-07-11T14:03:42] REQUEST GET /api/v1/ppt/presentation/status/task-a292fb35d2d1d0d3b25ccbd3300ded67e0ae201a5a6a9ce0bb86a894003b4a44 timeout=15s body=
[2026-07-11T14:03:42] RESPONSE GET /api/v1/ppt/presentation/status/task-a292fb35d2d1d0d3b25ccbd3300ded67e0ae201a5a6a9ce0bb86a894003b4a44 status=200 elapsed=0.017s body={"status":"processing","message":"Selecting layout for each slide","error":null,"data":{"created_slides":0,"remaining_slides":2},"created_at":"2026-07-11T12:00:46.343486","updated_at":"2026-07-11T12:03:09.564618","type":"presentation.generate","id":"task-a292fb35d2d1d0d3b25ccbd3300ded67e0ae201a5a6a9ce0bb86a894003b4a44"}
[2026-07-11T14:03:42] POLL task=task-a292fb35d2d1d0d3b25ccbd3300ded67e0ae201a5a6a9ce0bb86a894003b4a44 idx=88 status=processing
[2026-07-11T14:03:44] REQUEST GET /api/v1/ppt/presentation/status/task-a292fb35d2d1d0d3b25ccbd3300ded67e0ae201a5a6a9ce0bb86a894003b4a44 timeout=15s body=
[2026-07-11T14:03:44] RESPONSE GET /api/v1/ppt/presentation/status/task-a292fb35d2d1d0d3b25ccbd3300ded67e0ae201a5a6a9ce0bb86a894003b4a44 status=200 elapsed=0.016s body={"status":"processing","message":"Selecting layout for each slide","error":null,"data":{"created_slides":0,"remaining_slides":2},"created_at":"2026-07-11T12:00:46.343486","updated_at":"2026-07-11T12:03:09.564618","type":"presentation.generate","id":"task-a292fb35d2d1d0d3b25ccbd3300ded67e0ae201a5a6a9ce0bb86a894003b4a44"}
[2026-07-11T14:03:44] POLL task=task-a292fb35d2d1d0d3b25ccbd3300ded67e0ae201a5a6a9ce0bb86a894003b4a44 idx=89 status=processing
[2026-07-11T14:03:46] REQUEST GET /api/v1/ppt/presentation/status/task-a292fb35d2d1d0d3b25ccbd3300ded67e0ae201a5a6a9ce0bb86a894003b4a44 timeout=15s body=
[2026-07-11T14:03:46] RESPONSE GET /api/v1/ppt/presentation/status/task-a292fb35d2d1d0d3b25ccbd3300ded67e0ae201a5a6a9ce0bb86a894003b4a44 status=200 elapsed=0.023s body={"status":"processing","message":"Selecting layout for each slide","error":null,"data":{"created_slides":0,"remaining_slides":2},"created_at":"2026-07-11T12:00:46.343486","updated_at":"2026-07-11T12:03:09.564618","type":"presentation.generate","id":"task-a292fb35d2d1d0d3b25ccbd3300ded67e0ae201a5a6a9ce0bb86a894003b4a44"}
[2026-07-11T14:03:46] POLL task=task-a292fb35d2d1d0d3b25ccbd3300ded67e0ae201a5a6a9ce0bb86a894003b4a44 idx=90 status=processing
[2026-07-11T14:03:48] REQUEST GET /api/v1/ppt/presentation/status/task-a292fb35d2d1d0d3b25ccbd3300ded67e0ae201a5a6a9ce0bb86a894003b4a44 timeout=15s body=
[2026-07-11T14:03:48] RESPONSE GET /api/v1/ppt/presentation/status/task-a292fb35d2d1d0d3b25ccbd3300ded67e0ae201a5a6a9ce0bb86a894003b4a44 status=200 elapsed=0.019s body={"status":"processing","message":"Selecting layout for each slide","error":null,"data":{"created_slides":0,"remaining_slides":2},"created_at":"2026-07-11T12:00:46.343486","updated_at":"2026-07-11T12:03:09.564618","type":"presentation.generate","id":"task-a292fb35d2d1d0d3b25ccbd3300ded67e0ae201a5a6a9ce0bb86a894003b4a44"}
[2026-07-11T14:03:48] POLL task=task-a292fb35d2d1d0d3b25ccbd3300ded67e0ae201a5a6a9ce0bb86a894003b4a44 idx=91 status=processing
[2026-07-11T14:03:50] REQUEST GET /api/v1/ppt/presentation/status/task-a292fb35d2d1d0d3b25ccbd3300ded67e0ae201a5a6a9ce0bb86a894003b4a44 timeout=15s body=
[2026-07-11T14:03:50] RESPONSE GET /api/v1/ppt/presentation/status/task-a292fb35d2d1d0d3b25ccbd3300ded67e0ae201a5a6a9ce0bb86a894003b4a44 status=200 elapsed=0.018s body={"status":"processing","message":"Selecting layout for each slide","error":null,"data":{"created_slides":0,"remaining_slides":2},"created_at":"2026-07-11T12:00:46.343486","updated_at":"2026-07-11T12:03:09.564618","type":"presentation.generate","id":"task-a292fb35d2d1d0d3b25ccbd3300ded67e0ae201a5a6a9ce0bb86a894003b4a44"}
[2026-07-11T14:03:50] POLL task=task-a292fb35d2d1d0d3b25ccbd3300ded67e0ae201a5a6a9ce0bb86a894003b4a44 idx=92 status=processing
[2026-07-11T14:03:52] REQUEST GET /api/v1/ppt/presentation/status/task-a292fb35d2d1d0d3b25ccbd3300ded67e0ae201a5a6a9ce0bb86a894003b4a44 timeout=15s body=
[2026-07-11T14:03:52] RESPONSE GET /api/v1/ppt/presentation/status/task-a292fb35d2d1d0d3b25ccbd3300ded67e0ae201a5a6a9ce0bb86a894003b4a44 status=200 elapsed=0.016s body={"status":"processing","message":"Selecting layout for each slide","error":null,"data":{"created_slides":0,"remaining_slides":2},"created_at":"2026-07-11T12:00:46.343486","updated_at":"2026-07-11T12:03:09.564618","type":"presentation.generate","id":"task-a292fb35d2d1d0d3b25ccbd3300ded67e0ae201a5a6a9ce0bb86a894003b4a44"}
[2026-07-11T14:03:52] POLL task=task-a292fb35d2d1d0d3b25ccbd3300ded67e0ae201a5a6a9ce0bb86a894003b4a44 idx=93 status=processing
[2026-07-11T14:03:54] REQUEST GET /api/v1/ppt/presentation/status/task-a292fb35d2d1d0d3b25ccbd3300ded67e0ae201a5a6a9ce0bb86a894003b4a44 timeout=15s body=
[2026-07-11T14:03:54] RESPONSE GET /api/v1/ppt/presentation/status/task-a292fb35d2d1d0d3b25ccbd3300ded67e0ae201a5a6a9ce0bb86a894003b4a44 status=200 elapsed=0.014s body={"status":"processing","message":"Selecting layout for each slide","error":null,"data":{"created_slides":0,"remaining_slides":2},"created_at":"2026-07-11T12:00:46.343486","updated_at":"2026-07-11T12:03:09.564618","type":"presentation.generate","id":"task-a292fb35d2d1d0d3b25ccbd3300ded67e0ae201a5a6a9ce0bb86a894003b4a44"}
[2026-07-11T14:03:54] POLL task=task-a292fb35d2d1d0d3b25ccbd3300ded67e0ae201a5a6a9ce0bb86a894003b4a44 idx=94 status=processing
[2026-07-11T14:03:56] REQUEST GET /api/v1/ppt/presentation/status/task-a292fb35d2d1d0d3b25ccbd3300ded67e0ae201a5a6a9ce0bb86a894003b4a44 timeout=15s body=
[2026-07-11T14:03:56] RESPONSE GET /api/v1/ppt/presentation/status/task-a292fb35d2d1d0d3b25ccbd3300ded67e0ae201a5a6a9ce0bb86a894003b4a44 status=200 elapsed=0.018s body={"status":"processing","message":"Selecting layout for each slide","error":null,"data":{"created_slides":0,"remaining_slides":2},"created_at":"2026-07-11T12:00:46.343486","updated_at":"2026-07-11T12:03:09.564618","type":"presentation.generate","id":"task-a292fb35d2d1d0d3b25ccbd3300ded67e0ae201a5a6a9ce0bb86a894003b4a44"}
[2026-07-11T14:03:56] POLL task=task-a292fb35d2d1d0d3b25ccbd3300ded67e0ae201a5a6a9ce0bb86a894003b4a44 idx=95 status=processing
[2026-07-11T14:03:58] REQUEST GET /api/v1/ppt/presentation/status/task-a292fb35d2d1d0d3b25ccbd3300ded67e0ae201a5a6a9ce0bb86a894003b4a44 timeout=15s body=
[2026-07-11T14:03:58] RESPONSE GET /api/v1/ppt/presentation/status/task-a292fb35d2d1d0d3b25ccbd3300ded67e0ae201a5a6a9ce0bb86a894003b4a44 status=200 elapsed=0.033s body={"status":"processing","message":"Selecting layout for each slide","error":null,"data":{"created_slides":0,"remaining_slides":2},"created_at":"2026-07-11T12:00:46.343486","updated_at":"2026-07-11T12:03:09.564618","type":"presentation.generate","id":"task-a292fb35d2d1d0d3b25ccbd3300ded67e0ae201a5a6a9ce0bb86a894003b4a44"}
[2026-07-11T14:03:58] POLL task=task-a292fb35d2d1d0d3b25ccbd3300ded67e0ae201a5a6a9ce0bb86a894003b4a44 idx=96 status=processing
[2026-07-11T14:04:00] REQUEST GET /api/v1/ppt/presentation/status/task-a292fb35d2d1d0d3b25ccbd3300ded67e0ae201a5a6a9ce0bb86a894003b4a44 timeout=15s body=
[2026-07-11T14:04:00] RESPONSE GET /api/v1/ppt/presentation/status/task-a292fb35d2d1d0d3b25ccbd3300ded67e0ae201a5a6a9ce0bb86a894003b4a44 status=200 elapsed=0.022s body={"status":"processing","message":"Selecting layout for each slide","error":null,"data":{"created_slides":0,"remaining_slides":2},"created_at":"2026-07-11T12:00:46.343486","updated_at":"2026-07-11T12:03:09.564618","type":"presentation.generate","id":"task-a292fb35d2d1d0d3b25ccbd3300ded67e0ae201a5a6a9ce0bb86a894003b4a44"}
[2026-07-11T14:04:00] POLL task=task-a292fb35d2d1d0d3b25ccbd3300ded67e0ae201a5a6a9ce0bb86a894003b4a44 idx=97 status=processing
[2026-07-11T14:04:02] REQUEST GET /api/v1/ppt/presentation/status/task-a292fb35d2d1d0d3b25ccbd3300ded67e0ae201a5a6a9ce0bb86a894003b4a44 timeout=15s body=
[2026-07-11T14:04:02] RESPONSE GET /api/v1/ppt/presentation/status/task-a292fb35d2d1d0d3b25ccbd3300ded67e0ae201a5a6a9ce0bb86a894003b4a44 status=200 elapsed=0.023s body={"status":"processing","message":"Selecting layout for each slide","error":null,"data":{"created_slides":0,"remaining_slides":2},"created_at":"2026-07-11T12:00:46.343486","updated_at":"2026-07-11T12:03:09.564618","type":"presentation.generate","id":"task-a292fb35d2d1d0d3b25ccbd3300ded67e0ae201a5a6a9ce0bb86a894003b4a44"}
[2026-07-11T14:04:02] POLL task=task-a292fb35d2d1d0d3b25ccbd3300ded67e0ae201a5a6a9ce0bb86a894003b4a44 idx=98 status=processing
[2026-07-11T14:04:04] REQUEST GET /api/v1/ppt/presentation/status/task-a292fb35d2d1d0d3b25ccbd3300ded67e0ae201a5a6a9ce0bb86a894003b4a44 timeout=15s body=
[2026-07-11T14:04:04] RESPONSE GET /api/v1/ppt/presentation/status/task-a292fb35d2d1d0d3b25ccbd3300ded67e0ae201a5a6a9ce0bb86a894003b4a44 status=200 elapsed=0.02s body={"status":"processing","message":"Selecting layout for each slide","error":null,"data":{"created_slides":0,"remaining_slides":2},"created_at":"2026-07-11T12:00:46.343486","updated_at":"2026-07-11T12:03:09.564618","type":"presentation.generate","id":"task-a292fb35d2d1d0d3b25ccbd3300ded67e0ae201a5a6a9ce0bb86a894003b4a44"}
[2026-07-11T14:04:04] POLL task=task-a292fb35d2d1d0d3b25ccbd3300ded67e0ae201a5a6a9ce0bb86a894003b4a44 idx=99 status=processing
[2026-07-11T14:04:06] REQUEST GET /api/v1/ppt/presentation/status/task-a292fb35d2d1d0d3b25ccbd3300ded67e0ae201a5a6a9ce0bb86a894003b4a44 timeout=15s body=
[2026-07-11T14:04:06] RESPONSE GET /api/v1/ppt/presentation/status/task-a292fb35d2d1d0d3b25ccbd3300ded67e0ae201a5a6a9ce0bb86a894003b4a44 status=200 elapsed=0.021s body={"status":"processing","message":"Selecting layout for each slide","error":null,"data":{"created_slides":0,"remaining_slides":2},"created_at":"2026-07-11T12:00:46.343486","updated_at":"2026-07-11T12:03:09.564618","type":"presentation.generate","id":"task-a292fb35d2d1d0d3b25ccbd3300ded67e0ae201a5a6a9ce0bb86a894003b4a44"}
[2026-07-11T14:04:06] POLL task=task-a292fb35d2d1d0d3b25ccbd3300ded67e0ae201a5a6a9ce0bb86a894003b4a44 idx=100 status=processing
[2026-07-11T14:04:08] REQUEST GET /api/v1/ppt/presentation/status/task-a292fb35d2d1d0d3b25ccbd3300ded67e0ae201a5a6a9ce0bb86a894003b4a44 timeout=15s body=
[2026-07-11T14:04:08] RESPONSE GET /api/v1/ppt/presentation/status/task-a292fb35d2d1d0d3b25ccbd3300ded67e0ae201a5a6a9ce0bb86a894003b4a44 status=200 elapsed=0.021s body={"status":"processing","message":"Selecting layout for each slide","error":null,"data":{"created_slides":0,"remaining_slides":2},"created_at":"2026-07-11T12:00:46.343486","updated_at":"2026-07-11T12:03:09.564618","type":"presentation.generate","id":"task-a292fb35d2d1d0d3b25ccbd3300ded67e0ae201a5a6a9ce0bb86a894003b4a44"}
[2026-07-11T14:04:08] POLL task=task-a292fb35d2d1d0d3b25ccbd3300ded67e0ae201a5a6a9ce0bb86a894003b4a44 idx=101 status=processing
[2026-07-11T14:04:10] REQUEST GET /api/v1/ppt/presentation/status/task-a292fb35d2d1d0d3b25ccbd3300ded67e0ae201a5a6a9ce0bb86a894003b4a44 timeout=15s body=
[2026-07-11T14:04:10] RESPONSE GET /api/v1/ppt/presentation/status/task-a292fb35d2d1d0d3b25ccbd3300ded67e0ae201a5a6a9ce0bb86a894003b4a44 status=200 elapsed=0.022s body={"status":"processing","message":"Selecting layout for each slide","error":null,"data":{"created_slides":0,"remaining_slides":2},"created_at":"2026-07-11T12:00:46.343486","updated_at":"2026-07-11T12:03:09.564618","type":"presentation.generate","id":"task-a292fb35d2d1d0d3b25ccbd3300ded67e0ae201a5a6a9ce0bb86a894003b4a44"}
[2026-07-11T14:04:10] POLL task=task-a292fb35d2d1d0d3b25ccbd3300ded67e0ae201a5a6a9ce0bb86a894003b4a44 idx=102 status=processing
[2026-07-11T14:04:12] REQUEST GET /api/v1/ppt/presentation/status/task-a292fb35d2d1d0d3b25ccbd3300ded67e0ae201a5a6a9ce0bb86a894003b4a44 timeout=15s body=
[2026-07-11T14:04:12] RESPONSE GET /api/v1/ppt/presentation/status/task-a292fb35d2d1d0d3b25ccbd3300ded67e0ae201a5a6a9ce0bb86a894003b4a44 status=200 elapsed=0.018s body={"status":"processing","message":"Selecting layout for each slide","error":null,"data":{"created_slides":0,"remaining_slides":2},"created_at":"2026-07-11T12:00:46.343486","updated_at":"2026-07-11T12:03:09.564618","type":"presentation.generate","id":"task-a292fb35d2d1d0d3b25ccbd3300ded67e0ae201a5a6a9ce0bb86a894003b4a44"}
[2026-07-11T14:04:12] POLL task=task-a292fb35d2d1d0d3b25ccbd3300ded67e0ae201a5a6a9ce0bb86a894003b4a44 idx=103 status=processing
[2026-07-11T14:04:15] REQUEST GET /api/v1/ppt/presentation/status/task-a292fb35d2d1d0d3b25ccbd3300ded67e0ae201a5a6a9ce0bb86a894003b4a44 timeout=15s body=
[2026-07-11T14:04:15] RESPONSE GET /api/v1/ppt/presentation/status/task-a292fb35d2d1d0d3b25ccbd3300ded67e0ae201a5a6a9ce0bb86a894003b4a44 status=200 elapsed=0.03s body={"status":"processing","message":"Selecting layout for each slide","error":null,"data":{"created_slides":0,"remaining_slides":2},"created_at":"2026-07-11T12:00:46.343486","updated_at":"2026-07-11T12:03:09.564618","type":"presentation.generate","id":"task-a292fb35d2d1d0d3b25ccbd3300ded67e0ae201a5a6a9ce0bb86a894003b4a44"}
[2026-07-11T14:04:15] POLL task=task-a292fb35d2d1d0d3b25ccbd3300ded67e0ae201a5a6a9ce0bb86a894003b4a44 idx=104 status=processing
[2026-07-11T14:04:17] REQUEST GET /api/v1/ppt/presentation/status/task-a292fb35d2d1d0d3b25ccbd3300ded67e0ae201a5a6a9ce0bb86a894003b4a44 timeout=15s body=
[2026-07-11T14:04:17] RESPONSE GET /api/v1/ppt/presentation/status/task-a292fb35d2d1d0d3b25ccbd3300ded67e0ae201a5a6a9ce0bb86a894003b4a44 status=200 elapsed=0.022s body={"status":"processing","message":"Selecting layout for each slide","error":null,"data":{"created_slides":0,"remaining_slides":2},"created_at":"2026-07-11T12:00:46.343486","updated_at":"2026-07-11T12:03:09.564618","type":"presentation.generate","id":"task-a292fb35d2d1d0d3b25ccbd3300ded67e0ae201a5a6a9ce0bb86a894003b4a44"}
[2026-07-11T14:04:17] POLL task=task-a292fb35d2d1d0d3b25ccbd3300ded67e0ae201a5a6a9ce0bb86a894003b4a44 idx=105 status=processing
[2026-07-11T14:04:19] REQUEST GET /api/v1/ppt/presentation/status/task-a292fb35d2d1d0d3b25ccbd3300ded67e0ae201a5a6a9ce0bb86a894003b4a44 timeout=15s body=
[2026-07-11T14:04:19] RESPONSE GET /api/v1/ppt/presentation/status/task-a292fb35d2d1d0d3b25ccbd3300ded67e0ae201a5a6a9ce0bb86a894003b4a44 status=200 elapsed=0.018s body={"status":"processing","message":"Selecting layout for each slide","error":null,"data":{"created_slides":0,"remaining_slides":2},"created_at":"2026-07-11T12:00:46.343486","updated_at":"2026-07-11T12:03:09.564618","type":"presentation.generate","id":"task-a292fb35d2d1d0d3b25ccbd3300ded67e0ae201a5a6a9ce0bb86a894003b4a44"}
[2026-07-11T14:04:19] POLL task=task-a292fb35d2d1d0d3b25ccbd3300ded67e0ae201a5a6a9ce0bb86a894003b4a44 idx=106 status=processing
[2026-07-11T14:04:21] REQUEST GET /api/v1/ppt/presentation/status/task-a292fb35d2d1d0d3b25ccbd3300ded67e0ae201a5a6a9ce0bb86a894003b4a44 timeout=15s body=
[2026-07-11T14:04:21] RESPONSE GET /api/v1/ppt/presentation/status/task-a292fb35d2d1d0d3b25ccbd3300ded67e0ae201a5a6a9ce0bb86a894003b4a44 status=200 elapsed=0.016s body={"status":"processing","message":"Selecting layout for each slide","error":null,"data":{"created_slides":0,"remaining_slides":2},"created_at":"2026-07-11T12:00:46.343486","updated_at":"2026-07-11T12:03:09.564618","type":"presentation.generate","id":"task-a292fb35d2d1d0d3b25ccbd3300ded67e0ae201a5a6a9ce0bb86a894003b4a44"}
[2026-07-11T14:04:21] POLL task=task-a292fb35d2d1d0d3b25ccbd3300ded67e0ae201a5a6a9ce0bb86a894003b4a44 idx=107 status=processing
[2026-07-11T14:04:23] REQUEST GET /api/v1/ppt/presentation/status/task-a292fb35d2d1d0d3b25ccbd3300ded67e0ae201a5a6a9ce0bb86a894003b4a44 timeout=15s body=
[2026-07-11T14:04:23] RESPONSE GET /api/v1/ppt/presentation/status/task-a292fb35d2d1d0d3b25ccbd3300ded67e0ae201a5a6a9ce0bb86a894003b4a44 status=200 elapsed=0.019s body={"status":"processing","message":"Selecting layout for each slide","error":null,"data":{"created_slides":0,"remaining_slides":2},"created_at":"2026-07-11T12:00:46.343486","updated_at":"2026-07-11T12:03:09.564618","type":"presentation.generate","id":"task-a292fb35d2d1d0d3b25ccbd3300ded67e0ae201a5a6a9ce0bb86a894003b4a44"}
[2026-07-11T14:04:23] POLL task=task-a292fb35d2d1d0d3b25ccbd3300ded67e0ae201a5a6a9ce0bb86a894003b4a44 idx=108 status=processing
[2026-07-11T14:04:25] REQUEST GET /api/v1/ppt/presentation/status/task-a292fb35d2d1d0d3b25ccbd3300ded67e0ae201a5a6a9ce0bb86a894003b4a44 timeout=15s body=
[2026-07-11T14:04:25] RESPONSE GET /api/v1/ppt/presentation/status/task-a292fb35d2d1d0d3b25ccbd3300ded67e0ae201a5a6a9ce0bb86a894003b4a44 status=200 elapsed=0.017s body={"status":"processing","message":"Selecting layout for each slide","error":null,"data":{"created_slides":0,"remaining_slides":2},"created_at":"2026-07-11T12:00:46.343486","updated_at":"2026-07-11T12:03:09.564618","type":"presentation.generate","id":"task-a292fb35d2d1d0d3b25ccbd3300ded67e0ae201a5a6a9ce0bb86a894003b4a44"}
[2026-07-11T14:04:25] POLL task=task-a292fb35d2d1d0d3b25ccbd3300ded67e0ae201a5a6a9ce0bb86a894003b4a44 idx=109 status=processing
[2026-07-11T14:04:27] REQUEST GET /api/v1/ppt/presentation/status/task-a292fb35d2d1d0d3b25ccbd3300ded67e0ae201a5a6a9ce0bb86a894003b4a44 timeout=15s body=
[2026-07-11T14:04:27] RESPONSE GET /api/v1/ppt/presentation/status/task-a292fb35d2d1d0d3b25ccbd3300ded67e0ae201a5a6a9ce0bb86a894003b4a44 status=200 elapsed=0.019s body={"status":"processing","message":"Selecting layout for each slide","error":null,"data":{"created_slides":0,"remaining_slides":2},"created_at":"2026-07-11T12:00:46.343486","updated_at":"2026-07-11T12:03:09.564618","type":"presentation.generate","id":"task-a292fb35d2d1d0d3b25ccbd3300ded67e0ae201a5a6a9ce0bb86a894003b4a44"}
[2026-07-11T14:04:27] POLL task=task-a292fb35d2d1d0d3b25ccbd3300ded67e0ae201a5a6a9ce0bb86a894003b4a44 idx=110 status=processing
[2026-07-11T14:04:29] REQUEST GET /api/v1/ppt/presentation/status/task-a292fb35d2d1d0d3b25ccbd3300ded67e0ae201a5a6a9ce0bb86a894003b4a44 timeout=15s body=
[2026-07-11T14:04:29] RESPONSE GET /api/v1/ppt/presentation/status/task-a292fb35d2d1d0d3b25ccbd3300ded67e0ae201a5a6a9ce0bb86a894003b4a44 status=200 elapsed=0.02s body={"status":"processing","message":"Selecting layout for each slide","error":null,"data":{"created_slides":0,"remaining_slides":2},"created_at":"2026-07-11T12:00:46.343486","updated_at":"2026-07-11T12:03:09.564618","type":"presentation.generate","id":"task-a292fb35d2d1d0d3b25ccbd3300ded67e0ae201a5a6a9ce0bb86a894003b4a44"}
[2026-07-11T14:04:29] POLL task=task-a292fb35d2d1d0d3b25ccbd3300ded67e0ae201a5a6a9ce0bb86a894003b4a44 idx=111 status=processing
[2026-07-11T14:04:31] REQUEST GET /api/v1/ppt/presentation/status/task-a292fb35d2d1d0d3b25ccbd3300ded67e0ae201a5a6a9ce0bb86a894003b4a44 timeout=15s body=
[2026-07-11T14:04:31] RESPONSE GET /api/v1/ppt/presentation/status/task-a292fb35d2d1d0d3b25ccbd3300ded67e0ae201a5a6a9ce0bb86a894003b4a44 status=200 elapsed=0.036s body={"status":"processing","message":"Selecting layout for each slide","error":null,"data":{"created_slides":0,"remaining_slides":2},"created_at":"2026-07-11T12:00:46.343486","updated_at":"2026-07-11T12:03:09.564618","type":"presentation.generate","id":"task-a292fb35d2d1d0d3b25ccbd3300ded67e0ae201a5a6a9ce0bb86a894003b4a44"}
[2026-07-11T14:04:31] POLL task=task-a292fb35d2d1d0d3b25ccbd3300ded67e0ae201a5a6a9ce0bb86a894003b4a44 idx=112 status=processing
[2026-07-11T14:04:33] REQUEST GET /api/v1/ppt/presentation/status/task-a292fb35d2d1d0d3b25ccbd3300ded67e0ae201a5a6a9ce0bb86a894003b4a44 timeout=15s body=
[2026-07-11T14:04:33] RESPONSE GET /api/v1/ppt/presentation/status/task-a292fb35d2d1d0d3b25ccbd3300ded67e0ae201a5a6a9ce0bb86a894003b4a44 status=200 elapsed=0.011s body={"status":"processing","message":"Selecting layout for each slide","error":null,"data":{"created_slides":0,"remaining_slides":2},"created_at":"2026-07-11T12:00:46.343486","updated_at":"2026-07-11T12:03:09.564618","type":"presentation.generate","id":"task-a292fb35d2d1d0d3b25ccbd3300ded67e0ae201a5a6a9ce0bb86a894003b4a44"}
[2026-07-11T14:04:33] POLL task=task-a292fb35d2d1d0d3b25ccbd3300ded67e0ae201a5a6a9ce0bb86a894003b4a44 idx=113 status=processing
[2026-07-11T14:04:35] REQUEST GET /api/v1/ppt/presentation/status/task-a292fb35d2d1d0d3b25ccbd3300ded67e0ae201a5a6a9ce0bb86a894003b4a44 timeout=15s body=
[2026-07-11T14:04:35] RESPONSE GET /api/v1/ppt/presentation/status/task-a292fb35d2d1d0d3b25ccbd3300ded67e0ae201a5a6a9ce0bb86a894003b4a44 status=200 elapsed=0.025s body={"status":"processing","message":"Selecting layout for each slide","error":null,"data":{"created_slides":0,"remaining_slides":2},"created_at":"2026-07-11T12:00:46.343486","updated_at":"2026-07-11T12:03:09.564618","type":"presentation.generate","id":"task-a292fb35d2d1d0d3b25ccbd3300ded67e0ae201a5a6a9ce0bb86a894003b4a44"}
[2026-07-11T14:04:35] POLL task=task-a292fb35d2d1d0d3b25ccbd3300ded67e0ae201a5a6a9ce0bb86a894003b4a44 idx=114 status=processing
[2026-07-11T14:04:37] REQUEST GET /api/v1/ppt/presentation/status/task-a292fb35d2d1d0d3b25ccbd3300ded67e0ae201a5a6a9ce0bb86a894003b4a44 timeout=15s body=
[2026-07-11T14:04:37] RESPONSE GET /api/v1/ppt/presentation/status/task-a292fb35d2d1d0d3b25ccbd3300ded67e0ae201a5a6a9ce0bb86a894003b4a44 status=200 elapsed=0.016s body={"status":"processing","message":"Selecting layout for each slide","error":null,"data":{"created_slides":0,"remaining_slides":2},"created_at":"2026-07-11T12:00:46.343486","updated_at":"2026-07-11T12:03:09.564618","type":"presentation.generate","id":"task-a292fb35d2d1d0d3b25ccbd3300ded67e0ae201a5a6a9ce0bb86a894003b4a44"}
[2026-07-11T14:04:37] POLL task=task-a292fb35d2d1d0d3b25ccbd3300ded67e0ae201a5a6a9ce0bb86a894003b4a44 idx=115 status=processing
[2026-07-11T14:04:39] REQUEST GET /api/v1/ppt/presentation/status/task-a292fb35d2d1d0d3b25ccbd3300ded67e0ae201a5a6a9ce0bb86a894003b4a44 timeout=15s body=
[2026-07-11T14:04:39] RESPONSE GET /api/v1/ppt/presentation/status/task-a292fb35d2d1d0d3b25ccbd3300ded67e0ae201a5a6a9ce0bb86a894003b4a44 status=200 elapsed=0.019s body={"status":"processing","message":"Selecting layout for each slide","error":null,"data":{"created_slides":0,"remaining_slides":2},"created_at":"2026-07-11T12:00:46.343486","updated_at":"2026-07-11T12:03:09.564618","type":"presentation.generate","id":"task-a292fb35d2d1d0d3b25ccbd3300ded67e0ae201a5a6a9ce0bb86a894003b4a44"}
[2026-07-11T14:04:39] POLL task=task-a292fb35d2d1d0d3b25ccbd3300ded67e0ae201a5a6a9ce0bb86a894003b4a44 idx=116 status=processing
[2026-07-11T14:04:41] REQUEST GET /api/v1/ppt/presentation/status/task-a292fb35d2d1d0d3b25ccbd3300ded67e0ae201a5a6a9ce0bb86a894003b4a44 timeout=15s body=
[2026-07-11T14:04:41] RESPONSE GET /api/v1/ppt/presentation/status/task-a292fb35d2d1d0d3b25ccbd3300ded67e0ae201a5a6a9ce0bb86a894003b4a44 status=200 elapsed=0.018s body={"status":"processing","message":"Selecting layout for each slide","error":null,"data":{"created_slides":0,"remaining_slides":2},"created_at":"2026-07-11T12:00:46.343486","updated_at":"2026-07-11T12:03:09.564618","type":"presentation.generate","id":"task-a292fb35d2d1d0d3b25ccbd3300ded67e0ae201a5a6a9ce0bb86a894003b4a44"}
[2026-07-11T14:04:41] POLL task=task-a292fb35d2d1d0d3b25ccbd3300ded67e0ae201a5a6a9ce0bb86a894003b4a44 idx=117 status=processing
[2026-07-11T14:04:43] REQUEST GET /api/v1/ppt/presentation/status/task-a292fb35d2d1d0d3b25ccbd3300ded67e0ae201a5a6a9ce0bb86a894003b4a44 timeout=15s body=
[2026-07-11T14:04:43] RESPONSE GET /api/v1/ppt/presentation/status/task-a292fb35d2d1d0d3b25ccbd3300ded67e0ae201a5a6a9ce0bb86a894003b4a44 status=200 elapsed=0.024s body={"status":"processing","message":"Selecting layout for each slide","error":null,"data":{"created_slides":0,"remaining_slides":2},"created_at":"2026-07-11T12:00:46.343486","updated_at":"2026-07-11T12:03:09.564618","type":"presentation.generate","id":"task-a292fb35d2d1d0d3b25ccbd3300ded67e0ae201a5a6a9ce0bb86a894003b4a44"}
[2026-07-11T14:04:43] POLL task=task-a292fb35d2d1d0d3b25ccbd3300ded67e0ae201a5a6a9ce0bb86a894003b4a44 idx=118 status=processing
[2026-07-11T14:04:45] REQUEST GET /api/v1/ppt/presentation/status/task-a292fb35d2d1d0d3b25ccbd3300ded67e0ae201a5a6a9ce0bb86a894003b4a44 timeout=15s body=
[2026-07-11T14:04:45] RESPONSE GET /api/v1/ppt/presentation/status/task-a292fb35d2d1d0d3b25ccbd3300ded67e0ae201a5a6a9ce0bb86a894003b4a44 status=200 elapsed=0.023s body={"status":"processing","message":"Selecting layout for each slide","error":null,"data":{"created_slides":0,"remaining_slides":2},"created_at":"2026-07-11T12:00:46.343486","updated_at":"2026-07-11T12:03:09.564618","type":"presentation.generate","id":"task-a292fb35d2d1d0d3b25ccbd3300ded67e0ae201a5a6a9ce0bb86a894003b4a44"}
[2026-07-11T14:04:45] POLL task=task-a292fb35d2d1d0d3b25ccbd3300ded67e0ae201a5a6a9ce0bb86a894003b4a44 idx=119 status=processing
[2026-07-11T14:04:47] REQUEST GET /api/v1/ppt/presentation/status/task-a292fb35d2d1d0d3b25ccbd3300ded67e0ae201a5a6a9ce0bb86a894003b4a44 timeout=15s body=
[2026-07-11T14:04:47] RESPONSE GET /api/v1/ppt/presentation/status/task-a292fb35d2d1d0d3b25ccbd3300ded67e0ae201a5a6a9ce0bb86a894003b4a44 status=200 elapsed=0.012s body={"status":"processing","message":"Selecting layout for each slide","error":null,"data":{"created_slides":0,"remaining_slides":2},"created_at":"2026-07-11T12:00:46.343486","updated_at":"2026-07-11T12:03:09.564618","type":"presentation.generate","id":"task-a292fb35d2d1d0d3b25ccbd3300ded67e0ae201a5a6a9ce0bb86a894003b4a44"}
[2026-07-11T14:04:47] POLL task=task-a292fb35d2d1d0d3b25ccbd3300ded67e0ae201a5a6a9ce0bb86a894003b4a44 idx=120 status=processing
[2026-07-11T14:04:49] REQUEST GET /api/v1/ppt/presentation/status/task-a292fb35d2d1d0d3b25ccbd3300ded67e0ae201a5a6a9ce0bb86a894003b4a44 timeout=15s body=
[2026-07-11T14:04:49] RESPONSE GET /api/v1/ppt/presentation/status/task-a292fb35d2d1d0d3b25ccbd3300ded67e0ae201a5a6a9ce0bb86a894003b4a44 status=200 elapsed=0.028s body={"status":"processing","message":"Selecting layout for each slide","error":null,"data":{"created_slides":0,"remaining_slides":2},"created_at":"2026-07-11T12:00:46.343486","updated_at":"2026-07-11T12:03:09.564618","type":"presentation.generate","id":"task-a292fb35d2d1d0d3b25ccbd3300ded67e0ae201a5a6a9ce0bb86a894003b4a44"}
[2026-07-11T14:04:49] POLL task=task-a292fb35d2d1d0d3b25ccbd3300ded67e0ae201a5a6a9ce0bb86a894003b4a44 idx=121 status=processing
[2026-07-11T14:04:51] REQUEST GET /api/v1/ppt/presentation/status/task-a292fb35d2d1d0d3b25ccbd3300ded67e0ae201a5a6a9ce0bb86a894003b4a44 timeout=15s body=
[2026-07-11T14:04:51] RESPONSE GET /api/v1/ppt/presentation/status/task-a292fb35d2d1d0d3b25ccbd3300ded67e0ae201a5a6a9ce0bb86a894003b4a44 status=200 elapsed=0.011s body={"status":"processing","message":"Selecting layout for each slide","error":null,"data":{"created_slides":0,"remaining_slides":2},"created_at":"2026-07-11T12:00:46.343486","updated_at":"2026-07-11T12:03:09.564618","type":"presentation.generate","id":"task-a292fb35d2d1d0d3b25ccbd3300ded67e0ae201a5a6a9ce0bb86a894003b4a44"}
[2026-07-11T14:04:51] POLL task=task-a292fb35d2d1d0d3b25ccbd3300ded67e0ae201a5a6a9ce0bb86a894003b4a44 idx=122 status=processing
[2026-07-11T14:04:53] REQUEST GET /api/v1/ppt/presentation/status/task-a292fb35d2d1d0d3b25ccbd3300ded67e0ae201a5a6a9ce0bb86a894003b4a44 timeout=15s body=
[2026-07-11T14:04:53] RESPONSE GET /api/v1/ppt/presentation/status/task-a292fb35d2d1d0d3b25ccbd3300ded67e0ae201a5a6a9ce0bb86a894003b4a44 status=200 elapsed=0.017s body={"status":"processing","message":"Selecting layout for each slide","error":null,"data":{"created_slides":0,"remaining_slides":2},"created_at":"2026-07-11T12:00:46.343486","updated_at":"2026-07-11T12:03:09.564618","type":"presentation.generate","id":"task-a292fb35d2d1d0d3b25ccbd3300ded67e0ae201a5a6a9ce0bb86a894003b4a44"}
[2026-07-11T14:04:53] POLL task=task-a292fb35d2d1d0d3b25ccbd3300ded67e0ae201a5a6a9ce0bb86a894003b4a44 idx=123 status=processing
[2026-07-11T14:04:55] REQUEST GET /api/v1/ppt/presentation/status/task-a292fb35d2d1d0d3b25ccbd3300ded67e0ae201a5a6a9ce0bb86a894003b4a44 timeout=15s body=
[2026-07-11T14:04:55] RESPONSE GET /api/v1/ppt/presentation/status/task-a292fb35d2d1d0d3b25ccbd3300ded67e0ae201a5a6a9ce0bb86a894003b4a44 status=200 elapsed=0.04s body={"status":"processing","message":"Selecting layout for each slide","error":null,"data":{"created_slides":0,"remaining_slides":2},"created_at":"2026-07-11T12:00:46.343486","updated_at":"2026-07-11T12:03:09.564618","type":"presentation.generate","id":"task-a292fb35d2d1d0d3b25ccbd3300ded67e0ae201a5a6a9ce0bb86a894003b4a44"}
[2026-07-11T14:04:55] POLL task=task-a292fb35d2d1d0d3b25ccbd3300ded67e0ae201a5a6a9ce0bb86a894003b4a44 idx=124 status=processing
[2026-07-11T14:04:57] REQUEST GET /api/v1/ppt/presentation/status/task-a292fb35d2d1d0d3b25ccbd3300ded67e0ae201a5a6a9ce0bb86a894003b4a44 timeout=15s body=
[2026-07-11T14:04:57] RESPONSE GET /api/v1/ppt/presentation/status/task-a292fb35d2d1d0d3b25ccbd3300ded67e0ae201a5a6a9ce0bb86a894003b4a44 status=200 elapsed=0.012s body={"status":"processing","message":"Selecting layout for each slide","error":null,"data":{"created_slides":0,"remaining_slides":2},"created_at":"2026-07-11T12:00:46.343486","updated_at":"2026-07-11T12:03:09.564618","type":"presentation.generate","id":"task-a292fb35d2d1d0d3b25ccbd3300ded67e0ae201a5a6a9ce0bb86a894003b4a44"}
[2026-07-11T14:04:57] POLL task=task-a292fb35d2d1d0d3b25ccbd3300ded67e0ae201a5a6a9ce0bb86a894003b4a44 idx=125 status=processing
[2026-07-11T14:04:59] REQUEST GET /api/v1/ppt/presentation/status/task-a292fb35d2d1d0d3b25ccbd3300ded67e0ae201a5a6a9ce0bb86a894003b4a44 timeout=15s body=
[2026-07-11T14:04:59] RESPONSE GET /api/v1/ppt/presentation/status/task-a292fb35d2d1d0d3b25ccbd3300ded67e0ae201a5a6a9ce0bb86a894003b4a44 status=200 elapsed=0.01s body={"status":"processing","message":"Selecting layout for each slide","error":null,"data":{"created_slides":0,"remaining_slides":2},"created_at":"2026-07-11T12:00:46.343486","updated_at":"2026-07-11T12:03:09.564618","type":"presentation.generate","id":"task-a292fb35d2d1d0d3b25ccbd3300ded67e0ae201a5a6a9ce0bb86a894003b4a44"}
[2026-07-11T14:04:59] POLL task=task-a292fb35d2d1d0d3b25ccbd3300ded67e0ae201a5a6a9ce0bb86a894003b4a44 idx=126 status=processing
[2026-07-11T14:05:01] REQUEST GET /api/v1/ppt/presentation/status/task-a292fb35d2d1d0d3b25ccbd3300ded67e0ae201a5a6a9ce0bb86a894003b4a44 timeout=15s body=
[2026-07-11T14:05:01] RESPONSE GET /api/v1/ppt/presentation/status/task-a292fb35d2d1d0d3b25ccbd3300ded67e0ae201a5a6a9ce0bb86a894003b4a44 status=200 elapsed=0.021s body={"status":"processing","message":"Selecting layout for each slide","error":null,"data":{"created_slides":0,"remaining_slides":2},"created_at":"2026-07-11T12:00:46.343486","updated_at":"2026-07-11T12:03:09.564618","type":"presentation.generate","id":"task-a292fb35d2d1d0d3b25ccbd3300ded67e0ae201a5a6a9ce0bb86a894003b4a44"}
[2026-07-11T14:05:01] POLL task=task-a292fb35d2d1d0d3b25ccbd3300ded67e0ae201a5a6a9ce0bb86a894003b4a44 idx=127 status=processing
[2026-07-11T14:05:03] REQUEST GET /api/v1/ppt/presentation/status/task-a292fb35d2d1d0d3b25ccbd3300ded67e0ae201a5a6a9ce0bb86a894003b4a44 timeout=15s body=
[2026-07-11T14:05:03] RESPONSE GET /api/v1/ppt/presentation/status/task-a292fb35d2d1d0d3b25ccbd3300ded67e0ae201a5a6a9ce0bb86a894003b4a44 status=200 elapsed=0.016s body={"status":"processing","message":"Selecting layout for each slide","error":null,"data":{"created_slides":0,"remaining_slides":2},"created_at":"2026-07-11T12:00:46.343486","updated_at":"2026-07-11T12:03:09.564618","type":"presentation.generate","id":"task-a292fb35d2d1d0d3b25ccbd3300ded67e0ae201a5a6a9ce0bb86a894003b4a44"}
[2026-07-11T14:05:03] POLL task=task-a292fb35d2d1d0d3b25ccbd3300ded67e0ae201a5a6a9ce0bb86a894003b4a44 idx=128 status=processing
[2026-07-11T14:05:05] REQUEST GET /api/v1/ppt/presentation/status/task-a292fb35d2d1d0d3b25ccbd3300ded67e0ae201a5a6a9ce0bb86a894003b4a44 timeout=15s body=
[2026-07-11T14:05:05] RESPONSE GET /api/v1/ppt/presentation/status/task-a292fb35d2d1d0d3b25ccbd3300ded67e0ae201a5a6a9ce0bb86a894003b4a44 status=200 elapsed=0.012s body={"status":"processing","message":"Selecting layout for each slide","error":null,"data":{"created_slides":0,"remaining_slides":2},"created_at":"2026-07-11T12:00:46.343486","updated_at":"2026-07-11T12:03:09.564618","type":"presentation.generate","id":"task-a292fb35d2d1d0d3b25ccbd3300ded67e0ae201a5a6a9ce0bb86a894003b4a44"}
[2026-07-11T14:05:05] POLL task=task-a292fb35d2d1d0d3b25ccbd3300ded67e0ae201a5a6a9ce0bb86a894003b4a44 idx=129 status=processing
[2026-07-11T14:05:07] REQUEST GET /api/v1/ppt/presentation/status/task-a292fb35d2d1d0d3b25ccbd3300ded67e0ae201a5a6a9ce0bb86a894003b4a44 timeout=15s body=
[2026-07-11T14:05:07] RESPONSE GET /api/v1/ppt/presentation/status/task-a292fb35d2d1d0d3b25ccbd3300ded67e0ae201a5a6a9ce0bb86a894003b4a44 status=200 elapsed=0.016s body={"status":"processing","message":"Selecting layout for each slide","error":null,"data":{"created_slides":0,"remaining_slides":2},"created_at":"2026-07-11T12:00:46.343486","updated_at":"2026-07-11T12:03:09.564618","type":"presentation.generate","id":"task-a292fb35d2d1d0d3b25ccbd3300ded67e0ae201a5a6a9ce0bb86a894003b4a44"}
[2026-07-11T14:05:07] POLL task=task-a292fb35d2d1d0d3b25ccbd3300ded67e0ae201a5a6a9ce0bb86a894003b4a44 idx=130 status=processing
[2026-07-11T14:05:09] REQUEST GET /api/v1/ppt/presentation/status/task-a292fb35d2d1d0d3b25ccbd3300ded67e0ae201a5a6a9ce0bb86a894003b4a44 timeout=15s body=
[2026-07-11T14:05:09] RESPONSE GET /api/v1/ppt/presentation/status/task-a292fb35d2d1d0d3b25ccbd3300ded67e0ae201a5a6a9ce0bb86a894003b4a44 status=200 elapsed=0.023s body={"status":"processing","message":"Selecting layout for each slide","error":null,"data":{"created_slides":0,"remaining_slides":2},"created_at":"2026-07-11T12:00:46.343486","updated_at":"2026-07-11T12:03:09.564618","type":"presentation.generate","id":"task-a292fb35d2d1d0d3b25ccbd3300ded67e0ae201a5a6a9ce0bb86a894003b4a44"}
[2026-07-11T14:05:09] POLL task=task-a292fb35d2d1d0d3b25ccbd3300ded67e0ae201a5a6a9ce0bb86a894003b4a44 idx=131 status=processing
[2026-07-11T14:05:11] REQUEST GET /api/v1/ppt/presentation/status/task-a292fb35d2d1d0d3b25ccbd3300ded67e0ae201a5a6a9ce0bb86a894003b4a44 timeout=15s body=
[2026-07-11T14:05:11] RESPONSE GET /api/v1/ppt/presentation/status/task-a292fb35d2d1d0d3b25ccbd3300ded67e0ae201a5a6a9ce0bb86a894003b4a44 status=200 elapsed=0.02s body={"status":"processing","message":"Selecting layout for each slide","error":null,"data":{"created_slides":0,"remaining_slides":2},"created_at":"2026-07-11T12:00:46.343486","updated_at":"2026-07-11T12:03:09.564618","type":"presentation.generate","id":"task-a292fb35d2d1d0d3b25ccbd3300ded67e0ae201a5a6a9ce0bb86a894003b4a44"}
[2026-07-11T14:05:11] POLL task=task-a292fb35d2d1d0d3b25ccbd3300ded67e0ae201a5a6a9ce0bb86a894003b4a44 idx=132 status=processing
[2026-07-11T14:05:13] REQUEST GET /api/v1/ppt/presentation/status/task-a292fb35d2d1d0d3b25ccbd3300ded67e0ae201a5a6a9ce0bb86a894003b4a44 timeout=15s body=
[2026-07-11T14:05:13] RESPONSE GET /api/v1/ppt/presentation/status/task-a292fb35d2d1d0d3b25ccbd3300ded67e0ae201a5a6a9ce0bb86a894003b4a44 status=200 elapsed=0.022s body={"status":"processing","message":"Selecting layout for each slide","error":null,"data":{"created_slides":0,"remaining_slides":2},"created_at":"2026-07-11T12:00:46.343486","updated_at":"2026-07-11T12:03:09.564618","type":"presentation.generate","id":"task-a292fb35d2d1d0d3b25ccbd3300ded67e0ae201a5a6a9ce0bb86a894003b4a44"}
[2026-07-11T14:05:13] POLL task=task-a292fb35d2d1d0d3b25ccbd3300ded67e0ae201a5a6a9ce0bb86a894003b4a44 idx=133 status=processing
[2026-07-11T14:05:15] REQUEST GET /api/v1/ppt/presentation/status/task-a292fb35d2d1d0d3b25ccbd3300ded67e0ae201a5a6a9ce0bb86a894003b4a44 timeout=15s body=
[2026-07-11T14:05:15] RESPONSE GET /api/v1/ppt/presentation/status/task-a292fb35d2d1d0d3b25ccbd3300ded67e0ae201a5a6a9ce0bb86a894003b4a44 status=200 elapsed=0.01s body={"status":"processing","message":"Selecting layout for each slide","error":null,"data":{"created_slides":0,"remaining_slides":2},"created_at":"2026-07-11T12:00:46.343486","updated_at":"2026-07-11T12:03:09.564618","type":"presentation.generate","id":"task-a292fb35d2d1d0d3b25ccbd3300ded67e0ae201a5a6a9ce0bb86a894003b4a44"}
[2026-07-11T14:05:15] POLL task=task-a292fb35d2d1d0d3b25ccbd3300ded67e0ae201a5a6a9ce0bb86a894003b4a44 idx=134 status=processing
[2026-07-11T14:05:17] REQUEST GET /api/v1/ppt/presentation/status/task-a292fb35d2d1d0d3b25ccbd3300ded67e0ae201a5a6a9ce0bb86a894003b4a44 timeout=15s body=
[2026-07-11T14:05:17] RESPONSE GET /api/v1/ppt/presentation/status/task-a292fb35d2d1d0d3b25ccbd3300ded67e0ae201a5a6a9ce0bb86a894003b4a44 status=200 elapsed=0.02s body={"status":"processing","message":"Selecting layout for each slide","error":null,"data":{"created_slides":0,"remaining_slides":2},"created_at":"2026-07-11T12:00:46.343486","updated_at":"2026-07-11T12:03:09.564618","type":"presentation.generate","id":"task-a292fb35d2d1d0d3b25ccbd3300ded67e0ae201a5a6a9ce0bb86a894003b4a44"}
[2026-07-11T14:05:17] POLL task=task-a292fb35d2d1d0d3b25ccbd3300ded67e0ae201a5a6a9ce0bb86a894003b4a44 idx=135 status=processing
[2026-07-11T14:05:19] REQUEST GET /api/v1/ppt/presentation/status/task-a292fb35d2d1d0d3b25ccbd3300ded67e0ae201a5a6a9ce0bb86a894003b4a44 timeout=15s body=
[2026-07-11T14:05:19] RESPONSE GET /api/v1/ppt/presentation/status/task-a292fb35d2d1d0d3b25ccbd3300ded67e0ae201a5a6a9ce0bb86a894003b4a44 status=200 elapsed=0.014s body={"status":"processing","message":"Selecting layout for each slide","error":null,"data":{"created_slides":0,"remaining_slides":2},"created_at":"2026-07-11T12:00:46.343486","updated_at":"2026-07-11T12:03:09.564618","type":"presentation.generate","id":"task-a292fb35d2d1d0d3b25ccbd3300ded67e0ae201a5a6a9ce0bb86a894003b4a44"}
[2026-07-11T14:05:19] POLL task=task-a292fb35d2d1d0d3b25ccbd3300ded67e0ae201a5a6a9ce0bb86a894003b4a44 idx=136 status=processing
[2026-07-11T14:05:21] REQUEST GET /api/v1/ppt/presentation/status/task-a292fb35d2d1d0d3b25ccbd3300ded67e0ae201a5a6a9ce0bb86a894003b4a44 timeout=15s body=
[2026-07-11T14:05:21] RESPONSE GET /api/v1/ppt/presentation/status/task-a292fb35d2d1d0d3b25ccbd3300ded67e0ae201a5a6a9ce0bb86a894003b4a44 status=200 elapsed=0.017s body={"status":"processing","message":"Selecting layout for each slide","error":null,"data":{"created_slides":0,"remaining_slides":2},"created_at":"2026-07-11T12:00:46.343486","updated_at":"2026-07-11T12:03:09.564618","type":"presentation.generate","id":"task-a292fb35d2d1d0d3b25ccbd3300ded67e0ae201a5a6a9ce0bb86a894003b4a44"}
[2026-07-11T14:05:21] POLL task=task-a292fb35d2d1d0d3b25ccbd3300ded67e0ae201a5a6a9ce0bb86a894003b4a44 idx=137 status=processing
[2026-07-11T14:05:23] REQUEST GET /api/v1/ppt/presentation/status/task-a292fb35d2d1d0d3b25ccbd3300ded67e0ae201a5a6a9ce0bb86a894003b4a44 timeout=15s body=
[2026-07-11T14:05:23] RESPONSE GET /api/v1/ppt/presentation/status/task-a292fb35d2d1d0d3b25ccbd3300ded67e0ae201a5a6a9ce0bb86a894003b4a44 status=200 elapsed=0.034s body={"status":"processing","message":"Selecting layout for each slide","error":null,"data":{"created_slides":0,"remaining_slides":2},"created_at":"2026-07-11T12:00:46.343486","updated_at":"2026-07-11T12:03:09.564618","type":"presentation.generate","id":"task-a292fb35d2d1d0d3b25ccbd3300ded67e0ae201a5a6a9ce0bb86a894003b4a44"}
[2026-07-11T14:05:23] POLL task=task-a292fb35d2d1d0d3b25ccbd3300ded67e0ae201a5a6a9ce0bb86a894003b4a44 idx=138 status=processing
[2026-07-11T14:05:25] REQUEST GET /api/v1/ppt/presentation/status/task-a292fb35d2d1d0d3b25ccbd3300ded67e0ae201a5a6a9ce0bb86a894003b4a44 timeout=15s body=
[2026-07-11T14:05:25] RESPONSE GET /api/v1/ppt/presentation/status/task-a292fb35d2d1d0d3b25ccbd3300ded67e0ae201a5a6a9ce0bb86a894003b4a44 status=200 elapsed=0.016s body={"status":"processing","message":"Selecting layout for each slide","error":null,"data":{"created_slides":0,"remaining_slides":2},"created_at":"2026-07-11T12:00:46.343486","updated_at":"2026-07-11T12:03:09.564618","type":"presentation.generate","id":"task-a292fb35d2d1d0d3b25ccbd3300ded67e0ae201a5a6a9ce0bb86a894003b4a44"}
[2026-07-11T14:05:25] POLL task=task-a292fb35d2d1d0d3b25ccbd3300ded67e0ae201a5a6a9ce0bb86a894003b4a44 idx=139 status=processing
[2026-07-11T14:05:27] REQUEST GET /api/v1/ppt/presentation/status/task-a292fb35d2d1d0d3b25ccbd3300ded67e0ae201a5a6a9ce0bb86a894003b4a44 timeout=15s body=
[2026-07-11T14:05:27] RESPONSE GET /api/v1/ppt/presentation/status/task-a292fb35d2d1d0d3b25ccbd3300ded67e0ae201a5a6a9ce0bb86a894003b4a44 status=200 elapsed=0.019s body={"status":"processing","message":"Selecting layout for each slide","error":null,"data":{"created_slides":0,"remaining_slides":2},"created_at":"2026-07-11T12:00:46.343486","updated_at":"2026-07-11T12:03:09.564618","type":"presentation.generate","id":"task-a292fb35d2d1d0d3b25ccbd3300ded67e0ae201a5a6a9ce0bb86a894003b4a44"}
[2026-07-11T14:05:27] POLL task=task-a292fb35d2d1d0d3b25ccbd3300ded67e0ae201a5a6a9ce0bb86a894003b4a44 idx=140 status=processing
[2026-07-11T14:05:29] REQUEST GET /api/v1/ppt/presentation/status/task-a292fb35d2d1d0d3b25ccbd3300ded67e0ae201a5a6a9ce0bb86a894003b4a44 timeout=15s body=
[2026-07-11T14:05:29] RESPONSE GET /api/v1/ppt/presentation/status/task-a292fb35d2d1d0d3b25ccbd3300ded67e0ae201a5a6a9ce0bb86a894003b4a44 status=200 elapsed=0.018s body={"status":"processing","message":"Selecting layout for each slide","error":null,"data":{"created_slides":0,"remaining_slides":2},"created_at":"2026-07-11T12:00:46.343486","updated_at":"2026-07-11T12:03:09.564618","type":"presentation.generate","id":"task-a292fb35d2d1d0d3b25ccbd3300ded67e0ae201a5a6a9ce0bb86a894003b4a44"}
[2026-07-11T14:05:29] POLL task=task-a292fb35d2d1d0d3b25ccbd3300ded67e0ae201a5a6a9ce0bb86a894003b4a44 idx=141 status=processing
[2026-07-11T14:05:31] REQUEST GET /api/v1/ppt/presentation/status/task-a292fb35d2d1d0d3b25ccbd3300ded67e0ae201a5a6a9ce0bb86a894003b4a44 timeout=15s body=
[2026-07-11T14:05:31] RESPONSE GET /api/v1/ppt/presentation/status/task-a292fb35d2d1d0d3b25ccbd3300ded67e0ae201a5a6a9ce0bb86a894003b4a44 status=200 elapsed=0.017s body={"status":"processing","message":"Selecting layout for each slide","error":null,"data":{"created_slides":0,"remaining_slides":2},"created_at":"2026-07-11T12:00:46.343486","updated_at":"2026-07-11T12:03:09.564618","type":"presentation.generate","id":"task-a292fb35d2d1d0d3b25ccbd3300ded67e0ae201a5a6a9ce0bb86a894003b4a44"}
[2026-07-11T14:05:31] POLL task=task-a292fb35d2d1d0d3b25ccbd3300ded67e0ae201a5a6a9ce0bb86a894003b4a44 idx=142 status=processing
[2026-07-11T14:05:33] REQUEST GET /api/v1/ppt/presentation/status/task-a292fb35d2d1d0d3b25ccbd3300ded67e0ae201a5a6a9ce0bb86a894003b4a44 timeout=15s body=
[2026-07-11T14:05:33] RESPONSE GET /api/v1/ppt/presentation/status/task-a292fb35d2d1d0d3b25ccbd3300ded67e0ae201a5a6a9ce0bb86a894003b4a44 status=200 elapsed=0.02s body={"status":"processing","message":"Selecting layout for each slide","error":null,"data":{"created_slides":0,"remaining_slides":2},"created_at":"2026-07-11T12:00:46.343486","updated_at":"2026-07-11T12:03:09.564618","type":"presentation.generate","id":"task-a292fb35d2d1d0d3b25ccbd3300ded67e0ae201a5a6a9ce0bb86a894003b4a44"}
[2026-07-11T14:05:33] POLL task=task-a292fb35d2d1d0d3b25ccbd3300ded67e0ae201a5a6a9ce0bb86a894003b4a44 idx=143 status=processing
[2026-07-11T14:05:35] REQUEST GET /api/v1/ppt/presentation/status/task-a292fb35d2d1d0d3b25ccbd3300ded67e0ae201a5a6a9ce0bb86a894003b4a44 timeout=15s body=
[2026-07-11T14:05:35] RESPONSE GET /api/v1/ppt/presentation/status/task-a292fb35d2d1d0d3b25ccbd3300ded67e0ae201a5a6a9ce0bb86a894003b4a44 status=200 elapsed=0.024s body={"status":"processing","message":"Selecting layout for each slide","error":null,"data":{"created_slides":0,"remaining_slides":2},"created_at":"2026-07-11T12:00:46.343486","updated_at":"2026-07-11T12:03:09.564618","type":"presentation.generate","id":"task-a292fb35d2d1d0d3b25ccbd3300ded67e0ae201a5a6a9ce0bb86a894003b4a44"}
[2026-07-11T14:05:35] POLL task=task-a292fb35d2d1d0d3b25ccbd3300ded67e0ae201a5a6a9ce0bb86a894003b4a44 idx=144 status=processing
[2026-07-11T14:05:37] REQUEST GET /api/v1/ppt/presentation/status/task-a292fb35d2d1d0d3b25ccbd3300ded67e0ae201a5a6a9ce0bb86a894003b4a44 timeout=15s body=
[2026-07-11T14:05:38] RESPONSE GET /api/v1/ppt/presentation/status/task-a292fb35d2d1d0d3b25ccbd3300ded67e0ae201a5a6a9ce0bb86a894003b4a44 status=200 elapsed=0.02s body={"status":"processing","message":"Selecting layout for each slide","error":null,"data":{"created_slides":0,"remaining_slides":2},"created_at":"2026-07-11T12:00:46.343486","updated_at":"2026-07-11T12:03:09.564618","type":"presentation.generate","id":"task-a292fb35d2d1d0d3b25ccbd3300ded67e0ae201a5a6a9ce0bb86a894003b4a44"}
[2026-07-11T14:05:38] POLL task=task-a292fb35d2d1d0d3b25ccbd3300ded67e0ae201a5a6a9ce0bb86a894003b4a44 idx=145 status=processing
[2026-07-11T14:05:40] REQUEST GET /api/v1/ppt/presentation/status/task-a292fb35d2d1d0d3b25ccbd3300ded67e0ae201a5a6a9ce0bb86a894003b4a44 timeout=15s body=
[2026-07-11T14:05:40] RESPONSE GET /api/v1/ppt/presentation/status/task-a292fb35d2d1d0d3b25ccbd3300ded67e0ae201a5a6a9ce0bb86a894003b4a44 status=200 elapsed=0.019s body={"status":"processing","message":"Selecting layout for each slide","error":null,"data":{"created_slides":0,"remaining_slides":2},"created_at":"2026-07-11T12:00:46.343486","updated_at":"2026-07-11T12:03:09.564618","type":"presentation.generate","id":"task-a292fb35d2d1d0d3b25ccbd3300ded67e0ae201a5a6a9ce0bb86a894003b4a44"}
[2026-07-11T14:05:40] POLL task=task-a292fb35d2d1d0d3b25ccbd3300ded67e0ae201a5a6a9ce0bb86a894003b4a44 idx=146 status=processing
[2026-07-11T14:05:42] REQUEST GET /api/v1/ppt/presentation/status/task-a292fb35d2d1d0d3b25ccbd3300ded67e0ae201a5a6a9ce0bb86a894003b4a44 timeout=15s body=
[2026-07-11T14:05:42] RESPONSE GET /api/v1/ppt/presentation/status/task-a292fb35d2d1d0d3b25ccbd3300ded67e0ae201a5a6a9ce0bb86a894003b4a44 status=200 elapsed=0.02s body={"status":"processing","message":"Selecting layout for each slide","error":null,"data":{"created_slides":0,"remaining_slides":2},"created_at":"2026-07-11T12:00:46.343486","updated_at":"2026-07-11T12:03:09.564618","type":"presentation.generate","id":"task-a292fb35d2d1d0d3b25ccbd3300ded67e0ae201a5a6a9ce0bb86a894003b4a44"}
[2026-07-11T14:05:42] POLL task=task-a292fb35d2d1d0d3b25ccbd3300ded67e0ae201a5a6a9ce0bb86a894003b4a44 idx=147 status=processing
[2026-07-11T14:05:44] REQUEST GET /api/v1/ppt/presentation/status/task-a292fb35d2d1d0d3b25ccbd3300ded67e0ae201a5a6a9ce0bb86a894003b4a44 timeout=15s body=
[2026-07-11T14:05:44] RESPONSE GET /api/v1/ppt/presentation/status/task-a292fb35d2d1d0d3b25ccbd3300ded67e0ae201a5a6a9ce0bb86a894003b4a44 status=200 elapsed=0.019s body={"status":"processing","message":"Selecting layout for each slide","error":null,"data":{"created_slides":0,"remaining_slides":2},"created_at":"2026-07-11T12:00:46.343486","updated_at":"2026-07-11T12:03:09.564618","type":"presentation.generate","id":"task-a292fb35d2d1d0d3b25ccbd3300ded67e0ae201a5a6a9ce0bb86a894003b4a44"}
[2026-07-11T14:05:44] POLL task=task-a292fb35d2d1d0d3b25ccbd3300ded67e0ae201a5a6a9ce0bb86a894003b4a44 idx=148 status=processing
[2026-07-11T14:05:46] REQUEST GET /api/v1/ppt/presentation/status/task-a292fb35d2d1d0d3b25ccbd3300ded67e0ae201a5a6a9ce0bb86a894003b4a44 timeout=15s body=
[2026-07-11T14:05:46] RESPONSE GET /api/v1/ppt/presentation/status/task-a292fb35d2d1d0d3b25ccbd3300ded67e0ae201a5a6a9ce0bb86a894003b4a44 status=200 elapsed=0.02s body={"status":"processing","message":"Selecting layout for each slide","error":null,"data":{"created_slides":0,"remaining_slides":2},"created_at":"2026-07-11T12:00:46.343486","updated_at":"2026-07-11T12:03:09.564618","type":"presentation.generate","id":"task-a292fb35d2d1d0d3b25ccbd3300ded67e0ae201a5a6a9ce0bb86a894003b4a44"}
[2026-07-11T14:05:46] POLL task=task-a292fb35d2d1d0d3b25ccbd3300ded67e0ae201a5a6a9ce0bb86a894003b4a44 idx=149 status=processing
[2026-07-11T14:05:48] REQUEST GET /api/v1/ppt/presentation/status/task-a292fb35d2d1d0d3b25ccbd3300ded67e0ae201a5a6a9ce0bb86a894003b4a44 timeout=15s body=
[2026-07-11T14:05:48] RESPONSE GET /api/v1/ppt/presentation/status/task-a292fb35d2d1d0d3b25ccbd3300ded67e0ae201a5a6a9ce0bb86a894003b4a44 status=200 elapsed=0.014s body={"status":"processing","message":"Selecting layout for each slide","error":null,"data":{"created_slides":0,"remaining_slides":2},"created_at":"2026-07-11T12:00:46.343486","updated_at":"2026-07-11T12:03:09.564618","type":"presentation.generate","id":"task-a292fb35d2d1d0d3b25ccbd3300ded67e0ae201a5a6a9ce0bb86a894003b4a44"}
[2026-07-11T14:05:48] POLL task=task-a292fb35d2d1d0d3b25ccbd3300ded67e0ae201a5a6a9ce0bb86a894003b4a44 idx=150 status=processing
[2026-07-11T14:05:50] REQUEST GET /api/v1/ppt/presentation/status/task-a292fb35d2d1d0d3b25ccbd3300ded67e0ae201a5a6a9ce0bb86a894003b4a44 timeout=15s body=
[2026-07-11T14:05:50] RESPONSE GET /api/v1/ppt/presentation/status/task-a292fb35d2d1d0d3b25ccbd3300ded67e0ae201a5a6a9ce0bb86a894003b4a44 status=200 elapsed=0.026s body={"status":"processing","message":"Selecting layout for each slide","error":null,"data":{"created_slides":0,"remaining_slides":2},"created_at":"2026-07-11T12:00:46.343486","updated_at":"2026-07-11T12:03:09.564618","type":"presentation.generate","id":"task-a292fb35d2d1d0d3b25ccbd3300ded67e0ae201a5a6a9ce0bb86a894003b4a44"}
[2026-07-11T14:05:50] POLL task=task-a292fb35d2d1d0d3b25ccbd3300ded67e0ae201a5a6a9ce0bb86a894003b4a44 idx=151 status=processing
[2026-07-11T14:05:52] REQUEST GET /api/v1/ppt/presentation/status/task-a292fb35d2d1d0d3b25ccbd3300ded67e0ae201a5a6a9ce0bb86a894003b4a44 timeout=15s body=
[2026-07-11T14:05:52] RESPONSE GET /api/v1/ppt/presentation/status/task-a292fb35d2d1d0d3b25ccbd3300ded67e0ae201a5a6a9ce0bb86a894003b4a44 status=200 elapsed=0.018s body={"status":"processing","message":"Selecting layout for each slide","error":null,"data":{"created_slides":0,"remaining_slides":2},"created_at":"2026-07-11T12:00:46.343486","updated_at":"2026-07-11T12:03:09.564618","type":"presentation.generate","id":"task-a292fb35d2d1d0d3b25ccbd3300ded67e0ae201a5a6a9ce0bb86a894003b4a44"}
[2026-07-11T14:05:52] POLL task=task-a292fb35d2d1d0d3b25ccbd3300ded67e0ae201a5a6a9ce0bb86a894003b4a44 idx=152 status=processing
[2026-07-11T14:05:54] REQUEST GET /api/v1/ppt/presentation/status/task-a292fb35d2d1d0d3b25ccbd3300ded67e0ae201a5a6a9ce0bb86a894003b4a44 timeout=15s body=
[2026-07-11T14:05:54] RESPONSE GET /api/v1/ppt/presentation/status/task-a292fb35d2d1d0d3b25ccbd3300ded67e0ae201a5a6a9ce0bb86a894003b4a44 status=200 elapsed=0.022s body={"status":"processing","message":"Selecting layout for each slide","error":null,"data":{"created_slides":0,"remaining_slides":2},"created_at":"2026-07-11T12:00:46.343486","updated_at":"2026-07-11T12:03:09.564618","type":"presentation.generate","id":"task-a292fb35d2d1d0d3b25ccbd3300ded67e0ae201a5a6a9ce0bb86a894003b4a44"}
[2026-07-11T14:05:54] POLL task=task-a292fb35d2d1d0d3b25ccbd3300ded67e0ae201a5a6a9ce0bb86a894003b4a44 idx=153 status=processing
[2026-07-11T14:05:56] REQUEST GET /api/v1/ppt/presentation/status/task-a292fb35d2d1d0d3b25ccbd3300ded67e0ae201a5a6a9ce0bb86a894003b4a44 timeout=15s body=
[2026-07-11T14:05:56] RESPONSE GET /api/v1/ppt/presentation/status/task-a292fb35d2d1d0d3b25ccbd3300ded67e0ae201a5a6a9ce0bb86a894003b4a44 status=200 elapsed=0.013s body={"status":"processing","message":"Selecting layout for each slide","error":null,"data":{"created_slides":0,"remaining_slides":2},"created_at":"2026-07-11T12:00:46.343486","updated_at":"2026-07-11T12:03:09.564618","type":"presentation.generate","id":"task-a292fb35d2d1d0d3b25ccbd3300ded67e0ae201a5a6a9ce0bb86a894003b4a44"}
[2026-07-11T14:05:56] POLL task=task-a292fb35d2d1d0d3b25ccbd3300ded67e0ae201a5a6a9ce0bb86a894003b4a44 idx=154 status=processing
[2026-07-11T14:05:58] REQUEST GET /api/v1/ppt/presentation/status/task-a292fb35d2d1d0d3b25ccbd3300ded67e0ae201a5a6a9ce0bb86a894003b4a44 timeout=15s body=
[2026-07-11T14:05:58] RESPONSE GET /api/v1/ppt/presentation/status/task-a292fb35d2d1d0d3b25ccbd3300ded67e0ae201a5a6a9ce0bb86a894003b4a44 status=200 elapsed=0.029s body={"status":"processing","message":"Selecting layout for each slide","error":null,"data":{"created_slides":0,"remaining_slides":2},"created_at":"2026-07-11T12:00:46.343486","updated_at":"2026-07-11T12:03:09.564618","type":"presentation.generate","id":"task-a292fb35d2d1d0d3b25ccbd3300ded67e0ae201a5a6a9ce0bb86a894003b4a44"}
[2026-07-11T14:05:58] POLL task=task-a292fb35d2d1d0d3b25ccbd3300ded67e0ae201a5a6a9ce0bb86a894003b4a44 idx=155 status=processing
[2026-07-11T14:06:00] REQUEST GET /api/v1/ppt/presentation/status/task-a292fb35d2d1d0d3b25ccbd3300ded67e0ae201a5a6a9ce0bb86a894003b4a44 timeout=15s body=
[2026-07-11T14:06:00] RESPONSE GET /api/v1/ppt/presentation/status/task-a292fb35d2d1d0d3b25ccbd3300ded67e0ae201a5a6a9ce0bb86a894003b4a44 status=200 elapsed=0.025s body={"status":"processing","message":"Selecting layout for each slide","error":null,"data":{"created_slides":0,"remaining_slides":2},"created_at":"2026-07-11T12:00:46.343486","updated_at":"2026-07-11T12:03:09.564618","type":"presentation.generate","id":"task-a292fb35d2d1d0d3b25ccbd3300ded67e0ae201a5a6a9ce0bb86a894003b4a44"}
[2026-07-11T14:06:00] POLL task=task-a292fb35d2d1d0d3b25ccbd3300ded67e0ae201a5a6a9ce0bb86a894003b4a44 idx=156 status=processing
[2026-07-11T14:06:02] REQUEST GET /api/v1/ppt/presentation/status/task-a292fb35d2d1d0d3b25ccbd3300ded67e0ae201a5a6a9ce0bb86a894003b4a44 timeout=15s body=
[2026-07-11T14:06:02] RESPONSE GET /api/v1/ppt/presentation/status/task-a292fb35d2d1d0d3b25ccbd3300ded67e0ae201a5a6a9ce0bb86a894003b4a44 status=200 elapsed=0.02s body={"status":"processing","message":"Selecting layout for each slide","error":null,"data":{"created_slides":0,"remaining_slides":2},"created_at":"2026-07-11T12:00:46.343486","updated_at":"2026-07-11T12:03:09.564618","type":"presentation.generate","id":"task-a292fb35d2d1d0d3b25ccbd3300ded67e0ae201a5a6a9ce0bb86a894003b4a44"}
[2026-07-11T14:06:02] POLL task=task-a292fb35d2d1d0d3b25ccbd3300ded67e0ae201a5a6a9ce0bb86a894003b4a44 idx=157 status=processing
[2026-07-11T14:06:04] REQUEST GET /api/v1/ppt/presentation/status/task-a292fb35d2d1d0d3b25ccbd3300ded67e0ae201a5a6a9ce0bb86a894003b4a44 timeout=15s body=
[2026-07-11T14:06:04] RESPONSE GET /api/v1/ppt/presentation/status/task-a292fb35d2d1d0d3b25ccbd3300ded67e0ae201a5a6a9ce0bb86a894003b4a44 status=200 elapsed=0.02s body={"status":"processing","message":"Selecting layout for each slide","error":null,"data":{"created_slides":0,"remaining_slides":2},"created_at":"2026-07-11T12:00:46.343486","updated_at":"2026-07-11T12:03:09.564618","type":"presentation.generate","id":"task-a292fb35d2d1d0d3b25ccbd3300ded67e0ae201a5a6a9ce0bb86a894003b4a44"}
[2026-07-11T14:06:04] POLL task=task-a292fb35d2d1d0d3b25ccbd3300ded67e0ae201a5a6a9ce0bb86a894003b4a44 idx=158 status=processing
[2026-07-11T14:06:06] REQUEST GET /api/v1/ppt/presentation/status/task-a292fb35d2d1d0d3b25ccbd3300ded67e0ae201a5a6a9ce0bb86a894003b4a44 timeout=15s body=
[2026-07-11T14:06:06] RESPONSE GET /api/v1/ppt/presentation/status/task-a292fb35d2d1d0d3b25ccbd3300ded67e0ae201a5a6a9ce0bb86a894003b4a44 status=200 elapsed=0.014s body={"status":"processing","message":"Selecting layout for each slide","error":null,"data":{"created_slides":0,"remaining_slides":2},"created_at":"2026-07-11T12:00:46.343486","updated_at":"2026-07-11T12:03:09.564618","type":"presentation.generate","id":"task-a292fb35d2d1d0d3b25ccbd3300ded67e0ae201a5a6a9ce0bb86a894003b4a44"}
[2026-07-11T14:06:06] POLL task=task-a292fb35d2d1d0d3b25ccbd3300ded67e0ae201a5a6a9ce0bb86a894003b4a44 idx=159 status=processing
[2026-07-11T14:06:08] REQUEST GET /api/v1/ppt/presentation/status/task-a292fb35d2d1d0d3b25ccbd3300ded67e0ae201a5a6a9ce0bb86a894003b4a44 timeout=15s body=
[2026-07-11T14:06:08] RESPONSE GET /api/v1/ppt/presentation/status/task-a292fb35d2d1d0d3b25ccbd3300ded67e0ae201a5a6a9ce0bb86a894003b4a44 status=200 elapsed=0.02s body={"status":"processing","message":"Selecting layout for each slide","error":null,"data":{"created_slides":0,"remaining_slides":2},"created_at":"2026-07-11T12:00:46.343486","updated_at":"2026-07-11T12:03:09.564618","type":"presentation.generate","id":"task-a292fb35d2d1d0d3b25ccbd3300ded67e0ae201a5a6a9ce0bb86a894003b4a44"}
[2026-07-11T14:06:08] POLL task=task-a292fb35d2d1d0d3b25ccbd3300ded67e0ae201a5a6a9ce0bb86a894003b4a44 idx=160 status=processing
[2026-07-11T14:06:10] REQUEST GET /api/v1/ppt/presentation/status/task-a292fb35d2d1d0d3b25ccbd3300ded67e0ae201a5a6a9ce0bb86a894003b4a44 timeout=15s body=
[2026-07-11T14:06:10] RESPONSE GET /api/v1/ppt/presentation/status/task-a292fb35d2d1d0d3b25ccbd3300ded67e0ae201a5a6a9ce0bb86a894003b4a44 status=200 elapsed=0.021s body={"status":"processing","message":"Selecting layout for each slide","error":null,"data":{"created_slides":0,"remaining_slides":2},"created_at":"2026-07-11T12:00:46.343486","updated_at":"2026-07-11T12:03:09.564618","type":"presentation.generate","id":"task-a292fb35d2d1d0d3b25ccbd3300ded67e0ae201a5a6a9ce0bb86a894003b4a44"}
[2026-07-11T14:06:10] POLL task=task-a292fb35d2d1d0d3b25ccbd3300ded67e0ae201a5a6a9ce0bb86a894003b4a44 idx=161 status=processing
[2026-07-11T14:06:12] REQUEST GET /api/v1/ppt/presentation/status/task-a292fb35d2d1d0d3b25ccbd3300ded67e0ae201a5a6a9ce0bb86a894003b4a44 timeout=15s body=
[2026-07-11T14:06:12] RESPONSE GET /api/v1/ppt/presentation/status/task-a292fb35d2d1d0d3b25ccbd3300ded67e0ae201a5a6a9ce0bb86a894003b4a44 status=200 elapsed=0.015s body={"status":"error","message":"Presentation generation failed","error":{"status_code":404,"detail":"Template 'general' not found: Export task failed. returncode=244 stderr=[index] Failed to fetch or parse schema page stdout=<empty>"},"data":{"created_slides":0,"remaining_slides":2},"created_at":"2026-07-11T12:00:46.343486","updated_at":"2026-07-11T12:06:11.732883","type":"presentation.generate","id":"task-a292fb35d2d1d0d3b25ccbd3300ded67e0ae201a5a6a9ce0bb86a894003b4a44"}
[2026-07-11T14:06:12] POLL task=task-a292fb35d2d1d0d3b25ccbd3300ded67e0ae201a5a6a9ce0bb86a894003b4a44 idx=162 status=error
