[2026-07-11T21:25:18] REQUEST POST /api/v1/auth/login timeout=900s body={"username": "jaempilang@gmail.com", "password": "FuckA19*"}
[2026-07-11T21:25:19] RESPONSE POST /api/v1/auth/login status=200 elapsed=0.081s body={"configured":true,"authenticated":true,"username":"jaempilang@gmail.com","access_token":"eyJ2IjoxLCJ1IjoiamFlbXBpbGFuZ0BnbWFpbC5jb20iLCJpYXQiOjE3ODM3OTc5MTksImV4cCI6MTc4NjM4OTkxOX0.7boqMeXPCl3sKKNUvwpmcrbQKbMwqV5YXEFzToMwDrA","token_type":"bearer"}
[2026-07-11T21:25:19] AUTH token acquired
[2026-07-11T21:25:19] REQUEST POST /api/v1/ppt/presentation/create timeout=900s body={"title": "Direct Presenton Probe", "content": "Slide 1: Hello from direct Presenton API probe. Slide 2: This run validates Create -> Prepare -> Generate -> Export.", "language": "English", "template": "general", "template_name": "general"}
[2026-07-11T21:25:19] RESPONSE POST /api/v1/ppt/presentation/create status=200 elapsed=0.031s body={"id":"3d46d86f-28ac-478b-a5ce-0c59eb2e34d1","version":"v2-standard","content":"Slide 1: Hello from direct Presenton API probe. Slide 2: This run validates Create -> Prepare -> Generate -> Export.","n_slides":0,"language":"English","file_paths":null,"instructions":null,"tone":"default","verbosity":"standard","include_table_of_contents":false,"include_title_slide":true,"web_search":false,"title":null,"outlines":null,"layout":null,"structure":null,"theme":null,"fonts":null,"created_at":"2026-07-11T19:25:19.049828Z","updated_at":"2026-07-11T19:25:19.049855Z"}
[2026-07-11T21:25:19] REQUEST POST /api/v1/ppt/presentation/prepare timeout=900s body={"presentation_id": "3d46d86f-28ac-478b-a5ce-0c59eb2e34d1", "outlines": [{"title": "Probe Overview", "content": "Direct API path verification"}, {"title": "Probe Result", "content": "Create Prepare Generate Export evidence"}], "layout": {"name": "general", "slides": [{"id": "slide-1", "title": "Executive Summary", "subtitle": "Summary", "content": [], "json_schema": {"type": "object", "properties": {}}}], "theme": "default", "icon_weight": "bold", "include_title_slide": true, "include_table_of_contents": false}}
[2026-07-11T21:27:22] RESPONSE POST /api/v1/ppt/presentation/prepare status=200 elapsed=123.724s body={"version":"v2-standard","tone":"default","content":"Slide 1: Hello from direct Presenton API probe. Slide 2: This run validates Create -> Prepare -> Generate -> Export.","n_slides":0,"outlines":{"slides":[{"content":"Direct API path verification"},{"content":"Create Prepare Generate Export evidence"}]},"verbosity":"standard","language":"","created_at":"2026-07-11T19:25:19.049828","include_table_of_contents":false,"title":null,"updated_at":"2026-07-11T19:27:22.054326Z","include_title_slide":true,"file_paths":null,"web_search":false,"theme":null,"id":"3d46d86f-28ac-478b-a5ce-0c59eb2e34d1","layo
[2026-07-11T21:27:22] REQUEST POST /api/v1/ppt/presentation/generate/async timeout=900s body={"content": "Slide 1: Hello from direct Presenton API probe. Slide 2: This run validates Create -> Prepare -> Generate -> Export.", "n_slides": 2, "language": "English", "template": "general", "instructions": "Keep slides concise.", "export_as": "pptx", "include_title_slide": true, "include_table_of_contents": false, "web_search": false, "tone": "default", "verbosity": "standard", "presentation_id": "3d46d86f-28ac-478b-a5ce-0c59eb2e34d1"}
[2026-07-11T21:27:22] RESPONSE POST /api/v1/ppt/presentation/generate/async status=200 elapsed=0.08s body={"error":null,"status":"pending","message":"Queued for generation","created_at":"2026-07-11T19:27:22.828481","updated_at":"2026-07-11T19:27:22.828491","type":"presentation.generate","id":"task-6aa93bf0412c3809b85ce44e6cc5684789840b31e39d576ff49173f39b4f076b","data":{"created_slides":0,"remaining_slides":2}}
[2026-07-11T21:27:22] REQUEST GET /api/v1/ppt/presentation/status/task-6aa93bf0412c3809b85ce44e6cc5684789840b31e39d576ff49173f39b4f076b timeout=15s body=
[2026-07-11T21:27:22] RESPONSE GET /api/v1/ppt/presentation/status/task-6aa93bf0412c3809b85ce44e6cc5684789840b31e39d576ff49173f39b4f076b status=200 elapsed=0.028s body={"error":null,"status":"pending","message":"Queued for generation","created_at":"2026-07-11T19:27:22.828481","updated_at":"2026-07-11T19:27:22.828491","type":"presentation.generate","id":"task-6aa93bf0412c3809b85ce44e6cc5684789840b31e39d576ff49173f39b4f076b","data":{"created_slides":0,"remaining_slides":2}}
[2026-07-11T21:27:22] POLL task=task-6aa93bf0412c3809b85ce44e6cc5684789840b31e39d576ff49173f39b4f076b idx=1 status=pending
[2026-07-11T21:27:24] REQUEST GET /api/v1/ppt/presentation/status/task-6aa93bf0412c3809b85ce44e6cc5684789840b31e39d576ff49173f39b4f076b timeout=15s body=
[2026-07-11T21:27:24] RESPONSE GET /api/v1/ppt/presentation/status/task-6aa93bf0412c3809b85ce44e6cc5684789840b31e39d576ff49173f39b4f076b status=200 elapsed=0.085s body={"error":null,"status":"processing","message":"Generating presentation outlines","created_at":"2026-07-11T19:27:22.828481","updated_at":"2026-07-11T19:27:22.896247","type":"presentation.generate","id":"task-6aa93bf0412c3809b85ce44e6cc5684789840b31e39d576ff49173f39b4f076b","data":{"created_slides":0,"remaining_slides":2}}
[2026-07-11T21:27:24] POLL task=task-6aa93bf0412c3809b85ce44e6cc5684789840b31e39d576ff49173f39b4f076b idx=2 status=processing
[2026-07-11T21:27:26] REQUEST GET /api/v1/ppt/presentation/status/task-6aa93bf0412c3809b85ce44e6cc5684789840b31e39d576ff49173f39b4f076b timeout=15s body=
[2026-07-11T21:27:27] RESPONSE GET /api/v1/ppt/presentation/status/task-6aa93bf0412c3809b85ce44e6cc5684789840b31e39d576ff49173f39b4f076b status=200 elapsed=0.079s body={"error":null,"status":"processing","message":"Generating presentation outlines","created_at":"2026-07-11T19:27:22.828481","updated_at":"2026-07-11T19:27:22.896247","type":"presentation.generate","id":"task-6aa93bf0412c3809b85ce44e6cc5684789840b31e39d576ff49173f39b4f076b","data":{"created_slides":0,"remaining_slides":2}}
[2026-07-11T21:27:27] POLL task=task-6aa93bf0412c3809b85ce44e6cc5684789840b31e39d576ff49173f39b4f076b idx=3 status=processing
[2026-07-11T21:27:29] REQUEST GET /api/v1/ppt/presentation/status/task-6aa93bf0412c3809b85ce44e6cc5684789840b31e39d576ff49173f39b4f076b timeout=15s body=
[2026-07-11T21:27:29] RESPONSE GET /api/v1/ppt/presentation/status/task-6aa93bf0412c3809b85ce44e6cc5684789840b31e39d576ff49173f39b4f076b status=200 elapsed=0.015s body={"error":null,"status":"processing","message":"Generating presentation outlines","created_at":"2026-07-11T19:27:22.828481","updated_at":"2026-07-11T19:27:22.896247","type":"presentation.generate","id":"task-6aa93bf0412c3809b85ce44e6cc5684789840b31e39d576ff49173f39b4f076b","data":{"created_slides":0,"remaining_slides":2}}
[2026-07-11T21:27:29] POLL task=task-6aa93bf0412c3809b85ce44e6cc5684789840b31e39d576ff49173f39b4f076b idx=4 status=processing
[2026-07-11T21:27:31] REQUEST GET /api/v1/ppt/presentation/status/task-6aa93bf0412c3809b85ce44e6cc5684789840b31e39d576ff49173f39b4f076b timeout=15s body=
[2026-07-11T21:27:31] RESPONSE GET /api/v1/ppt/presentation/status/task-6aa93bf0412c3809b85ce44e6cc5684789840b31e39d576ff49173f39b4f076b status=200 elapsed=0.07s body={"error":null,"status":"processing","message":"Generating presentation outlines","created_at":"2026-07-11T19:27:22.828481","updated_at":"2026-07-11T19:27:22.896247","type":"presentation.generate","id":"task-6aa93bf0412c3809b85ce44e6cc5684789840b31e39d576ff49173f39b4f076b","data":{"created_slides":0,"remaining_slides":2}}
[2026-07-11T21:27:31] POLL task=task-6aa93bf0412c3809b85ce44e6cc5684789840b31e39d576ff49173f39b4f076b idx=5 status=processing
[2026-07-11T21:27:33] REQUEST GET /api/v1/ppt/presentation/status/task-6aa93bf0412c3809b85ce44e6cc5684789840b31e39d576ff49173f39b4f076b timeout=15s body=
[2026-07-11T21:27:33] RESPONSE GET /api/v1/ppt/presentation/status/task-6aa93bf0412c3809b85ce44e6cc5684789840b31e39d576ff49173f39b4f076b status=200 elapsed=0.013s body={"error":null,"status":"processing","message":"Generating presentation outlines","created_at":"2026-07-11T19:27:22.828481","updated_at":"2026-07-11T19:27:22.896247","type":"presentation.generate","id":"task-6aa93bf0412c3809b85ce44e6cc5684789840b31e39d576ff49173f39b4f076b","data":{"created_slides":0,"remaining_slides":2}}
[2026-07-11T21:27:33] POLL task=task-6aa93bf0412c3809b85ce44e6cc5684789840b31e39d576ff49173f39b4f076b idx=6 status=processing
[2026-07-11T21:27:35] REQUEST GET /api/v1/ppt/presentation/status/task-6aa93bf0412c3809b85ce44e6cc5684789840b31e39d576ff49173f39b4f076b timeout=15s body=
[2026-07-11T21:27:35] RESPONSE GET /api/v1/ppt/presentation/status/task-6aa93bf0412c3809b85ce44e6cc5684789840b31e39d576ff49173f39b4f076b status=200 elapsed=0.015s body={"error":null,"status":"processing","message":"Generating presentation outlines","created_at":"2026-07-11T19:27:22.828481","updated_at":"2026-07-11T19:27:22.896247","type":"presentation.generate","id":"task-6aa93bf0412c3809b85ce44e6cc5684789840b31e39d576ff49173f39b4f076b","data":{"created_slides":0,"remaining_slides":2}}
[2026-07-11T21:27:35] POLL task=task-6aa93bf0412c3809b85ce44e6cc5684789840b31e39d576ff49173f39b4f076b idx=7 status=processing
[2026-07-11T21:27:37] REQUEST GET /api/v1/ppt/presentation/status/task-6aa93bf0412c3809b85ce44e6cc5684789840b31e39d576ff49173f39b4f076b timeout=15s body=
[2026-07-11T21:27:37] RESPONSE GET /api/v1/ppt/presentation/status/task-6aa93bf0412c3809b85ce44e6cc5684789840b31e39d576ff49173f39b4f076b status=200 elapsed=0.023s body={"error":null,"status":"processing","message":"Generating presentation outlines","created_at":"2026-07-11T19:27:22.828481","updated_at":"2026-07-11T19:27:22.896247","type":"presentation.generate","id":"task-6aa93bf0412c3809b85ce44e6cc5684789840b31e39d576ff49173f39b4f076b","data":{"created_slides":0,"remaining_slides":2}}
[2026-07-11T21:27:37] POLL task=task-6aa93bf0412c3809b85ce44e6cc5684789840b31e39d576ff49173f39b4f076b idx=8 status=processing
[2026-07-11T21:27:39] REQUEST GET /api/v1/ppt/presentation/status/task-6aa93bf0412c3809b85ce44e6cc5684789840b31e39d576ff49173f39b4f076b timeout=15s body=
[2026-07-11T21:27:39] RESPONSE GET /api/v1/ppt/presentation/status/task-6aa93bf0412c3809b85ce44e6cc5684789840b31e39d576ff49173f39b4f076b status=200 elapsed=0.023s body={"error":null,"status":"processing","message":"Generating presentation outlines","created_at":"2026-07-11T19:27:22.828481","updated_at":"2026-07-11T19:27:22.896247","type":"presentation.generate","id":"task-6aa93bf0412c3809b85ce44e6cc5684789840b31e39d576ff49173f39b4f076b","data":{"created_slides":0,"remaining_slides":2}}
[2026-07-11T21:27:39] POLL task=task-6aa93bf0412c3809b85ce44e6cc5684789840b31e39d576ff49173f39b4f076b idx=9 status=processing
[2026-07-11T21:27:41] REQUEST GET /api/v1/ppt/presentation/status/task-6aa93bf0412c3809b85ce44e6cc5684789840b31e39d576ff49173f39b4f076b timeout=15s body=
[2026-07-11T21:27:41] RESPONSE GET /api/v1/ppt/presentation/status/task-6aa93bf0412c3809b85ce44e6cc5684789840b31e39d576ff49173f39b4f076b status=200 elapsed=0.021s body={"error":null,"status":"processing","message":"Generating presentation outlines","created_at":"2026-07-11T19:27:22.828481","updated_at":"2026-07-11T19:27:22.896247","type":"presentation.generate","id":"task-6aa93bf0412c3809b85ce44e6cc5684789840b31e39d576ff49173f39b4f076b","data":{"created_slides":0,"remaining_slides":2}}
[2026-07-11T21:27:41] POLL task=task-6aa93bf0412c3809b85ce44e6cc5684789840b31e39d576ff49173f39b4f076b idx=10 status=processing
[2026-07-11T21:27:43] REQUEST GET /api/v1/ppt/presentation/status/task-6aa93bf0412c3809b85ce44e6cc5684789840b31e39d576ff49173f39b4f076b timeout=15s body=
[2026-07-11T21:27:43] RESPONSE GET /api/v1/ppt/presentation/status/task-6aa93bf0412c3809b85ce44e6cc5684789840b31e39d576ff49173f39b4f076b status=200 elapsed=0.018s body={"error":null,"status":"processing","message":"Generating presentation outlines","created_at":"2026-07-11T19:27:22.828481","updated_at":"2026-07-11T19:27:22.896247","type":"presentation.generate","id":"task-6aa93bf0412c3809b85ce44e6cc5684789840b31e39d576ff49173f39b4f076b","data":{"created_slides":0,"remaining_slides":2}}
[2026-07-11T21:27:43] POLL task=task-6aa93bf0412c3809b85ce44e6cc5684789840b31e39d576ff49173f39b4f076b idx=11 status=processing
[2026-07-11T21:27:45] REQUEST GET /api/v1/ppt/presentation/status/task-6aa93bf0412c3809b85ce44e6cc5684789840b31e39d576ff49173f39b4f076b timeout=15s body=
[2026-07-11T21:27:45] RESPONSE GET /api/v1/ppt/presentation/status/task-6aa93bf0412c3809b85ce44e6cc5684789840b31e39d576ff49173f39b4f076b status=200 elapsed=0.017s body={"error":null,"status":"processing","message":"Generating presentation outlines","created_at":"2026-07-11T19:27:22.828481","updated_at":"2026-07-11T19:27:22.896247","type":"presentation.generate","id":"task-6aa93bf0412c3809b85ce44e6cc5684789840b31e39d576ff49173f39b4f076b","data":{"created_slides":0,"remaining_slides":2}}
[2026-07-11T21:27:45] POLL task=task-6aa93bf0412c3809b85ce44e6cc5684789840b31e39d576ff49173f39b4f076b idx=12 status=processing
[2026-07-11T21:27:47] REQUEST GET /api/v1/ppt/presentation/status/task-6aa93bf0412c3809b85ce44e6cc5684789840b31e39d576ff49173f39b4f076b timeout=15s body=
[2026-07-11T21:27:47] RESPONSE GET /api/v1/ppt/presentation/status/task-6aa93bf0412c3809b85ce44e6cc5684789840b31e39d576ff49173f39b4f076b status=200 elapsed=0.02s body={"error":null,"status":"processing","message":"Generating presentation outlines","created_at":"2026-07-11T19:27:22.828481","updated_at":"2026-07-11T19:27:22.896247","type":"presentation.generate","id":"task-6aa93bf0412c3809b85ce44e6cc5684789840b31e39d576ff49173f39b4f076b","data":{"created_slides":0,"remaining_slides":2}}
[2026-07-11T21:27:47] POLL task=task-6aa93bf0412c3809b85ce44e6cc5684789840b31e39d576ff49173f39b4f076b idx=13 status=processing
[2026-07-11T21:27:49] REQUEST GET /api/v1/ppt/presentation/status/task-6aa93bf0412c3809b85ce44e6cc5684789840b31e39d576ff49173f39b4f076b timeout=15s body=
[2026-07-11T21:27:49] RESPONSE GET /api/v1/ppt/presentation/status/task-6aa93bf0412c3809b85ce44e6cc5684789840b31e39d576ff49173f39b4f076b status=200 elapsed=0.028s body={"error":null,"status":"processing","message":"Generating presentation outlines","created_at":"2026-07-11T19:27:22.828481","updated_at":"2026-07-11T19:27:22.896247","type":"presentation.generate","id":"task-6aa93bf0412c3809b85ce44e6cc5684789840b31e39d576ff49173f39b4f076b","data":{"created_slides":0,"remaining_slides":2}}
[2026-07-11T21:27:49] POLL task=task-6aa93bf0412c3809b85ce44e6cc5684789840b31e39d576ff49173f39b4f076b idx=14 status=processing
[2026-07-11T21:27:51] REQUEST GET /api/v1/ppt/presentation/status/task-6aa93bf0412c3809b85ce44e6cc5684789840b31e39d576ff49173f39b4f076b timeout=15s body=
[2026-07-11T21:27:51] RESPONSE GET /api/v1/ppt/presentation/status/task-6aa93bf0412c3809b85ce44e6cc5684789840b31e39d576ff49173f39b4f076b status=200 elapsed=0.02s body={"error":null,"status":"processing","message":"Generating presentation outlines","created_at":"2026-07-11T19:27:22.828481","updated_at":"2026-07-11T19:27:22.896247","type":"presentation.generate","id":"task-6aa93bf0412c3809b85ce44e6cc5684789840b31e39d576ff49173f39b4f076b","data":{"created_slides":0,"remaining_slides":2}}
[2026-07-11T21:27:51] POLL task=task-6aa93bf0412c3809b85ce44e6cc5684789840b31e39d576ff49173f39b4f076b idx=15 status=processing
[2026-07-11T21:27:53] REQUEST GET /api/v1/ppt/presentation/status/task-6aa93bf0412c3809b85ce44e6cc5684789840b31e39d576ff49173f39b4f076b timeout=15s body=
[2026-07-11T21:27:53] RESPONSE GET /api/v1/ppt/presentation/status/task-6aa93bf0412c3809b85ce44e6cc5684789840b31e39d576ff49173f39b4f076b status=200 elapsed=0.02s body={"error":null,"status":"processing","message":"Generating presentation outlines","created_at":"2026-07-11T19:27:22.828481","updated_at":"2026-07-11T19:27:22.896247","type":"presentation.generate","id":"task-6aa93bf0412c3809b85ce44e6cc5684789840b31e39d576ff49173f39b4f076b","data":{"created_slides":0,"remaining_slides":2}}
[2026-07-11T21:27:53] POLL task=task-6aa93bf0412c3809b85ce44e6cc5684789840b31e39d576ff49173f39b4f076b idx=16 status=processing
[2026-07-11T21:27:55] REQUEST GET /api/v1/ppt/presentation/status/task-6aa93bf0412c3809b85ce44e6cc5684789840b31e39d576ff49173f39b4f076b timeout=15s body=
[2026-07-11T21:27:55] RESPONSE GET /api/v1/ppt/presentation/status/task-6aa93bf0412c3809b85ce44e6cc5684789840b31e39d576ff49173f39b4f076b status=200 elapsed=0.018s body={"error":null,"status":"processing","message":"Generating presentation outlines","created_at":"2026-07-11T19:27:22.828481","updated_at":"2026-07-11T19:27:22.896247","type":"presentation.generate","id":"task-6aa93bf0412c3809b85ce44e6cc5684789840b31e39d576ff49173f39b4f076b","data":{"created_slides":0,"remaining_slides":2}}
[2026-07-11T21:27:55] POLL task=task-6aa93bf0412c3809b85ce44e6cc5684789840b31e39d576ff49173f39b4f076b idx=17 status=processing
[2026-07-11T21:27:57] REQUEST GET /api/v1/ppt/presentation/status/task-6aa93bf0412c3809b85ce44e6cc5684789840b31e39d576ff49173f39b4f076b timeout=15s body=
[2026-07-11T21:27:57] RESPONSE GET /api/v1/ppt/presentation/status/task-6aa93bf0412c3809b85ce44e6cc5684789840b31e39d576ff49173f39b4f076b status=200 elapsed=0.016s body={"error":null,"status":"processing","message":"Generating presentation outlines","created_at":"2026-07-11T19:27:22.828481","updated_at":"2026-07-11T19:27:22.896247","type":"presentation.generate","id":"task-6aa93bf0412c3809b85ce44e6cc5684789840b31e39d576ff49173f39b4f076b","data":{"created_slides":0,"remaining_slides":2}}
[2026-07-11T21:27:57] POLL task=task-6aa93bf0412c3809b85ce44e6cc5684789840b31e39d576ff49173f39b4f076b idx=18 status=processing
[2026-07-11T21:27:59] REQUEST GET /api/v1/ppt/presentation/status/task-6aa93bf0412c3809b85ce44e6cc5684789840b31e39d576ff49173f39b4f076b timeout=15s body=
[2026-07-11T21:27:59] RESPONSE GET /api/v1/ppt/presentation/status/task-6aa93bf0412c3809b85ce44e6cc5684789840b31e39d576ff49173f39b4f076b status=200 elapsed=0.022s body={"error":null,"status":"processing","message":"Generating presentation outlines","created_at":"2026-07-11T19:27:22.828481","updated_at":"2026-07-11T19:27:22.896247","type":"presentation.generate","id":"task-6aa93bf0412c3809b85ce44e6cc5684789840b31e39d576ff49173f39b4f076b","data":{"created_slides":0,"remaining_slides":2}}
[2026-07-11T21:27:59] POLL task=task-6aa93bf0412c3809b85ce44e6cc5684789840b31e39d576ff49173f39b4f076b idx=19 status=processing
[2026-07-11T21:28:01] REQUEST GET /api/v1/ppt/presentation/status/task-6aa93bf0412c3809b85ce44e6cc5684789840b31e39d576ff49173f39b4f076b timeout=15s body=
[2026-07-11T21:28:01] RESPONSE GET /api/v1/ppt/presentation/status/task-6aa93bf0412c3809b85ce44e6cc5684789840b31e39d576ff49173f39b4f076b status=200 elapsed=0.012s body={"error":null,"status":"processing","message":"Generating presentation outlines","created_at":"2026-07-11T19:27:22.828481","updated_at":"2026-07-11T19:27:22.896247","type":"presentation.generate","id":"task-6aa93bf0412c3809b85ce44e6cc5684789840b31e39d576ff49173f39b4f076b","data":{"created_slides":0,"remaining_slides":2}}
[2026-07-11T21:28:01] POLL task=task-6aa93bf0412c3809b85ce44e6cc5684789840b31e39d576ff49173f39b4f076b idx=20 status=processing
[2026-07-11T21:28:03] REQUEST GET /api/v1/ppt/presentation/status/task-6aa93bf0412c3809b85ce44e6cc5684789840b31e39d576ff49173f39b4f076b timeout=15s body=
[2026-07-11T21:28:03] RESPONSE GET /api/v1/ppt/presentation/status/task-6aa93bf0412c3809b85ce44e6cc5684789840b31e39d576ff49173f39b4f076b status=200 elapsed=0.013s body={"error":null,"status":"processing","message":"Generating presentation outlines","created_at":"2026-07-11T19:27:22.828481","updated_at":"2026-07-11T19:27:22.896247","type":"presentation.generate","id":"task-6aa93bf0412c3809b85ce44e6cc5684789840b31e39d576ff49173f39b4f076b","data":{"created_slides":0,"remaining_slides":2}}
[2026-07-11T21:28:03] POLL task=task-6aa93bf0412c3809b85ce44e6cc5684789840b31e39d576ff49173f39b4f076b idx=21 status=processing
[2026-07-11T21:28:05] REQUEST GET /api/v1/ppt/presentation/status/task-6aa93bf0412c3809b85ce44e6cc5684789840b31e39d576ff49173f39b4f076b timeout=15s body=
[2026-07-11T21:28:05] RESPONSE GET /api/v1/ppt/presentation/status/task-6aa93bf0412c3809b85ce44e6cc5684789840b31e39d576ff49173f39b4f076b status=200 elapsed=0.014s body={"error":null,"status":"processing","message":"Generating presentation outlines","created_at":"2026-07-11T19:27:22.828481","updated_at":"2026-07-11T19:27:22.896247","type":"presentation.generate","id":"task-6aa93bf0412c3809b85ce44e6cc5684789840b31e39d576ff49173f39b4f076b","data":{"created_slides":0,"remaining_slides":2}}
[2026-07-11T21:28:05] POLL task=task-6aa93bf0412c3809b85ce44e6cc5684789840b31e39d576ff49173f39b4f076b idx=22 status=processing
[2026-07-11T21:28:07] REQUEST GET /api/v1/ppt/presentation/status/task-6aa93bf0412c3809b85ce44e6cc5684789840b31e39d576ff49173f39b4f076b timeout=15s body=
[2026-07-11T21:28:07] RESPONSE GET /api/v1/ppt/presentation/status/task-6aa93bf0412c3809b85ce44e6cc5684789840b31e39d576ff49173f39b4f076b status=200 elapsed=0.017s body={"error":null,"status":"processing","message":"Generating presentation outlines","created_at":"2026-07-11T19:27:22.828481","updated_at":"2026-07-11T19:27:22.896247","type":"presentation.generate","id":"task-6aa93bf0412c3809b85ce44e6cc5684789840b31e39d576ff49173f39b4f076b","data":{"created_slides":0,"remaining_slides":2}}
[2026-07-11T21:28:07] POLL task=task-6aa93bf0412c3809b85ce44e6cc5684789840b31e39d576ff49173f39b4f076b idx=23 status=processing
[2026-07-11T21:28:09] REQUEST GET /api/v1/ppt/presentation/status/task-6aa93bf0412c3809b85ce44e6cc5684789840b31e39d576ff49173f39b4f076b timeout=15s body=
[2026-07-11T21:28:09] RESPONSE GET /api/v1/ppt/presentation/status/task-6aa93bf0412c3809b85ce44e6cc5684789840b31e39d576ff49173f39b4f076b status=200 elapsed=0.057s body={"error":null,"status":"processing","message":"Generating presentation outlines","created_at":"2026-07-11T19:27:22.828481","updated_at":"2026-07-11T19:27:22.896247","type":"presentation.generate","id":"task-6aa93bf0412c3809b85ce44e6cc5684789840b31e39d576ff49173f39b4f076b","data":{"created_slides":0,"remaining_slides":2}}
[2026-07-11T21:28:09] POLL task=task-6aa93bf0412c3809b85ce44e6cc5684789840b31e39d576ff49173f39b4f076b idx=24 status=processing
[2026-07-11T21:28:11] REQUEST GET /api/v1/ppt/presentation/status/task-6aa93bf0412c3809b85ce44e6cc5684789840b31e39d576ff49173f39b4f076b timeout=15s body=
[2026-07-11T21:28:11] RESPONSE GET /api/v1/ppt/presentation/status/task-6aa93bf0412c3809b85ce44e6cc5684789840b31e39d576ff49173f39b4f076b status=200 elapsed=0.018s body={"error":null,"status":"processing","message":"Generating presentation outlines","created_at":"2026-07-11T19:27:22.828481","updated_at":"2026-07-11T19:27:22.896247","type":"presentation.generate","id":"task-6aa93bf0412c3809b85ce44e6cc5684789840b31e39d576ff49173f39b4f076b","data":{"created_slides":0,"remaining_slides":2}}
[2026-07-11T21:28:11] POLL task=task-6aa93bf0412c3809b85ce44e6cc5684789840b31e39d576ff49173f39b4f076b idx=25 status=processing
[2026-07-11T21:28:13] REQUEST GET /api/v1/ppt/presentation/status/task-6aa93bf0412c3809b85ce44e6cc5684789840b31e39d576ff49173f39b4f076b timeout=15s body=
[2026-07-11T21:28:13] RESPONSE GET /api/v1/ppt/presentation/status/task-6aa93bf0412c3809b85ce44e6cc5684789840b31e39d576ff49173f39b4f076b status=200 elapsed=0.02s body={"error":null,"status":"processing","message":"Generating presentation outlines","created_at":"2026-07-11T19:27:22.828481","updated_at":"2026-07-11T19:27:22.896247","type":"presentation.generate","id":"task-6aa93bf0412c3809b85ce44e6cc5684789840b31e39d576ff49173f39b4f076b","data":{"created_slides":0,"remaining_slides":2}}
[2026-07-11T21:28:13] POLL task=task-6aa93bf0412c3809b85ce44e6cc5684789840b31e39d576ff49173f39b4f076b idx=26 status=processing
[2026-07-11T21:28:15] REQUEST GET /api/v1/ppt/presentation/status/task-6aa93bf0412c3809b85ce44e6cc5684789840b31e39d576ff49173f39b4f076b timeout=15s body=
[2026-07-11T21:28:15] RESPONSE GET /api/v1/ppt/presentation/status/task-6aa93bf0412c3809b85ce44e6cc5684789840b31e39d576ff49173f39b4f076b status=200 elapsed=0.022s body={"error":null,"status":"processing","message":"Generating presentation outlines","created_at":"2026-07-11T19:27:22.828481","updated_at":"2026-07-11T19:27:22.896247","type":"presentation.generate","id":"task-6aa93bf0412c3809b85ce44e6cc5684789840b31e39d576ff49173f39b4f076b","data":{"created_slides":0,"remaining_slides":2}}
[2026-07-11T21:28:15] POLL task=task-6aa93bf0412c3809b85ce44e6cc5684789840b31e39d576ff49173f39b4f076b idx=27 status=processing
[2026-07-11T21:28:17] REQUEST GET /api/v1/ppt/presentation/status/task-6aa93bf0412c3809b85ce44e6cc5684789840b31e39d576ff49173f39b4f076b timeout=15s body=
[2026-07-11T21:28:17] RESPONSE GET /api/v1/ppt/presentation/status/task-6aa93bf0412c3809b85ce44e6cc5684789840b31e39d576ff49173f39b4f076b status=200 elapsed=0.019s body={"error":null,"status":"processing","message":"Generating presentation outlines","created_at":"2026-07-11T19:27:22.828481","updated_at":"2026-07-11T19:27:22.896247","type":"presentation.generate","id":"task-6aa93bf0412c3809b85ce44e6cc5684789840b31e39d576ff49173f39b4f076b","data":{"created_slides":0,"remaining_slides":2}}
[2026-07-11T21:28:17] POLL task=task-6aa93bf0412c3809b85ce44e6cc5684789840b31e39d576ff49173f39b4f076b idx=28 status=processing
[2026-07-11T21:28:19] REQUEST GET /api/v1/ppt/presentation/status/task-6aa93bf0412c3809b85ce44e6cc5684789840b31e39d576ff49173f39b4f076b timeout=15s body=
[2026-07-11T21:28:19] RESPONSE GET /api/v1/ppt/presentation/status/task-6aa93bf0412c3809b85ce44e6cc5684789840b31e39d576ff49173f39b4f076b status=200 elapsed=0.023s body={"error":null,"status":"processing","message":"Generating presentation outlines","created_at":"2026-07-11T19:27:22.828481","updated_at":"2026-07-11T19:27:22.896247","type":"presentation.generate","id":"task-6aa93bf0412c3809b85ce44e6cc5684789840b31e39d576ff49173f39b4f076b","data":{"created_slides":0,"remaining_slides":2}}
[2026-07-11T21:28:19] POLL task=task-6aa93bf0412c3809b85ce44e6cc5684789840b31e39d576ff49173f39b4f076b idx=29 status=processing
[2026-07-11T21:28:21] REQUEST GET /api/v1/ppt/presentation/status/task-6aa93bf0412c3809b85ce44e6cc5684789840b31e39d576ff49173f39b4f076b timeout=15s body=
[2026-07-11T21:28:21] RESPONSE GET /api/v1/ppt/presentation/status/task-6aa93bf0412c3809b85ce44e6cc5684789840b31e39d576ff49173f39b4f076b status=200 elapsed=0.017s body={"error":null,"status":"processing","message":"Generating presentation outlines","created_at":"2026-07-11T19:27:22.828481","updated_at":"2026-07-11T19:27:22.896247","type":"presentation.generate","id":"task-6aa93bf0412c3809b85ce44e6cc5684789840b31e39d576ff49173f39b4f076b","data":{"created_slides":0,"remaining_slides":2}}
[2026-07-11T21:28:21] POLL task=task-6aa93bf0412c3809b85ce44e6cc5684789840b31e39d576ff49173f39b4f076b idx=30 status=processing
[2026-07-11T21:28:23] REQUEST GET /api/v1/ppt/presentation/status/task-6aa93bf0412c3809b85ce44e6cc5684789840b31e39d576ff49173f39b4f076b timeout=15s body=
[2026-07-11T21:28:23] RESPONSE GET /api/v1/ppt/presentation/status/task-6aa93bf0412c3809b85ce44e6cc5684789840b31e39d576ff49173f39b4f076b status=200 elapsed=0.015s body={"error":null,"status":"processing","message":"Generating presentation outlines","created_at":"2026-07-11T19:27:22.828481","updated_at":"2026-07-11T19:27:22.896247","type":"presentation.generate","id":"task-6aa93bf0412c3809b85ce44e6cc5684789840b31e39d576ff49173f39b4f076b","data":{"created_slides":0,"remaining_slides":2}}
[2026-07-11T21:28:23] POLL task=task-6aa93bf0412c3809b85ce44e6cc5684789840b31e39d576ff49173f39b4f076b idx=31 status=processing
[2026-07-11T21:28:25] REQUEST GET /api/v1/ppt/presentation/status/task-6aa93bf0412c3809b85ce44e6cc5684789840b31e39d576ff49173f39b4f076b timeout=15s body=
[2026-07-11T21:28:25] RESPONSE GET /api/v1/ppt/presentation/status/task-6aa93bf0412c3809b85ce44e6cc5684789840b31e39d576ff49173f39b4f076b status=200 elapsed=0.023s body={"error":null,"status":"processing","message":"Generating presentation outlines","created_at":"2026-07-11T19:27:22.828481","updated_at":"2026-07-11T19:27:22.896247","type":"presentation.generate","id":"task-6aa93bf0412c3809b85ce44e6cc5684789840b31e39d576ff49173f39b4f076b","data":{"created_slides":0,"remaining_slides":2}}
[2026-07-11T21:28:25] POLL task=task-6aa93bf0412c3809b85ce44e6cc5684789840b31e39d576ff49173f39b4f076b idx=32 status=processing
[2026-07-11T21:28:27] REQUEST GET /api/v1/ppt/presentation/status/task-6aa93bf0412c3809b85ce44e6cc5684789840b31e39d576ff49173f39b4f076b timeout=15s body=
[2026-07-11T21:28:27] RESPONSE GET /api/v1/ppt/presentation/status/task-6aa93bf0412c3809b85ce44e6cc5684789840b31e39d576ff49173f39b4f076b status=200 elapsed=0.017s body={"error":null,"status":"processing","message":"Generating presentation outlines","created_at":"2026-07-11T19:27:22.828481","updated_at":"2026-07-11T19:27:22.896247","type":"presentation.generate","id":"task-6aa93bf0412c3809b85ce44e6cc5684789840b31e39d576ff49173f39b4f076b","data":{"created_slides":0,"remaining_slides":2}}
[2026-07-11T21:28:27] POLL task=task-6aa93bf0412c3809b85ce44e6cc5684789840b31e39d576ff49173f39b4f076b idx=33 status=processing
[2026-07-11T21:28:29] REQUEST GET /api/v1/ppt/presentation/status/task-6aa93bf0412c3809b85ce44e6cc5684789840b31e39d576ff49173f39b4f076b timeout=15s body=
[2026-07-11T21:28:29] RESPONSE GET /api/v1/ppt/presentation/status/task-6aa93bf0412c3809b85ce44e6cc5684789840b31e39d576ff49173f39b4f076b status=200 elapsed=0.074s body={"error":null,"status":"processing","message":"Generating presentation outlines","created_at":"2026-07-11T19:27:22.828481","updated_at":"2026-07-11T19:27:22.896247","type":"presentation.generate","id":"task-6aa93bf0412c3809b85ce44e6cc5684789840b31e39d576ff49173f39b4f076b","data":{"created_slides":0,"remaining_slides":2}}
[2026-07-11T21:28:29] POLL task=task-6aa93bf0412c3809b85ce44e6cc5684789840b31e39d576ff49173f39b4f076b idx=34 status=processing
[2026-07-11T21:28:31] REQUEST GET /api/v1/ppt/presentation/status/task-6aa93bf0412c3809b85ce44e6cc5684789840b31e39d576ff49173f39b4f076b timeout=15s body=
[2026-07-11T21:28:32] RESPONSE GET /api/v1/ppt/presentation/status/task-6aa93bf0412c3809b85ce44e6cc5684789840b31e39d576ff49173f39b4f076b status=200 elapsed=0.128s body={"error":null,"status":"processing","message":"Selecting layout for each slide","created_at":"2026-07-11T19:27:22.828481","updated_at":"2026-07-11T19:28:30.212738","type":"presentation.generate","id":"task-6aa93bf0412c3809b85ce44e6cc5684789840b31e39d576ff49173f39b4f076b","data":{"created_slides":0,"remaining_slides":2}}
[2026-07-11T21:28:32] POLL task=task-6aa93bf0412c3809b85ce44e6cc5684789840b31e39d576ff49173f39b4f076b idx=35 status=processing
[2026-07-11T21:28:34] REQUEST GET /api/v1/ppt/presentation/status/task-6aa93bf0412c3809b85ce44e6cc5684789840b31e39d576ff49173f39b4f076b timeout=15s body=
[2026-07-11T21:28:34] RESPONSE GET /api/v1/ppt/presentation/status/task-6aa93bf0412c3809b85ce44e6cc5684789840b31e39d576ff49173f39b4f076b status=200 elapsed=0.042s body={"error":null,"status":"processing","message":"Selecting layout for each slide","created_at":"2026-07-11T19:27:22.828481","updated_at":"2026-07-11T19:28:30.212738","type":"presentation.generate","id":"task-6aa93bf0412c3809b85ce44e6cc5684789840b31e39d576ff49173f39b4f076b","data":{"created_slides":0,"remaining_slides":2}}
[2026-07-11T21:28:34] POLL task=task-6aa93bf0412c3809b85ce44e6cc5684789840b31e39d576ff49173f39b4f076b idx=36 status=processing
[2026-07-11T21:28:36] REQUEST GET /api/v1/ppt/presentation/status/task-6aa93bf0412c3809b85ce44e6cc5684789840b31e39d576ff49173f39b4f076b timeout=15s body=
[2026-07-11T21:28:36] RESPONSE GET /api/v1/ppt/presentation/status/task-6aa93bf0412c3809b85ce44e6cc5684789840b31e39d576ff49173f39b4f076b status=200 elapsed=0.021s body={"error":null,"status":"processing","message":"Selecting layout for each slide","created_at":"2026-07-11T19:27:22.828481","updated_at":"2026-07-11T19:28:30.212738","type":"presentation.generate","id":"task-6aa93bf0412c3809b85ce44e6cc5684789840b31e39d576ff49173f39b4f076b","data":{"created_slides":0,"remaining_slides":2}}
[2026-07-11T21:28:36] POLL task=task-6aa93bf0412c3809b85ce44e6cc5684789840b31e39d576ff49173f39b4f076b idx=37 status=processing
[2026-07-11T21:28:38] REQUEST GET /api/v1/ppt/presentation/status/task-6aa93bf0412c3809b85ce44e6cc5684789840b31e39d576ff49173f39b4f076b timeout=15s body=
[2026-07-11T21:28:38] RESPONSE GET /api/v1/ppt/presentation/status/task-6aa93bf0412c3809b85ce44e6cc5684789840b31e39d576ff49173f39b4f076b status=200 elapsed=0.015s body={"error":null,"status":"processing","message":"Selecting layout for each slide","created_at":"2026-07-11T19:27:22.828481","updated_at":"2026-07-11T19:28:30.212738","type":"presentation.generate","id":"task-6aa93bf0412c3809b85ce44e6cc5684789840b31e39d576ff49173f39b4f076b","data":{"created_slides":0,"remaining_slides":2}}
[2026-07-11T21:28:38] POLL task=task-6aa93bf0412c3809b85ce44e6cc5684789840b31e39d576ff49173f39b4f076b idx=38 status=processing
[2026-07-11T21:28:40] REQUEST GET /api/v1/ppt/presentation/status/task-6aa93bf0412c3809b85ce44e6cc5684789840b31e39d576ff49173f39b4f076b timeout=15s body=
[2026-07-11T21:28:40] RESPONSE GET /api/v1/ppt/presentation/status/task-6aa93bf0412c3809b85ce44e6cc5684789840b31e39d576ff49173f39b4f076b status=200 elapsed=0.013s body={"error":null,"status":"processing","message":"Selecting layout for each slide","created_at":"2026-07-11T19:27:22.828481","updated_at":"2026-07-11T19:28:30.212738","type":"presentation.generate","id":"task-6aa93bf0412c3809b85ce44e6cc5684789840b31e39d576ff49173f39b4f076b","data":{"created_slides":0,"remaining_slides":2}}
[2026-07-11T21:28:40] POLL task=task-6aa93bf0412c3809b85ce44e6cc5684789840b31e39d576ff49173f39b4f076b idx=39 status=processing
[2026-07-11T21:28:42] REQUEST GET /api/v1/ppt/presentation/status/task-6aa93bf0412c3809b85ce44e6cc5684789840b31e39d576ff49173f39b4f076b timeout=15s body=
[2026-07-11T21:28:42] RESPONSE GET /api/v1/ppt/presentation/status/task-6aa93bf0412c3809b85ce44e6cc5684789840b31e39d576ff49173f39b4f076b status=200 elapsed=0.018s body={"error":null,"status":"processing","message":"Selecting layout for each slide","created_at":"2026-07-11T19:27:22.828481","updated_at":"2026-07-11T19:28:30.212738","type":"presentation.generate","id":"task-6aa93bf0412c3809b85ce44e6cc5684789840b31e39d576ff49173f39b4f076b","data":{"created_slides":0,"remaining_slides":2}}
[2026-07-11T21:28:42] POLL task=task-6aa93bf0412c3809b85ce44e6cc5684789840b31e39d576ff49173f39b4f076b idx=40 status=processing
[2026-07-11T21:28:44] REQUEST GET /api/v1/ppt/presentation/status/task-6aa93bf0412c3809b85ce44e6cc5684789840b31e39d576ff49173f39b4f076b timeout=15s body=
[2026-07-11T21:28:44] RESPONSE GET /api/v1/ppt/presentation/status/task-6aa93bf0412c3809b85ce44e6cc5684789840b31e39d576ff49173f39b4f076b status=200 elapsed=0.014s body={"error":null,"status":"processing","message":"Selecting layout for each slide","created_at":"2026-07-11T19:27:22.828481","updated_at":"2026-07-11T19:28:30.212738","type":"presentation.generate","id":"task-6aa93bf0412c3809b85ce44e6cc5684789840b31e39d576ff49173f39b4f076b","data":{"created_slides":0,"remaining_slides":2}}
[2026-07-11T21:28:44] POLL task=task-6aa93bf0412c3809b85ce44e6cc5684789840b31e39d576ff49173f39b4f076b idx=41 status=processing
[2026-07-11T21:28:46] REQUEST GET /api/v1/ppt/presentation/status/task-6aa93bf0412c3809b85ce44e6cc5684789840b31e39d576ff49173f39b4f076b timeout=15s body=
[2026-07-11T21:28:46] RESPONSE GET /api/v1/ppt/presentation/status/task-6aa93bf0412c3809b85ce44e6cc5684789840b31e39d576ff49173f39b4f076b status=200 elapsed=0.037s body={"error":null,"status":"processing","message":"Selecting layout for each slide","created_at":"2026-07-11T19:27:22.828481","updated_at":"2026-07-11T19:28:30.212738","type":"presentation.generate","id":"task-6aa93bf0412c3809b85ce44e6cc5684789840b31e39d576ff49173f39b4f076b","data":{"created_slides":0,"remaining_slides":2}}
[2026-07-11T21:28:46] POLL task=task-6aa93bf0412c3809b85ce44e6cc5684789840b31e39d576ff49173f39b4f076b idx=42 status=processing
[2026-07-11T21:28:48] REQUEST GET /api/v1/ppt/presentation/status/task-6aa93bf0412c3809b85ce44e6cc5684789840b31e39d576ff49173f39b4f076b timeout=15s body=
[2026-07-11T21:28:48] RESPONSE GET /api/v1/ppt/presentation/status/task-6aa93bf0412c3809b85ce44e6cc5684789840b31e39d576ff49173f39b4f076b status=200 elapsed=0.016s body={"error":null,"status":"processing","message":"Selecting layout for each slide","created_at":"2026-07-11T19:27:22.828481","updated_at":"2026-07-11T19:28:30.212738","type":"presentation.generate","id":"task-6aa93bf0412c3809b85ce44e6cc5684789840b31e39d576ff49173f39b4f076b","data":{"created_slides":0,"remaining_slides":2}}
[2026-07-11T21:28:48] POLL task=task-6aa93bf0412c3809b85ce44e6cc5684789840b31e39d576ff49173f39b4f076b idx=43 status=processing
[2026-07-11T21:28:50] REQUEST GET /api/v1/ppt/presentation/status/task-6aa93bf0412c3809b85ce44e6cc5684789840b31e39d576ff49173f39b4f076b timeout=15s body=
[2026-07-11T21:28:50] RESPONSE GET /api/v1/ppt/presentation/status/task-6aa93bf0412c3809b85ce44e6cc5684789840b31e39d576ff49173f39b4f076b status=200 elapsed=0.016s body={"error":null,"status":"processing","message":"Selecting layout for each slide","created_at":"2026-07-11T19:27:22.828481","updated_at":"2026-07-11T19:28:30.212738","type":"presentation.generate","id":"task-6aa93bf0412c3809b85ce44e6cc5684789840b31e39d576ff49173f39b4f076b","data":{"created_slides":0,"remaining_slides":2}}
[2026-07-11T21:28:50] POLL task=task-6aa93bf0412c3809b85ce44e6cc5684789840b31e39d576ff49173f39b4f076b idx=44 status=processing
[2026-07-11T21:28:52] REQUEST GET /api/v1/ppt/presentation/status/task-6aa93bf0412c3809b85ce44e6cc5684789840b31e39d576ff49173f39b4f076b timeout=15s body=
[2026-07-11T21:28:52] RESPONSE GET /api/v1/ppt/presentation/status/task-6aa93bf0412c3809b85ce44e6cc5684789840b31e39d576ff49173f39b4f076b status=200 elapsed=0.017s body={"error":null,"status":"processing","message":"Selecting layout for each slide","created_at":"2026-07-11T19:27:22.828481","updated_at":"2026-07-11T19:28:30.212738","type":"presentation.generate","id":"task-6aa93bf0412c3809b85ce44e6cc5684789840b31e39d576ff49173f39b4f076b","data":{"created_slides":0,"remaining_slides":2}}
[2026-07-11T21:28:52] POLL task=task-6aa93bf0412c3809b85ce44e6cc5684789840b31e39d576ff49173f39b4f076b idx=45 status=processing
[2026-07-11T21:28:54] REQUEST GET /api/v1/ppt/presentation/status/task-6aa93bf0412c3809b85ce44e6cc5684789840b31e39d576ff49173f39b4f076b timeout=15s body=
[2026-07-11T21:28:54] RESPONSE GET /api/v1/ppt/presentation/status/task-6aa93bf0412c3809b85ce44e6cc5684789840b31e39d576ff49173f39b4f076b status=200 elapsed=0.018s body={"error":null,"status":"processing","message":"Selecting layout for each slide","created_at":"2026-07-11T19:27:22.828481","updated_at":"2026-07-11T19:28:30.212738","type":"presentation.generate","id":"task-6aa93bf0412c3809b85ce44e6cc5684789840b31e39d576ff49173f39b4f076b","data":{"created_slides":0,"remaining_slides":2}}
[2026-07-11T21:28:54] POLL task=task-6aa93bf0412c3809b85ce44e6cc5684789840b31e39d576ff49173f39b4f076b idx=46 status=processing
[2026-07-11T21:28:56] REQUEST GET /api/v1/ppt/presentation/status/task-6aa93bf0412c3809b85ce44e6cc5684789840b31e39d576ff49173f39b4f076b timeout=15s body=
[2026-07-11T21:28:56] RESPONSE GET /api/v1/ppt/presentation/status/task-6aa93bf0412c3809b85ce44e6cc5684789840b31e39d576ff49173f39b4f076b status=200 elapsed=0.016s body={"error":null,"status":"processing","message":"Selecting layout for each slide","created_at":"2026-07-11T19:27:22.828481","updated_at":"2026-07-11T19:28:30.212738","type":"presentation.generate","id":"task-6aa93bf0412c3809b85ce44e6cc5684789840b31e39d576ff49173f39b4f076b","data":{"created_slides":0,"remaining_slides":2}}
[2026-07-11T21:28:56] POLL task=task-6aa93bf0412c3809b85ce44e6cc5684789840b31e39d576ff49173f39b4f076b idx=47 status=processing
[2026-07-11T21:28:58] REQUEST GET /api/v1/ppt/presentation/status/task-6aa93bf0412c3809b85ce44e6cc5684789840b31e39d576ff49173f39b4f076b timeout=15s body=
[2026-07-11T21:28:58] RESPONSE GET /api/v1/ppt/presentation/status/task-6aa93bf0412c3809b85ce44e6cc5684789840b31e39d576ff49173f39b4f076b status=200 elapsed=0.021s body={"error":null,"status":"processing","message":"Selecting layout for each slide","created_at":"2026-07-11T19:27:22.828481","updated_at":"2026-07-11T19:28:30.212738","type":"presentation.generate","id":"task-6aa93bf0412c3809b85ce44e6cc5684789840b31e39d576ff49173f39b4f076b","data":{"created_slides":0,"remaining_slides":2}}
[2026-07-11T21:28:58] POLL task=task-6aa93bf0412c3809b85ce44e6cc5684789840b31e39d576ff49173f39b4f076b idx=48 status=processing
[2026-07-11T21:29:00] REQUEST GET /api/v1/ppt/presentation/status/task-6aa93bf0412c3809b85ce44e6cc5684789840b31e39d576ff49173f39b4f076b timeout=15s body=
[2026-07-11T21:29:00] RESPONSE GET /api/v1/ppt/presentation/status/task-6aa93bf0412c3809b85ce44e6cc5684789840b31e39d576ff49173f39b4f076b status=200 elapsed=0.017s body={"error":null,"status":"processing","message":"Selecting layout for each slide","created_at":"2026-07-11T19:27:22.828481","updated_at":"2026-07-11T19:28:30.212738","type":"presentation.generate","id":"task-6aa93bf0412c3809b85ce44e6cc5684789840b31e39d576ff49173f39b4f076b","data":{"created_slides":0,"remaining_slides":2}}
[2026-07-11T21:29:00] POLL task=task-6aa93bf0412c3809b85ce44e6cc5684789840b31e39d576ff49173f39b4f076b idx=49 status=processing
[2026-07-11T21:29:02] REQUEST GET /api/v1/ppt/presentation/status/task-6aa93bf0412c3809b85ce44e6cc5684789840b31e39d576ff49173f39b4f076b timeout=15s body=
[2026-07-11T21:29:02] RESPONSE GET /api/v1/ppt/presentation/status/task-6aa93bf0412c3809b85ce44e6cc5684789840b31e39d576ff49173f39b4f076b status=200 elapsed=0.014s body={"error":null,"status":"processing","message":"Selecting layout for each slide","created_at":"2026-07-11T19:27:22.828481","updated_at":"2026-07-11T19:28:30.212738","type":"presentation.generate","id":"task-6aa93bf0412c3809b85ce44e6cc5684789840b31e39d576ff49173f39b4f076b","data":{"created_slides":0,"remaining_slides":2}}
[2026-07-11T21:29:02] POLL task=task-6aa93bf0412c3809b85ce44e6cc5684789840b31e39d576ff49173f39b4f076b idx=50 status=processing
[2026-07-11T21:29:04] REQUEST GET /api/v1/ppt/presentation/status/task-6aa93bf0412c3809b85ce44e6cc5684789840b31e39d576ff49173f39b4f076b timeout=15s body=
[2026-07-11T21:29:04] RESPONSE GET /api/v1/ppt/presentation/status/task-6aa93bf0412c3809b85ce44e6cc5684789840b31e39d576ff49173f39b4f076b status=200 elapsed=0.039s body={"error":null,"status":"processing","message":"Selecting layout for each slide","created_at":"2026-07-11T19:27:22.828481","updated_at":"2026-07-11T19:28:30.212738","type":"presentation.generate","id":"task-6aa93bf0412c3809b85ce44e6cc5684789840b31e39d576ff49173f39b4f076b","data":{"created_slides":0,"remaining_slides":2}}
[2026-07-11T21:29:04] POLL task=task-6aa93bf0412c3809b85ce44e6cc5684789840b31e39d576ff49173f39b4f076b idx=51 status=processing
[2026-07-11T21:29:06] REQUEST GET /api/v1/ppt/presentation/status/task-6aa93bf0412c3809b85ce44e6cc5684789840b31e39d576ff49173f39b4f076b timeout=15s body=
[2026-07-11T21:29:06] RESPONSE GET /api/v1/ppt/presentation/status/task-6aa93bf0412c3809b85ce44e6cc5684789840b31e39d576ff49173f39b4f076b status=200 elapsed=0.017s body={"error":null,"status":"processing","message":"Selecting layout for each slide","created_at":"2026-07-11T19:27:22.828481","updated_at":"2026-07-11T19:28:30.212738","type":"presentation.generate","id":"task-6aa93bf0412c3809b85ce44e6cc5684789840b31e39d576ff49173f39b4f076b","data":{"created_slides":0,"remaining_slides":2}}
[2026-07-11T21:29:06] POLL task=task-6aa93bf0412c3809b85ce44e6cc5684789840b31e39d576ff49173f39b4f076b idx=52 status=processing
[2026-07-11T21:29:08] REQUEST GET /api/v1/ppt/presentation/status/task-6aa93bf0412c3809b85ce44e6cc5684789840b31e39d576ff49173f39b4f076b timeout=15s body=
[2026-07-11T21:29:08] RESPONSE GET /api/v1/ppt/presentation/status/task-6aa93bf0412c3809b85ce44e6cc5684789840b31e39d576ff49173f39b4f076b status=200 elapsed=0.01s body={"error":null,"status":"processing","message":"Selecting layout for each slide","created_at":"2026-07-11T19:27:22.828481","updated_at":"2026-07-11T19:28:30.212738","type":"presentation.generate","id":"task-6aa93bf0412c3809b85ce44e6cc5684789840b31e39d576ff49173f39b4f076b","data":{"created_slides":0,"remaining_slides":2}}
[2026-07-11T21:29:08] POLL task=task-6aa93bf0412c3809b85ce44e6cc5684789840b31e39d576ff49173f39b4f076b idx=53 status=processing
[2026-07-11T21:29:10] REQUEST GET /api/v1/ppt/presentation/status/task-6aa93bf0412c3809b85ce44e6cc5684789840b31e39d576ff49173f39b4f076b timeout=15s body=
[2026-07-11T21:29:10] RESPONSE GET /api/v1/ppt/presentation/status/task-6aa93bf0412c3809b85ce44e6cc5684789840b31e39d576ff49173f39b4f076b status=200 elapsed=0.017s body={"error":null,"status":"processing","message":"Selecting layout for each slide","created_at":"2026-07-11T19:27:22.828481","updated_at":"2026-07-11T19:28:30.212738","type":"presentation.generate","id":"task-6aa93bf0412c3809b85ce44e6cc5684789840b31e39d576ff49173f39b4f076b","data":{"created_slides":0,"remaining_slides":2}}
[2026-07-11T21:29:10] POLL task=task-6aa93bf0412c3809b85ce44e6cc5684789840b31e39d576ff49173f39b4f076b idx=54 status=processing
[2026-07-11T21:29:12] REQUEST GET /api/v1/ppt/presentation/status/task-6aa93bf0412c3809b85ce44e6cc5684789840b31e39d576ff49173f39b4f076b timeout=15s body=
[2026-07-11T21:29:12] RESPONSE GET /api/v1/ppt/presentation/status/task-6aa93bf0412c3809b85ce44e6cc5684789840b31e39d576ff49173f39b4f076b status=200 elapsed=0.016s body={"error":null,"status":"processing","message":"Selecting layout for each slide","created_at":"2026-07-11T19:27:22.828481","updated_at":"2026-07-11T19:28:30.212738","type":"presentation.generate","id":"task-6aa93bf0412c3809b85ce44e6cc5684789840b31e39d576ff49173f39b4f076b","data":{"created_slides":0,"remaining_slides":2}}
[2026-07-11T21:29:12] POLL task=task-6aa93bf0412c3809b85ce44e6cc5684789840b31e39d576ff49173f39b4f076b idx=55 status=processing
[2026-07-11T21:29:14] REQUEST GET /api/v1/ppt/presentation/status/task-6aa93bf0412c3809b85ce44e6cc5684789840b31e39d576ff49173f39b4f076b timeout=15s body=
[2026-07-11T21:29:14] RESPONSE GET /api/v1/ppt/presentation/status/task-6aa93bf0412c3809b85ce44e6cc5684789840b31e39d576ff49173f39b4f076b status=200 elapsed=0.016s body={"error":null,"status":"processing","message":"Selecting layout for each slide","created_at":"2026-07-11T19:27:22.828481","updated_at":"2026-07-11T19:28:30.212738","type":"presentation.generate","id":"task-6aa93bf0412c3809b85ce44e6cc5684789840b31e39d576ff49173f39b4f076b","data":{"created_slides":0,"remaining_slides":2}}
[2026-07-11T21:29:14] POLL task=task-6aa93bf0412c3809b85ce44e6cc5684789840b31e39d576ff49173f39b4f076b idx=56 status=processing
[2026-07-11T21:29:16] REQUEST GET /api/v1/ppt/presentation/status/task-6aa93bf0412c3809b85ce44e6cc5684789840b31e39d576ff49173f39b4f076b timeout=15s body=
[2026-07-11T21:29:16] RESPONSE GET /api/v1/ppt/presentation/status/task-6aa93bf0412c3809b85ce44e6cc5684789840b31e39d576ff49173f39b4f076b status=200 elapsed=0.017s body={"error":null,"status":"processing","message":"Selecting layout for each slide","created_at":"2026-07-11T19:27:22.828481","updated_at":"2026-07-11T19:28:30.212738","type":"presentation.generate","id":"task-6aa93bf0412c3809b85ce44e6cc5684789840b31e39d576ff49173f39b4f076b","data":{"created_slides":0,"remaining_slides":2}}
[2026-07-11T21:29:16] POLL task=task-6aa93bf0412c3809b85ce44e6cc5684789840b31e39d576ff49173f39b4f076b idx=57 status=processing
[2026-07-11T21:29:18] REQUEST GET /api/v1/ppt/presentation/status/task-6aa93bf0412c3809b85ce44e6cc5684789840b31e39d576ff49173f39b4f076b timeout=15s body=
[2026-07-11T21:29:18] RESPONSE GET /api/v1/ppt/presentation/status/task-6aa93bf0412c3809b85ce44e6cc5684789840b31e39d576ff49173f39b4f076b status=200 elapsed=0.01s body={"error":null,"status":"processing","message":"Selecting layout for each slide","created_at":"2026-07-11T19:27:22.828481","updated_at":"2026-07-11T19:28:30.212738","type":"presentation.generate","id":"task-6aa93bf0412c3809b85ce44e6cc5684789840b31e39d576ff49173f39b4f076b","data":{"created_slides":0,"remaining_slides":2}}
[2026-07-11T21:29:18] POLL task=task-6aa93bf0412c3809b85ce44e6cc5684789840b31e39d576ff49173f39b4f076b idx=58 status=processing
[2026-07-11T21:29:20] REQUEST GET /api/v1/ppt/presentation/status/task-6aa93bf0412c3809b85ce44e6cc5684789840b31e39d576ff49173f39b4f076b timeout=15s body=
[2026-07-11T21:29:20] RESPONSE GET /api/v1/ppt/presentation/status/task-6aa93bf0412c3809b85ce44e6cc5684789840b31e39d576ff49173f39b4f076b status=200 elapsed=0.016s body={"error":null,"status":"processing","message":"Selecting layout for each slide","created_at":"2026-07-11T19:27:22.828481","updated_at":"2026-07-11T19:28:30.212738","type":"presentation.generate","id":"task-6aa93bf0412c3809b85ce44e6cc5684789840b31e39d576ff49173f39b4f076b","data":{"created_slides":0,"remaining_slides":2}}
[2026-07-11T21:29:20] POLL task=task-6aa93bf0412c3809b85ce44e6cc5684789840b31e39d576ff49173f39b4f076b idx=59 status=processing
[2026-07-11T21:29:22] REQUEST GET /api/v1/ppt/presentation/status/task-6aa93bf0412c3809b85ce44e6cc5684789840b31e39d576ff49173f39b4f076b timeout=15s body=
[2026-07-11T21:29:22] RESPONSE GET /api/v1/ppt/presentation/status/task-6aa93bf0412c3809b85ce44e6cc5684789840b31e39d576ff49173f39b4f076b status=200 elapsed=0.017s body={"error":null,"status":"processing","message":"Selecting layout for each slide","created_at":"2026-07-11T19:27:22.828481","updated_at":"2026-07-11T19:28:30.212738","type":"presentation.generate","id":"task-6aa93bf0412c3809b85ce44e6cc5684789840b31e39d576ff49173f39b4f076b","data":{"created_slides":0,"remaining_slides":2}}
[2026-07-11T21:29:22] POLL task=task-6aa93bf0412c3809b85ce44e6cc5684789840b31e39d576ff49173f39b4f076b idx=60 status=processing
[2026-07-11T21:29:24] REQUEST GET /api/v1/ppt/presentation/status/task-6aa93bf0412c3809b85ce44e6cc5684789840b31e39d576ff49173f39b4f076b timeout=15s body=
[2026-07-11T21:29:24] RESPONSE GET /api/v1/ppt/presentation/status/task-6aa93bf0412c3809b85ce44e6cc5684789840b31e39d576ff49173f39b4f076b status=200 elapsed=0.017s body={"error":null,"status":"processing","message":"Selecting layout for each slide","created_at":"2026-07-11T19:27:22.828481","updated_at":"2026-07-11T19:28:30.212738","type":"presentation.generate","id":"task-6aa93bf0412c3809b85ce44e6cc5684789840b31e39d576ff49173f39b4f076b","data":{"created_slides":0,"remaining_slides":2}}
[2026-07-11T21:29:24] POLL task=task-6aa93bf0412c3809b85ce44e6cc5684789840b31e39d576ff49173f39b4f076b idx=61 status=processing
[2026-07-11T21:29:26] REQUEST GET /api/v1/ppt/presentation/status/task-6aa93bf0412c3809b85ce44e6cc5684789840b31e39d576ff49173f39b4f076b timeout=15s body=
[2026-07-11T21:29:26] RESPONSE GET /api/v1/ppt/presentation/status/task-6aa93bf0412c3809b85ce44e6cc5684789840b31e39d576ff49173f39b4f076b status=200 elapsed=0.014s body={"error":null,"status":"processing","message":"Selecting layout for each slide","created_at":"2026-07-11T19:27:22.828481","updated_at":"2026-07-11T19:28:30.212738","type":"presentation.generate","id":"task-6aa93bf0412c3809b85ce44e6cc5684789840b31e39d576ff49173f39b4f076b","data":{"created_slides":0,"remaining_slides":2}}
[2026-07-11T21:29:26] POLL task=task-6aa93bf0412c3809b85ce44e6cc5684789840b31e39d576ff49173f39b4f076b idx=62 status=processing
[2026-07-11T21:29:28] REQUEST GET /api/v1/ppt/presentation/status/task-6aa93bf0412c3809b85ce44e6cc5684789840b31e39d576ff49173f39b4f076b timeout=15s body=
[2026-07-11T21:29:28] RESPONSE GET /api/v1/ppt/presentation/status/task-6aa93bf0412c3809b85ce44e6cc5684789840b31e39d576ff49173f39b4f076b status=200 elapsed=0.026s body={"error":null,"status":"processing","message":"Selecting layout for each slide","created_at":"2026-07-11T19:27:22.828481","updated_at":"2026-07-11T19:28:30.212738","type":"presentation.generate","id":"task-6aa93bf0412c3809b85ce44e6cc5684789840b31e39d576ff49173f39b4f076b","data":{"created_slides":0,"remaining_slides":2}}
[2026-07-11T21:29:28] POLL task=task-6aa93bf0412c3809b85ce44e6cc5684789840b31e39d576ff49173f39b4f076b idx=63 status=processing
[2026-07-11T21:29:30] REQUEST GET /api/v1/ppt/presentation/status/task-6aa93bf0412c3809b85ce44e6cc5684789840b31e39d576ff49173f39b4f076b timeout=15s body=
[2026-07-11T21:29:30] RESPONSE GET /api/v1/ppt/presentation/status/task-6aa93bf0412c3809b85ce44e6cc5684789840b31e39d576ff49173f39b4f076b status=200 elapsed=0.015s body={"error":null,"status":"processing","message":"Selecting layout for each slide","created_at":"2026-07-11T19:27:22.828481","updated_at":"2026-07-11T19:28:30.212738","type":"presentation.generate","id":"task-6aa93bf0412c3809b85ce44e6cc5684789840b31e39d576ff49173f39b4f076b","data":{"created_slides":0,"remaining_slides":2}}
[2026-07-11T21:29:30] POLL task=task-6aa93bf0412c3809b85ce44e6cc5684789840b31e39d576ff49173f39b4f076b idx=64 status=processing
[2026-07-11T21:29:32] REQUEST GET /api/v1/ppt/presentation/status/task-6aa93bf0412c3809b85ce44e6cc5684789840b31e39d576ff49173f39b4f076b timeout=15s body=
[2026-07-11T21:29:32] RESPONSE GET /api/v1/ppt/presentation/status/task-6aa93bf0412c3809b85ce44e6cc5684789840b31e39d576ff49173f39b4f076b status=200 elapsed=0.017s body={"error":null,"status":"processing","message":"Selecting layout for each slide","created_at":"2026-07-11T19:27:22.828481","updated_at":"2026-07-11T19:28:30.212738","type":"presentation.generate","id":"task-6aa93bf0412c3809b85ce44e6cc5684789840b31e39d576ff49173f39b4f076b","data":{"created_slides":0,"remaining_slides":2}}
[2026-07-11T21:29:32] POLL task=task-6aa93bf0412c3809b85ce44e6cc5684789840b31e39d576ff49173f39b4f076b idx=65 status=processing
[2026-07-11T21:29:34] REQUEST GET /api/v1/ppt/presentation/status/task-6aa93bf0412c3809b85ce44e6cc5684789840b31e39d576ff49173f39b4f076b timeout=15s body=
[2026-07-11T21:29:34] RESPONSE GET /api/v1/ppt/presentation/status/task-6aa93bf0412c3809b85ce44e6cc5684789840b31e39d576ff49173f39b4f076b status=200 elapsed=0.016s body={"error":null,"status":"processing","message":"Selecting layout for each slide","created_at":"2026-07-11T19:27:22.828481","updated_at":"2026-07-11T19:28:30.212738","type":"presentation.generate","id":"task-6aa93bf0412c3809b85ce44e6cc5684789840b31e39d576ff49173f39b4f076b","data":{"created_slides":0,"remaining_slides":2}}
[2026-07-11T21:29:34] POLL task=task-6aa93bf0412c3809b85ce44e6cc5684789840b31e39d576ff49173f39b4f076b idx=66 status=processing
[2026-07-11T21:29:36] REQUEST GET /api/v1/ppt/presentation/status/task-6aa93bf0412c3809b85ce44e6cc5684789840b31e39d576ff49173f39b4f076b timeout=15s body=
[2026-07-11T21:29:36] RESPONSE GET /api/v1/ppt/presentation/status/task-6aa93bf0412c3809b85ce44e6cc5684789840b31e39d576ff49173f39b4f076b status=200 elapsed=0.019s body={"error":null,"status":"processing","message":"Selecting layout for each slide","created_at":"2026-07-11T19:27:22.828481","updated_at":"2026-07-11T19:28:30.212738","type":"presentation.generate","id":"task-6aa93bf0412c3809b85ce44e6cc5684789840b31e39d576ff49173f39b4f076b","data":{"created_slides":0,"remaining_slides":2}}
[2026-07-11T21:29:36] POLL task=task-6aa93bf0412c3809b85ce44e6cc5684789840b31e39d576ff49173f39b4f076b idx=67 status=processing
[2026-07-11T21:29:38] REQUEST GET /api/v1/ppt/presentation/status/task-6aa93bf0412c3809b85ce44e6cc5684789840b31e39d576ff49173f39b4f076b timeout=15s body=
[2026-07-11T21:29:38] RESPONSE GET /api/v1/ppt/presentation/status/task-6aa93bf0412c3809b85ce44e6cc5684789840b31e39d576ff49173f39b4f076b status=200 elapsed=0.034s body={"error":null,"status":"processing","message":"Selecting layout for each slide","created_at":"2026-07-11T19:27:22.828481","updated_at":"2026-07-11T19:28:30.212738","type":"presentation.generate","id":"task-6aa93bf0412c3809b85ce44e6cc5684789840b31e39d576ff49173f39b4f076b","data":{"created_slides":0,"remaining_slides":2}}
[2026-07-11T21:29:38] POLL task=task-6aa93bf0412c3809b85ce44e6cc5684789840b31e39d576ff49173f39b4f076b idx=68 status=processing
[2026-07-11T21:29:40] REQUEST GET /api/v1/ppt/presentation/status/task-6aa93bf0412c3809b85ce44e6cc5684789840b31e39d576ff49173f39b4f076b timeout=15s body=
[2026-07-11T21:29:40] RESPONSE GET /api/v1/ppt/presentation/status/task-6aa93bf0412c3809b85ce44e6cc5684789840b31e39d576ff49173f39b4f076b status=200 elapsed=0.017s body={"error":null,"status":"processing","message":"Selecting layout for each slide","created_at":"2026-07-11T19:27:22.828481","updated_at":"2026-07-11T19:28:30.212738","type":"presentation.generate","id":"task-6aa93bf0412c3809b85ce44e6cc5684789840b31e39d576ff49173f39b4f076b","data":{"created_slides":0,"remaining_slides":2}}
[2026-07-11T21:29:40] POLL task=task-6aa93bf0412c3809b85ce44e6cc5684789840b31e39d576ff49173f39b4f076b idx=69 status=processing
[2026-07-11T21:29:42] REQUEST GET /api/v1/ppt/presentation/status/task-6aa93bf0412c3809b85ce44e6cc5684789840b31e39d576ff49173f39b4f076b timeout=15s body=
[2026-07-11T21:29:42] RESPONSE GET /api/v1/ppt/presentation/status/task-6aa93bf0412c3809b85ce44e6cc5684789840b31e39d576ff49173f39b4f076b status=200 elapsed=0.016s body={"error":null,"status":"processing","message":"Selecting layout for each slide","created_at":"2026-07-11T19:27:22.828481","updated_at":"2026-07-11T19:28:30.212738","type":"presentation.generate","id":"task-6aa93bf0412c3809b85ce44e6cc5684789840b31e39d576ff49173f39b4f076b","data":{"created_slides":0,"remaining_slides":2}}
[2026-07-11T21:29:42] POLL task=task-6aa93bf0412c3809b85ce44e6cc5684789840b31e39d576ff49173f39b4f076b idx=70 status=processing
[2026-07-11T21:29:44] REQUEST GET /api/v1/ppt/presentation/status/task-6aa93bf0412c3809b85ce44e6cc5684789840b31e39d576ff49173f39b4f076b timeout=15s body=
[2026-07-11T21:29:44] RESPONSE GET /api/v1/ppt/presentation/status/task-6aa93bf0412c3809b85ce44e6cc5684789840b31e39d576ff49173f39b4f076b status=200 elapsed=0.03s body={"error":null,"status":"processing","message":"Selecting layout for each slide","created_at":"2026-07-11T19:27:22.828481","updated_at":"2026-07-11T19:28:30.212738","type":"presentation.generate","id":"task-6aa93bf0412c3809b85ce44e6cc5684789840b31e39d576ff49173f39b4f076b","data":{"created_slides":0,"remaining_slides":2}}
[2026-07-11T21:29:44] POLL task=task-6aa93bf0412c3809b85ce44e6cc5684789840b31e39d576ff49173f39b4f076b idx=71 status=processing
[2026-07-11T21:29:46] REQUEST GET /api/v1/ppt/presentation/status/task-6aa93bf0412c3809b85ce44e6cc5684789840b31e39d576ff49173f39b4f076b timeout=15s body=
[2026-07-11T21:29:46] RESPONSE GET /api/v1/ppt/presentation/status/task-6aa93bf0412c3809b85ce44e6cc5684789840b31e39d576ff49173f39b4f076b status=200 elapsed=0.016s body={"error":null,"status":"processing","message":"Selecting layout for each slide","created_at":"2026-07-11T19:27:22.828481","updated_at":"2026-07-11T19:28:30.212738","type":"presentation.generate","id":"task-6aa93bf0412c3809b85ce44e6cc5684789840b31e39d576ff49173f39b4f076b","data":{"created_slides":0,"remaining_slides":2}}
[2026-07-11T21:29:46] POLL task=task-6aa93bf0412c3809b85ce44e6cc5684789840b31e39d576ff49173f39b4f076b idx=72 status=processing
[2026-07-11T21:29:48] REQUEST GET /api/v1/ppt/presentation/status/task-6aa93bf0412c3809b85ce44e6cc5684789840b31e39d576ff49173f39b4f076b timeout=15s body=
[2026-07-11T21:29:48] RESPONSE GET /api/v1/ppt/presentation/status/task-6aa93bf0412c3809b85ce44e6cc5684789840b31e39d576ff49173f39b4f076b status=200 elapsed=0.015s body={"error":null,"status":"processing","message":"Selecting layout for each slide","created_at":"2026-07-11T19:27:22.828481","updated_at":"2026-07-11T19:28:30.212738","type":"presentation.generate","id":"task-6aa93bf0412c3809b85ce44e6cc5684789840b31e39d576ff49173f39b4f076b","data":{"created_slides":0,"remaining_slides":2}}
[2026-07-11T21:29:48] POLL task=task-6aa93bf0412c3809b85ce44e6cc5684789840b31e39d576ff49173f39b4f076b idx=73 status=processing
[2026-07-11T21:29:50] REQUEST GET /api/v1/ppt/presentation/status/task-6aa93bf0412c3809b85ce44e6cc5684789840b31e39d576ff49173f39b4f076b timeout=15s body=
[2026-07-11T21:29:51] RESPONSE GET /api/v1/ppt/presentation/status/task-6aa93bf0412c3809b85ce44e6cc5684789840b31e39d576ff49173f39b4f076b status=200 elapsed=0.016s body={"error":null,"status":"processing","message":"Selecting layout for each slide","created_at":"2026-07-11T19:27:22.828481","updated_at":"2026-07-11T19:28:30.212738","type":"presentation.generate","id":"task-6aa93bf0412c3809b85ce44e6cc5684789840b31e39d576ff49173f39b4f076b","data":{"created_slides":0,"remaining_slides":2}}
[2026-07-11T21:29:51] POLL task=task-6aa93bf0412c3809b85ce44e6cc5684789840b31e39d576ff49173f39b4f076b idx=74 status=processing
[2026-07-11T21:29:53] REQUEST GET /api/v1/ppt/presentation/status/task-6aa93bf0412c3809b85ce44e6cc5684789840b31e39d576ff49173f39b4f076b timeout=15s body=
[2026-07-11T21:29:53] RESPONSE GET /api/v1/ppt/presentation/status/task-6aa93bf0412c3809b85ce44e6cc5684789840b31e39d576ff49173f39b4f076b status=200 elapsed=0.023s body={"error":null,"status":"processing","message":"Selecting layout for each slide","created_at":"2026-07-11T19:27:22.828481","updated_at":"2026-07-11T19:28:30.212738","type":"presentation.generate","id":"task-6aa93bf0412c3809b85ce44e6cc5684789840b31e39d576ff49173f39b4f076b","data":{"created_slides":0,"remaining_slides":2}}
[2026-07-11T21:29:53] POLL task=task-6aa93bf0412c3809b85ce44e6cc5684789840b31e39d576ff49173f39b4f076b idx=75 status=processing
[2026-07-11T21:29:55] REQUEST GET /api/v1/ppt/presentation/status/task-6aa93bf0412c3809b85ce44e6cc5684789840b31e39d576ff49173f39b4f076b timeout=15s body=
[2026-07-11T21:29:55] RESPONSE GET /api/v1/ppt/presentation/status/task-6aa93bf0412c3809b85ce44e6cc5684789840b31e39d576ff49173f39b4f076b status=200 elapsed=0.023s body={"error":null,"status":"processing","message":"Selecting layout for each slide","created_at":"2026-07-11T19:27:22.828481","updated_at":"2026-07-11T19:28:30.212738","type":"presentation.generate","id":"task-6aa93bf0412c3809b85ce44e6cc5684789840b31e39d576ff49173f39b4f076b","data":{"created_slides":0,"remaining_slides":2}}
[2026-07-11T21:29:55] POLL task=task-6aa93bf0412c3809b85ce44e6cc5684789840b31e39d576ff49173f39b4f076b idx=76 status=processing
[2026-07-11T21:29:57] REQUEST GET /api/v1/ppt/presentation/status/task-6aa93bf0412c3809b85ce44e6cc5684789840b31e39d576ff49173f39b4f076b timeout=15s body=
[2026-07-11T21:29:57] RESPONSE GET /api/v1/ppt/presentation/status/task-6aa93bf0412c3809b85ce44e6cc5684789840b31e39d576ff49173f39b4f076b status=200 elapsed=0.015s body={"error":null,"status":"processing","message":"Selecting layout for each slide","created_at":"2026-07-11T19:27:22.828481","updated_at":"2026-07-11T19:28:30.212738","type":"presentation.generate","id":"task-6aa93bf0412c3809b85ce44e6cc5684789840b31e39d576ff49173f39b4f076b","data":{"created_slides":0,"remaining_slides":2}}
[2026-07-11T21:29:57] POLL task=task-6aa93bf0412c3809b85ce44e6cc5684789840b31e39d576ff49173f39b4f076b idx=77 status=processing
[2026-07-11T21:29:59] REQUEST GET /api/v1/ppt/presentation/status/task-6aa93bf0412c3809b85ce44e6cc5684789840b31e39d576ff49173f39b4f076b timeout=15s body=
[2026-07-11T21:29:59] RESPONSE GET /api/v1/ppt/presentation/status/task-6aa93bf0412c3809b85ce44e6cc5684789840b31e39d576ff49173f39b4f076b status=200 elapsed=0.036s body={"error":null,"status":"processing","message":"Selecting layout for each slide","created_at":"2026-07-11T19:27:22.828481","updated_at":"2026-07-11T19:28:30.212738","type":"presentation.generate","id":"task-6aa93bf0412c3809b85ce44e6cc5684789840b31e39d576ff49173f39b4f076b","data":{"created_slides":0,"remaining_slides":2}}
[2026-07-11T21:29:59] POLL task=task-6aa93bf0412c3809b85ce44e6cc5684789840b31e39d576ff49173f39b4f076b idx=78 status=processing
[2026-07-11T21:30:01] REQUEST GET /api/v1/ppt/presentation/status/task-6aa93bf0412c3809b85ce44e6cc5684789840b31e39d576ff49173f39b4f076b timeout=15s body=
[2026-07-11T21:30:01] RESPONSE GET /api/v1/ppt/presentation/status/task-6aa93bf0412c3809b85ce44e6cc5684789840b31e39d576ff49173f39b4f076b status=200 elapsed=0.017s body={"error":null,"status":"processing","message":"Selecting layout for each slide","created_at":"2026-07-11T19:27:22.828481","updated_at":"2026-07-11T19:28:30.212738","type":"presentation.generate","id":"task-6aa93bf0412c3809b85ce44e6cc5684789840b31e39d576ff49173f39b4f076b","data":{"created_slides":0,"remaining_slides":2}}
[2026-07-11T21:30:01] POLL task=task-6aa93bf0412c3809b85ce44e6cc5684789840b31e39d576ff49173f39b4f076b idx=79 status=processing
[2026-07-11T21:30:03] REQUEST GET /api/v1/ppt/presentation/status/task-6aa93bf0412c3809b85ce44e6cc5684789840b31e39d576ff49173f39b4f076b timeout=15s body=
[2026-07-11T21:30:03] RESPONSE GET /api/v1/ppt/presentation/status/task-6aa93bf0412c3809b85ce44e6cc5684789840b31e39d576ff49173f39b4f076b status=200 elapsed=0.017s body={"error":null,"status":"processing","message":"Selecting layout for each slide","created_at":"2026-07-11T19:27:22.828481","updated_at":"2026-07-11T19:28:30.212738","type":"presentation.generate","id":"task-6aa93bf0412c3809b85ce44e6cc5684789840b31e39d576ff49173f39b4f076b","data":{"created_slides":0,"remaining_slides":2}}
[2026-07-11T21:30:03] POLL task=task-6aa93bf0412c3809b85ce44e6cc5684789840b31e39d576ff49173f39b4f076b idx=80 status=processing
[2026-07-11T21:30:05] REQUEST GET /api/v1/ppt/presentation/status/task-6aa93bf0412c3809b85ce44e6cc5684789840b31e39d576ff49173f39b4f076b timeout=15s body=
[2026-07-11T21:30:05] RESPONSE GET /api/v1/ppt/presentation/status/task-6aa93bf0412c3809b85ce44e6cc5684789840b31e39d576ff49173f39b4f076b status=200 elapsed=0.017s body={"error":null,"status":"processing","message":"Selecting layout for each slide","created_at":"2026-07-11T19:27:22.828481","updated_at":"2026-07-11T19:28:30.212738","type":"presentation.generate","id":"task-6aa93bf0412c3809b85ce44e6cc5684789840b31e39d576ff49173f39b4f076b","data":{"created_slides":0,"remaining_slides":2}}
[2026-07-11T21:30:05] POLL task=task-6aa93bf0412c3809b85ce44e6cc5684789840b31e39d576ff49173f39b4f076b idx=81 status=processing
[2026-07-11T21:30:07] REQUEST GET /api/v1/ppt/presentation/status/task-6aa93bf0412c3809b85ce44e6cc5684789840b31e39d576ff49173f39b4f076b timeout=15s body=
[2026-07-11T21:30:07] RESPONSE GET /api/v1/ppt/presentation/status/task-6aa93bf0412c3809b85ce44e6cc5684789840b31e39d576ff49173f39b4f076b status=200 elapsed=0.018s body={"error":null,"status":"processing","message":"Selecting layout for each slide","created_at":"2026-07-11T19:27:22.828481","updated_at":"2026-07-11T19:28:30.212738","type":"presentation.generate","id":"task-6aa93bf0412c3809b85ce44e6cc5684789840b31e39d576ff49173f39b4f076b","data":{"created_slides":0,"remaining_slides":2}}
[2026-07-11T21:30:07] POLL task=task-6aa93bf0412c3809b85ce44e6cc5684789840b31e39d576ff49173f39b4f076b idx=82 status=processing
[2026-07-11T21:30:09] REQUEST GET /api/v1/ppt/presentation/status/task-6aa93bf0412c3809b85ce44e6cc5684789840b31e39d576ff49173f39b4f076b timeout=15s body=
[2026-07-11T21:30:09] RESPONSE GET /api/v1/ppt/presentation/status/task-6aa93bf0412c3809b85ce44e6cc5684789840b31e39d576ff49173f39b4f076b status=200 elapsed=0.016s body={"error":null,"status":"processing","message":"Selecting layout for each slide","created_at":"2026-07-11T19:27:22.828481","updated_at":"2026-07-11T19:28:30.212738","type":"presentation.generate","id":"task-6aa93bf0412c3809b85ce44e6cc5684789840b31e39d576ff49173f39b4f076b","data":{"created_slides":0,"remaining_slides":2}}
[2026-07-11T21:30:09] POLL task=task-6aa93bf0412c3809b85ce44e6cc5684789840b31e39d576ff49173f39b4f076b idx=83 status=processing
[2026-07-11T21:30:11] REQUEST GET /api/v1/ppt/presentation/status/task-6aa93bf0412c3809b85ce44e6cc5684789840b31e39d576ff49173f39b4f076b timeout=15s body=
[2026-07-11T21:30:11] RESPONSE GET /api/v1/ppt/presentation/status/task-6aa93bf0412c3809b85ce44e6cc5684789840b31e39d576ff49173f39b4f076b status=200 elapsed=0.028s body={"error":null,"status":"processing","message":"Selecting layout for each slide","created_at":"2026-07-11T19:27:22.828481","updated_at":"2026-07-11T19:28:30.212738","type":"presentation.generate","id":"task-6aa93bf0412c3809b85ce44e6cc5684789840b31e39d576ff49173f39b4f076b","data":{"created_slides":0,"remaining_slides":2}}
[2026-07-11T21:30:11] POLL task=task-6aa93bf0412c3809b85ce44e6cc5684789840b31e39d576ff49173f39b4f076b idx=84 status=processing
[2026-07-11T21:30:13] REQUEST GET /api/v1/ppt/presentation/status/task-6aa93bf0412c3809b85ce44e6cc5684789840b31e39d576ff49173f39b4f076b timeout=15s body=
[2026-07-11T21:30:13] RESPONSE GET /api/v1/ppt/presentation/status/task-6aa93bf0412c3809b85ce44e6cc5684789840b31e39d576ff49173f39b4f076b status=200 elapsed=0.024s body={"error":null,"status":"processing","message":"Selecting layout for each slide","created_at":"2026-07-11T19:27:22.828481","updated_at":"2026-07-11T19:28:30.212738","type":"presentation.generate","id":"task-6aa93bf0412c3809b85ce44e6cc5684789840b31e39d576ff49173f39b4f076b","data":{"created_slides":0,"remaining_slides":2}}
[2026-07-11T21:30:13] POLL task=task-6aa93bf0412c3809b85ce44e6cc5684789840b31e39d576ff49173f39b4f076b idx=85 status=processing
[2026-07-11T21:30:15] REQUEST GET /api/v1/ppt/presentation/status/task-6aa93bf0412c3809b85ce44e6cc5684789840b31e39d576ff49173f39b4f076b timeout=15s body=
[2026-07-11T21:30:15] RESPONSE GET /api/v1/ppt/presentation/status/task-6aa93bf0412c3809b85ce44e6cc5684789840b31e39d576ff49173f39b4f076b status=200 elapsed=0.015s body={"error":null,"status":"processing","message":"Selecting layout for each slide","created_at":"2026-07-11T19:27:22.828481","updated_at":"2026-07-11T19:28:30.212738","type":"presentation.generate","id":"task-6aa93bf0412c3809b85ce44e6cc5684789840b31e39d576ff49173f39b4f076b","data":{"created_slides":0,"remaining_slides":2}}
[2026-07-11T21:30:15] POLL task=task-6aa93bf0412c3809b85ce44e6cc5684789840b31e39d576ff49173f39b4f076b idx=86 status=processing
[2026-07-11T21:30:17] REQUEST GET /api/v1/ppt/presentation/status/task-6aa93bf0412c3809b85ce44e6cc5684789840b31e39d576ff49173f39b4f076b timeout=15s body=
[2026-07-11T21:30:17] RESPONSE GET /api/v1/ppt/presentation/status/task-6aa93bf0412c3809b85ce44e6cc5684789840b31e39d576ff49173f39b4f076b status=200 elapsed=0.028s body={"error":null,"status":"processing","message":"Selecting layout for each slide","created_at":"2026-07-11T19:27:22.828481","updated_at":"2026-07-11T19:28:30.212738","type":"presentation.generate","id":"task-6aa93bf0412c3809b85ce44e6cc5684789840b31e39d576ff49173f39b4f076b","data":{"created_slides":0,"remaining_slides":2}}
[2026-07-11T21:30:17] POLL task=task-6aa93bf0412c3809b85ce44e6cc5684789840b31e39d576ff49173f39b4f076b idx=87 status=processing
[2026-07-11T21:30:19] REQUEST GET /api/v1/ppt/presentation/status/task-6aa93bf0412c3809b85ce44e6cc5684789840b31e39d576ff49173f39b4f076b timeout=15s body=
[2026-07-11T21:30:19] RESPONSE GET /api/v1/ppt/presentation/status/task-6aa93bf0412c3809b85ce44e6cc5684789840b31e39d576ff49173f39b4f076b status=200 elapsed=0.019s body={"error":null,"status":"processing","message":"Selecting layout for each slide","created_at":"2026-07-11T19:27:22.828481","updated_at":"2026-07-11T19:28:30.212738","type":"presentation.generate","id":"task-6aa93bf0412c3809b85ce44e6cc5684789840b31e39d576ff49173f39b4f076b","data":{"created_slides":0,"remaining_slides":2}}
[2026-07-11T21:30:19] POLL task=task-6aa93bf0412c3809b85ce44e6cc5684789840b31e39d576ff49173f39b4f076b idx=88 status=processing
[2026-07-11T21:30:21] REQUEST GET /api/v1/ppt/presentation/status/task-6aa93bf0412c3809b85ce44e6cc5684789840b31e39d576ff49173f39b4f076b timeout=15s body=
[2026-07-11T21:30:21] RESPONSE GET /api/v1/ppt/presentation/status/task-6aa93bf0412c3809b85ce44e6cc5684789840b31e39d576ff49173f39b4f076b status=200 elapsed=0.015s body={"error":null,"status":"processing","message":"Selecting layout for each slide","created_at":"2026-07-11T19:27:22.828481","updated_at":"2026-07-11T19:28:30.212738","type":"presentation.generate","id":"task-6aa93bf0412c3809b85ce44e6cc5684789840b31e39d576ff49173f39b4f076b","data":{"created_slides":0,"remaining_slides":2}}
[2026-07-11T21:30:21] POLL task=task-6aa93bf0412c3809b85ce44e6cc5684789840b31e39d576ff49173f39b4f076b idx=89 status=processing
[2026-07-11T21:30:23] REQUEST GET /api/v1/ppt/presentation/status/task-6aa93bf0412c3809b85ce44e6cc5684789840b31e39d576ff49173f39b4f076b timeout=15s body=
[2026-07-11T21:30:23] RESPONSE GET /api/v1/ppt/presentation/status/task-6aa93bf0412c3809b85ce44e6cc5684789840b31e39d576ff49173f39b4f076b status=200 elapsed=0.082s body={"error":null,"status":"processing","message":"Generating slides","created_at":"2026-07-11T19:27:22.828481","updated_at":"2026-07-11T19:30:22.401925","type":"presentation.generate","id":"task-6aa93bf0412c3809b85ce44e6cc5684789840b31e39d576ff49173f39b4f076b","data":{"created_slides":0,"remaining_slides":2}}
[2026-07-11T21:30:23] POLL task=task-6aa93bf0412c3809b85ce44e6cc5684789840b31e39d576ff49173f39b4f076b idx=90 status=processing
[2026-07-11T21:30:25] REQUEST GET /api/v1/ppt/presentation/status/task-6aa93bf0412c3809b85ce44e6cc5684789840b31e39d576ff49173f39b4f076b timeout=15s body=
[2026-07-11T21:30:25] RESPONSE GET /api/v1/ppt/presentation/status/task-6aa93bf0412c3809b85ce44e6cc5684789840b31e39d576ff49173f39b4f076b status=200 elapsed=0.054s body={"error":null,"status":"processing","message":"Generating slides","created_at":"2026-07-11T19:27:22.828481","updated_at":"2026-07-11T19:30:22.401925","type":"presentation.generate","id":"task-6aa93bf0412c3809b85ce44e6cc5684789840b31e39d576ff49173f39b4f076b","data":{"created_slides":0,"remaining_slides":2}}
[2026-07-11T21:30:25] POLL task=task-6aa93bf0412c3809b85ce44e6cc5684789840b31e39d576ff49173f39b4f076b idx=91 status=processing
[2026-07-11T21:30:27] REQUEST GET /api/v1/ppt/presentation/status/task-6aa93bf0412c3809b85ce44e6cc5684789840b31e39d576ff49173f39b4f076b timeout=15s body=
[2026-07-11T21:30:27] RESPONSE GET /api/v1/ppt/presentation/status/task-6aa93bf0412c3809b85ce44e6cc5684789840b31e39d576ff49173f39b4f076b status=200 elapsed=0.02s body={"error":null,"status":"processing","message":"Generating slides","created_at":"2026-07-11T19:27:22.828481","updated_at":"2026-07-11T19:30:22.401925","type":"presentation.generate","id":"task-6aa93bf0412c3809b85ce44e6cc5684789840b31e39d576ff49173f39b4f076b","data":{"created_slides":0,"remaining_slides":2}}
[2026-07-11T21:30:27] POLL task=task-6aa93bf0412c3809b85ce44e6cc5684789840b31e39d576ff49173f39b4f076b idx=92 status=processing
[2026-07-11T21:30:29] REQUEST GET /api/v1/ppt/presentation/status/task-6aa93bf0412c3809b85ce44e6cc5684789840b31e39d576ff49173f39b4f076b timeout=15s body=
[2026-07-11T21:30:29] RESPONSE GET /api/v1/ppt/presentation/status/task-6aa93bf0412c3809b85ce44e6cc5684789840b31e39d576ff49173f39b4f076b status=200 elapsed=0.029s body={"error":null,"status":"processing","message":"Generating slides","created_at":"2026-07-11T19:27:22.828481","updated_at":"2026-07-11T19:30:22.401925","type":"presentation.generate","id":"task-6aa93bf0412c3809b85ce44e6cc5684789840b31e39d576ff49173f39b4f076b","data":{"created_slides":0,"remaining_slides":2}}
[2026-07-11T21:30:29] POLL task=task-6aa93bf0412c3809b85ce44e6cc5684789840b31e39d576ff49173f39b4f076b idx=93 status=processing
[2026-07-11T21:30:31] REQUEST GET /api/v1/ppt/presentation/status/task-6aa93bf0412c3809b85ce44e6cc5684789840b31e39d576ff49173f39b4f076b timeout=15s body=
[2026-07-11T21:30:31] RESPONSE GET /api/v1/ppt/presentation/status/task-6aa93bf0412c3809b85ce44e6cc5684789840b31e39d576ff49173f39b4f076b status=200 elapsed=0.03s body={"error":null,"status":"processing","message":"Generating slides","created_at":"2026-07-11T19:27:22.828481","updated_at":"2026-07-11T19:30:22.401925","type":"presentation.generate","id":"task-6aa93bf0412c3809b85ce44e6cc5684789840b31e39d576ff49173f39b4f076b","data":{"created_slides":0,"remaining_slides":2}}
[2026-07-11T21:30:31] POLL task=task-6aa93bf0412c3809b85ce44e6cc5684789840b31e39d576ff49173f39b4f076b idx=94 status=processing
[2026-07-11T21:30:33] REQUEST GET /api/v1/ppt/presentation/status/task-6aa93bf0412c3809b85ce44e6cc5684789840b31e39d576ff49173f39b4f076b timeout=15s body=
[2026-07-11T21:30:33] RESPONSE GET /api/v1/ppt/presentation/status/task-6aa93bf0412c3809b85ce44e6cc5684789840b31e39d576ff49173f39b4f076b status=200 elapsed=0.018s body={"error":null,"status":"processing","message":"Generating slides","created_at":"2026-07-11T19:27:22.828481","updated_at":"2026-07-11T19:30:22.401925","type":"presentation.generate","id":"task-6aa93bf0412c3809b85ce44e6cc5684789840b31e39d576ff49173f39b4f076b","data":{"created_slides":0,"remaining_slides":2}}
[2026-07-11T21:30:33] POLL task=task-6aa93bf0412c3809b85ce44e6cc5684789840b31e39d576ff49173f39b4f076b idx=95 status=processing
[2026-07-11T21:30:35] REQUEST GET /api/v1/ppt/presentation/status/task-6aa93bf0412c3809b85ce44e6cc5684789840b31e39d576ff49173f39b4f076b timeout=15s body=
[2026-07-11T21:30:35] RESPONSE GET /api/v1/ppt/presentation/status/task-6aa93bf0412c3809b85ce44e6cc5684789840b31e39d576ff49173f39b4f076b status=200 elapsed=0.019s body={"error":null,"status":"processing","message":"Generating slides","created_at":"2026-07-11T19:27:22.828481","updated_at":"2026-07-11T19:30:22.401925","type":"presentation.generate","id":"task-6aa93bf0412c3809b85ce44e6cc5684789840b31e39d576ff49173f39b4f076b","data":{"created_slides":0,"remaining_slides":2}}
[2026-07-11T21:30:35] POLL task=task-6aa93bf0412c3809b85ce44e6cc5684789840b31e39d576ff49173f39b4f076b idx=96 status=processing
[2026-07-11T21:30:37] REQUEST GET /api/v1/ppt/presentation/status/task-6aa93bf0412c3809b85ce44e6cc5684789840b31e39d576ff49173f39b4f076b timeout=15s body=
[2026-07-11T21:30:37] RESPONSE GET /api/v1/ppt/presentation/status/task-6aa93bf0412c3809b85ce44e6cc5684789840b31e39d576ff49173f39b4f076b status=200 elapsed=0.018s body={"error":null,"status":"processing","message":"Generating slides","created_at":"2026-07-11T19:27:22.828481","updated_at":"2026-07-11T19:30:22.401925","type":"presentation.generate","id":"task-6aa93bf0412c3809b85ce44e6cc5684789840b31e39d576ff49173f39b4f076b","data":{"created_slides":0,"remaining_slides":2}}
[2026-07-11T21:30:37] POLL task=task-6aa93bf0412c3809b85ce44e6cc5684789840b31e39d576ff49173f39b4f076b idx=97 status=processing
[2026-07-11T21:30:39] REQUEST GET /api/v1/ppt/presentation/status/task-6aa93bf0412c3809b85ce44e6cc5684789840b31e39d576ff49173f39b4f076b timeout=15s body=
[2026-07-11T21:30:39] RESPONSE GET /api/v1/ppt/presentation/status/task-6aa93bf0412c3809b85ce44e6cc5684789840b31e39d576ff49173f39b4f076b status=200 elapsed=0.017s body={"error":null,"status":"processing","message":"Generating slides","created_at":"2026-07-11T19:27:22.828481","updated_at":"2026-07-11T19:30:22.401925","type":"presentation.generate","id":"task-6aa93bf0412c3809b85ce44e6cc5684789840b31e39d576ff49173f39b4f076b","data":{"created_slides":0,"remaining_slides":2}}
[2026-07-11T21:30:39] POLL task=task-6aa93bf0412c3809b85ce44e6cc5684789840b31e39d576ff49173f39b4f076b idx=98 status=processing
[2026-07-11T21:30:41] REQUEST GET /api/v1/ppt/presentation/status/task-6aa93bf0412c3809b85ce44e6cc5684789840b31e39d576ff49173f39b4f076b timeout=15s body=
[2026-07-11T21:30:41] RESPONSE GET /api/v1/ppt/presentation/status/task-6aa93bf0412c3809b85ce44e6cc5684789840b31e39d576ff49173f39b4f076b status=200 elapsed=0.014s body={"error":null,"status":"processing","message":"Generating slides","created_at":"2026-07-11T19:27:22.828481","updated_at":"2026-07-11T19:30:22.401925","type":"presentation.generate","id":"task-6aa93bf0412c3809b85ce44e6cc5684789840b31e39d576ff49173f39b4f076b","data":{"created_slides":0,"remaining_slides":2}}
[2026-07-11T21:30:41] POLL task=task-6aa93bf0412c3809b85ce44e6cc5684789840b31e39d576ff49173f39b4f076b idx=99 status=processing
[2026-07-11T21:30:43] REQUEST GET /api/v1/ppt/presentation/status/task-6aa93bf0412c3809b85ce44e6cc5684789840b31e39d576ff49173f39b4f076b timeout=15s body=
[2026-07-11T21:30:43] RESPONSE GET /api/v1/ppt/presentation/status/task-6aa93bf0412c3809b85ce44e6cc5684789840b31e39d576ff49173f39b4f076b status=200 elapsed=0.028s body={"error":null,"status":"processing","message":"Generating slides","created_at":"2026-07-11T19:27:22.828481","updated_at":"2026-07-11T19:30:22.401925","type":"presentation.generate","id":"task-6aa93bf0412c3809b85ce44e6cc5684789840b31e39d576ff49173f39b4f076b","data":{"created_slides":0,"remaining_slides":2}}
[2026-07-11T21:30:43] POLL task=task-6aa93bf0412c3809b85ce44e6cc5684789840b31e39d576ff49173f39b4f076b idx=100 status=processing
[2026-07-11T21:30:45] REQUEST GET /api/v1/ppt/presentation/status/task-6aa93bf0412c3809b85ce44e6cc5684789840b31e39d576ff49173f39b4f076b timeout=15s body=
[2026-07-11T21:30:45] RESPONSE GET /api/v1/ppt/presentation/status/task-6aa93bf0412c3809b85ce44e6cc5684789840b31e39d576ff49173f39b4f076b status=200 elapsed=0.025s body={"error":null,"status":"processing","message":"Generating slides","created_at":"2026-07-11T19:27:22.828481","updated_at":"2026-07-11T19:30:22.401925","type":"presentation.generate","id":"task-6aa93bf0412c3809b85ce44e6cc5684789840b31e39d576ff49173f39b4f076b","data":{"created_slides":0,"remaining_slides":2}}
[2026-07-11T21:30:45] POLL task=task-6aa93bf0412c3809b85ce44e6cc5684789840b31e39d576ff49173f39b4f076b idx=101 status=processing
[2026-07-11T21:30:47] REQUEST GET /api/v1/ppt/presentation/status/task-6aa93bf0412c3809b85ce44e6cc5684789840b31e39d576ff49173f39b4f076b timeout=15s body=
[2026-07-11T21:30:47] RESPONSE GET /api/v1/ppt/presentation/status/task-6aa93bf0412c3809b85ce44e6cc5684789840b31e39d576ff49173f39b4f076b status=200 elapsed=0.024s body={"error":null,"status":"processing","message":"Generating slides","created_at":"2026-07-11T19:27:22.828481","updated_at":"2026-07-11T19:30:22.401925","type":"presentation.generate","id":"task-6aa93bf0412c3809b85ce44e6cc5684789840b31e39d576ff49173f39b4f076b","data":{"created_slides":0,"remaining_slides":2}}
[2026-07-11T21:30:47] POLL task=task-6aa93bf0412c3809b85ce44e6cc5684789840b31e39d576ff49173f39b4f076b idx=102 status=processing
[2026-07-11T21:30:49] REQUEST GET /api/v1/ppt/presentation/status/task-6aa93bf0412c3809b85ce44e6cc5684789840b31e39d576ff49173f39b4f076b timeout=15s body=
[2026-07-11T21:30:49] RESPONSE GET /api/v1/ppt/presentation/status/task-6aa93bf0412c3809b85ce44e6cc5684789840b31e39d576ff49173f39b4f076b status=200 elapsed=0.02s body={"error":null,"status":"processing","message":"Generating slides","created_at":"2026-07-11T19:27:22.828481","updated_at":"2026-07-11T19:30:22.401925","type":"presentation.generate","id":"task-6aa93bf0412c3809b85ce44e6cc5684789840b31e39d576ff49173f39b4f076b","data":{"created_slides":0,"remaining_slides":2}}
[2026-07-11T21:30:49] POLL task=task-6aa93bf0412c3809b85ce44e6cc5684789840b31e39d576ff49173f39b4f076b idx=103 status=processing
[2026-07-11T21:30:51] REQUEST GET /api/v1/ppt/presentation/status/task-6aa93bf0412c3809b85ce44e6cc5684789840b31e39d576ff49173f39b4f076b timeout=15s body=
[2026-07-11T21:30:51] RESPONSE GET /api/v1/ppt/presentation/status/task-6aa93bf0412c3809b85ce44e6cc5684789840b31e39d576ff49173f39b4f076b status=200 elapsed=0.012s body={"error":null,"status":"processing","message":"Generating slides","created_at":"2026-07-11T19:27:22.828481","updated_at":"2026-07-11T19:30:22.401925","type":"presentation.generate","id":"task-6aa93bf0412c3809b85ce44e6cc5684789840b31e39d576ff49173f39b4f076b","data":{"created_slides":0,"remaining_slides":2}}
[2026-07-11T21:30:51] POLL task=task-6aa93bf0412c3809b85ce44e6cc5684789840b31e39d576ff49173f39b4f076b idx=104 status=processing
[2026-07-11T21:30:53] REQUEST GET /api/v1/ppt/presentation/status/task-6aa93bf0412c3809b85ce44e6cc5684789840b31e39d576ff49173f39b4f076b timeout=15s body=
[2026-07-11T21:30:53] RESPONSE GET /api/v1/ppt/presentation/status/task-6aa93bf0412c3809b85ce44e6cc5684789840b31e39d576ff49173f39b4f076b status=200 elapsed=0.013s body={"error":null,"status":"processing","message":"Generating slides","created_at":"2026-07-11T19:27:22.828481","updated_at":"2026-07-11T19:30:22.401925","type":"presentation.generate","id":"task-6aa93bf0412c3809b85ce44e6cc5684789840b31e39d576ff49173f39b4f076b","data":{"created_slides":0,"remaining_slides":2}}
[2026-07-11T21:30:53] POLL task=task-6aa93bf0412c3809b85ce44e6cc5684789840b31e39d576ff49173f39b4f076b idx=105 status=processing
[2026-07-11T21:30:55] REQUEST GET /api/v1/ppt/presentation/status/task-6aa93bf0412c3809b85ce44e6cc5684789840b31e39d576ff49173f39b4f076b timeout=15s body=
[2026-07-11T21:30:55] RESPONSE GET /api/v1/ppt/presentation/status/task-6aa93bf0412c3809b85ce44e6cc5684789840b31e39d576ff49173f39b4f076b status=200 elapsed=0.066s body={"error":null,"status":"processing","message":"Generating slides","created_at":"2026-07-11T19:27:22.828481","updated_at":"2026-07-11T19:30:22.401925","type":"presentation.generate","id":"task-6aa93bf0412c3809b85ce44e6cc5684789840b31e39d576ff49173f39b4f076b","data":{"created_slides":0,"remaining_slides":2}}
[2026-07-11T21:30:55] POLL task=task-6aa93bf0412c3809b85ce44e6cc5684789840b31e39d576ff49173f39b4f076b idx=106 status=processing
[2026-07-11T21:30:57] REQUEST GET /api/v1/ppt/presentation/status/task-6aa93bf0412c3809b85ce44e6cc5684789840b31e39d576ff49173f39b4f076b timeout=15s body=
[2026-07-11T21:30:57] RESPONSE GET /api/v1/ppt/presentation/status/task-6aa93bf0412c3809b85ce44e6cc5684789840b31e39d576ff49173f39b4f076b status=200 elapsed=0.015s body={"error":null,"status":"processing","message":"Generating slides","created_at":"2026-07-11T19:27:22.828481","updated_at":"2026-07-11T19:30:22.401925","type":"presentation.generate","id":"task-6aa93bf0412c3809b85ce44e6cc5684789840b31e39d576ff49173f39b4f076b","data":{"created_slides":0,"remaining_slides":2}}
[2026-07-11T21:30:57] POLL task=task-6aa93bf0412c3809b85ce44e6cc5684789840b31e39d576ff49173f39b4f076b idx=107 status=processing
[2026-07-11T21:30:59] REQUEST GET /api/v1/ppt/presentation/status/task-6aa93bf0412c3809b85ce44e6cc5684789840b31e39d576ff49173f39b4f076b timeout=15s body=
[2026-07-11T21:31:00] RESPONSE GET /api/v1/ppt/presentation/status/task-6aa93bf0412c3809b85ce44e6cc5684789840b31e39d576ff49173f39b4f076b status=200 elapsed=0.018s body={"error":null,"status":"processing","message":"Generating slides","created_at":"2026-07-11T19:27:22.828481","updated_at":"2026-07-11T19:30:22.401925","type":"presentation.generate","id":"task-6aa93bf0412c3809b85ce44e6cc5684789840b31e39d576ff49173f39b4f076b","data":{"created_slides":0,"remaining_slides":2}}
[2026-07-11T21:31:00] POLL task=task-6aa93bf0412c3809b85ce44e6cc5684789840b31e39d576ff49173f39b4f076b idx=108 status=processing
[2026-07-11T21:31:02] REQUEST GET /api/v1/ppt/presentation/status/task-6aa93bf0412c3809b85ce44e6cc5684789840b31e39d576ff49173f39b4f076b timeout=15s body=
[2026-07-11T21:31:02] RESPONSE GET /api/v1/ppt/presentation/status/task-6aa93bf0412c3809b85ce44e6cc5684789840b31e39d576ff49173f39b4f076b status=200 elapsed=0.019s body={"error":null,"status":"processing","message":"Generating slides","created_at":"2026-07-11T19:27:22.828481","updated_at":"2026-07-11T19:30:22.401925","type":"presentation.generate","id":"task-6aa93bf0412c3809b85ce44e6cc5684789840b31e39d576ff49173f39b4f076b","data":{"created_slides":0,"remaining_slides":2}}
[2026-07-11T21:31:02] POLL task=task-6aa93bf0412c3809b85ce44e6cc5684789840b31e39d576ff49173f39b4f076b idx=109 status=processing
[2026-07-11T21:31:04] REQUEST GET /api/v1/ppt/presentation/status/task-6aa93bf0412c3809b85ce44e6cc5684789840b31e39d576ff49173f39b4f076b timeout=15s body=
[2026-07-11T21:31:04] RESPONSE GET /api/v1/ppt/presentation/status/task-6aa93bf0412c3809b85ce44e6cc5684789840b31e39d576ff49173f39b4f076b status=200 elapsed=0.015s body={"error":null,"status":"processing","message":"Generating slides","created_at":"2026-07-11T19:27:22.828481","updated_at":"2026-07-11T19:30:22.401925","type":"presentation.generate","id":"task-6aa93bf0412c3809b85ce44e6cc5684789840b31e39d576ff49173f39b4f076b","data":{"created_slides":0,"remaining_slides":2}}
[2026-07-11T21:31:04] POLL task=task-6aa93bf0412c3809b85ce44e6cc5684789840b31e39d576ff49173f39b4f076b idx=110 status=processing
[2026-07-11T21:31:06] REQUEST GET /api/v1/ppt/presentation/status/task-6aa93bf0412c3809b85ce44e6cc5684789840b31e39d576ff49173f39b4f076b timeout=15s body=
[2026-07-11T21:31:06] RESPONSE GET /api/v1/ppt/presentation/status/task-6aa93bf0412c3809b85ce44e6cc5684789840b31e39d576ff49173f39b4f076b status=200 elapsed=0.016s body={"error":null,"status":"processing","message":"Generating slides","created_at":"2026-07-11T19:27:22.828481","updated_at":"2026-07-11T19:30:22.401925","type":"presentation.generate","id":"task-6aa93bf0412c3809b85ce44e6cc5684789840b31e39d576ff49173f39b4f076b","data":{"created_slides":0,"remaining_slides":2}}
[2026-07-11T21:31:06] POLL task=task-6aa93bf0412c3809b85ce44e6cc5684789840b31e39d576ff49173f39b4f076b idx=111 status=processing
[2026-07-11T21:31:08] REQUEST GET /api/v1/ppt/presentation/status/task-6aa93bf0412c3809b85ce44e6cc5684789840b31e39d576ff49173f39b4f076b timeout=15s body=
[2026-07-11T21:31:08] RESPONSE GET /api/v1/ppt/presentation/status/task-6aa93bf0412c3809b85ce44e6cc5684789840b31e39d576ff49173f39b4f076b status=200 elapsed=0.028s body={"error":null,"status":"processing","message":"Generating slides","created_at":"2026-07-11T19:27:22.828481","updated_at":"2026-07-11T19:30:22.401925","type":"presentation.generate","id":"task-6aa93bf0412c3809b85ce44e6cc5684789840b31e39d576ff49173f39b4f076b","data":{"created_slides":0,"remaining_slides":2}}
[2026-07-11T21:31:08] POLL task=task-6aa93bf0412c3809b85ce44e6cc5684789840b31e39d576ff49173f39b4f076b idx=112 status=processing
[2026-07-11T21:31:10] REQUEST GET /api/v1/ppt/presentation/status/task-6aa93bf0412c3809b85ce44e6cc5684789840b31e39d576ff49173f39b4f076b timeout=15s body=
[2026-07-11T21:31:10] RESPONSE GET /api/v1/ppt/presentation/status/task-6aa93bf0412c3809b85ce44e6cc5684789840b31e39d576ff49173f39b4f076b status=200 elapsed=0.021s body={"error":null,"status":"processing","message":"Generating slides","created_at":"2026-07-11T19:27:22.828481","updated_at":"2026-07-11T19:30:22.401925","type":"presentation.generate","id":"task-6aa93bf0412c3809b85ce44e6cc5684789840b31e39d576ff49173f39b4f076b","data":{"created_slides":0,"remaining_slides":2}}
[2026-07-11T21:31:10] POLL task=task-6aa93bf0412c3809b85ce44e6cc5684789840b31e39d576ff49173f39b4f076b idx=113 status=processing
[2026-07-11T21:31:12] REQUEST GET /api/v1/ppt/presentation/status/task-6aa93bf0412c3809b85ce44e6cc5684789840b31e39d576ff49173f39b4f076b timeout=15s body=
[2026-07-11T21:31:12] RESPONSE GET /api/v1/ppt/presentation/status/task-6aa93bf0412c3809b85ce44e6cc5684789840b31e39d576ff49173f39b4f076b status=200 elapsed=0.015s body={"error":null,"status":"processing","message":"Generating slides","created_at":"2026-07-11T19:27:22.828481","updated_at":"2026-07-11T19:30:22.401925","type":"presentation.generate","id":"task-6aa93bf0412c3809b85ce44e6cc5684789840b31e39d576ff49173f39b4f076b","data":{"created_slides":0,"remaining_slides":2}}
[2026-07-11T21:31:12] POLL task=task-6aa93bf0412c3809b85ce44e6cc5684789840b31e39d576ff49173f39b4f076b idx=114 status=processing
[2026-07-11T21:31:14] REQUEST GET /api/v1/ppt/presentation/status/task-6aa93bf0412c3809b85ce44e6cc5684789840b31e39d576ff49173f39b4f076b timeout=15s body=
[2026-07-11T21:31:14] RESPONSE GET /api/v1/ppt/presentation/status/task-6aa93bf0412c3809b85ce44e6cc5684789840b31e39d576ff49173f39b4f076b status=200 elapsed=0.012s body={"error":null,"status":"processing","message":"Generating slides","created_at":"2026-07-11T19:27:22.828481","updated_at":"2026-07-11T19:30:22.401925","type":"presentation.generate","id":"task-6aa93bf0412c3809b85ce44e6cc5684789840b31e39d576ff49173f39b4f076b","data":{"created_slides":0,"remaining_slides":2}}
[2026-07-11T21:31:14] POLL task=task-6aa93bf0412c3809b85ce44e6cc5684789840b31e39d576ff49173f39b4f076b idx=115 status=processing
[2026-07-11T21:31:16] REQUEST GET /api/v1/ppt/presentation/status/task-6aa93bf0412c3809b85ce44e6cc5684789840b31e39d576ff49173f39b4f076b timeout=15s body=
[2026-07-11T21:31:16] RESPONSE GET /api/v1/ppt/presentation/status/task-6aa93bf0412c3809b85ce44e6cc5684789840b31e39d576ff49173f39b4f076b status=200 elapsed=0.019s body={"error":null,"status":"processing","message":"Generating slides","created_at":"2026-07-11T19:27:22.828481","updated_at":"2026-07-11T19:30:22.401925","type":"presentation.generate","id":"task-6aa93bf0412c3809b85ce44e6cc5684789840b31e39d576ff49173f39b4f076b","data":{"created_slides":0,"remaining_slides":2}}
[2026-07-11T21:31:16] POLL task=task-6aa93bf0412c3809b85ce44e6cc5684789840b31e39d576ff49173f39b4f076b idx=116 status=processing
[2026-07-11T21:31:18] REQUEST GET /api/v1/ppt/presentation/status/task-6aa93bf0412c3809b85ce44e6cc5684789840b31e39d576ff49173f39b4f076b timeout=15s body=
[2026-07-11T21:31:18] RESPONSE GET /api/v1/ppt/presentation/status/task-6aa93bf0412c3809b85ce44e6cc5684789840b31e39d576ff49173f39b4f076b status=200 elapsed=0.017s body={"error":null,"status":"processing","message":"Generating slides","created_at":"2026-07-11T19:27:22.828481","updated_at":"2026-07-11T19:30:22.401925","type":"presentation.generate","id":"task-6aa93bf0412c3809b85ce44e6cc5684789840b31e39d576ff49173f39b4f076b","data":{"created_slides":0,"remaining_slides":2}}
[2026-07-11T21:31:18] POLL task=task-6aa93bf0412c3809b85ce44e6cc5684789840b31e39d576ff49173f39b4f076b idx=117 status=processing
[2026-07-11T21:31:20] REQUEST GET /api/v1/ppt/presentation/status/task-6aa93bf0412c3809b85ce44e6cc5684789840b31e39d576ff49173f39b4f076b timeout=15s body=
[2026-07-11T21:31:20] RESPONSE GET /api/v1/ppt/presentation/status/task-6aa93bf0412c3809b85ce44e6cc5684789840b31e39d576ff49173f39b4f076b status=200 elapsed=0.028s body={"error":null,"status":"processing","message":"Generating slides","created_at":"2026-07-11T19:27:22.828481","updated_at":"2026-07-11T19:30:22.401925","type":"presentation.generate","id":"task-6aa93bf0412c3809b85ce44e6cc5684789840b31e39d576ff49173f39b4f076b","data":{"created_slides":0,"remaining_slides":2}}
[2026-07-11T21:31:20] POLL task=task-6aa93bf0412c3809b85ce44e6cc5684789840b31e39d576ff49173f39b4f076b idx=118 status=processing
[2026-07-11T21:31:22] REQUEST GET /api/v1/ppt/presentation/status/task-6aa93bf0412c3809b85ce44e6cc5684789840b31e39d576ff49173f39b4f076b timeout=15s body=
[2026-07-11T21:31:22] RESPONSE GET /api/v1/ppt/presentation/status/task-6aa93bf0412c3809b85ce44e6cc5684789840b31e39d576ff49173f39b4f076b status=200 elapsed=0.016s body={"error":null,"status":"processing","message":"Generating slides","created_at":"2026-07-11T19:27:22.828481","updated_at":"2026-07-11T19:30:22.401925","type":"presentation.generate","id":"task-6aa93bf0412c3809b85ce44e6cc5684789840b31e39d576ff49173f39b4f076b","data":{"created_slides":0,"remaining_slides":2}}
[2026-07-11T21:31:22] POLL task=task-6aa93bf0412c3809b85ce44e6cc5684789840b31e39d576ff49173f39b4f076b idx=119 status=processing
[2026-07-11T21:31:24] REQUEST GET /api/v1/ppt/presentation/status/task-6aa93bf0412c3809b85ce44e6cc5684789840b31e39d576ff49173f39b4f076b timeout=15s body=
[2026-07-11T21:31:24] RESPONSE GET /api/v1/ppt/presentation/status/task-6aa93bf0412c3809b85ce44e6cc5684789840b31e39d576ff49173f39b4f076b status=200 elapsed=0.016s body={"error":null,"status":"processing","message":"Generating slides","created_at":"2026-07-11T19:27:22.828481","updated_at":"2026-07-11T19:30:22.401925","type":"presentation.generate","id":"task-6aa93bf0412c3809b85ce44e6cc5684789840b31e39d576ff49173f39b4f076b","data":{"created_slides":0,"remaining_slides":2}}
[2026-07-11T21:31:24] POLL task=task-6aa93bf0412c3809b85ce44e6cc5684789840b31e39d576ff49173f39b4f076b idx=120 status=processing
[2026-07-11T21:31:26] REQUEST GET /api/v1/ppt/presentation/status/task-6aa93bf0412c3809b85ce44e6cc5684789840b31e39d576ff49173f39b4f076b timeout=15s body=
[2026-07-11T21:31:26] RESPONSE GET /api/v1/ppt/presentation/status/task-6aa93bf0412c3809b85ce44e6cc5684789840b31e39d576ff49173f39b4f076b status=200 elapsed=0.018s body={"error":null,"status":"processing","message":"Generating slides","created_at":"2026-07-11T19:27:22.828481","updated_at":"2026-07-11T19:30:22.401925","type":"presentation.generate","id":"task-6aa93bf0412c3809b85ce44e6cc5684789840b31e39d576ff49173f39b4f076b","data":{"created_slides":0,"remaining_slides":2}}
[2026-07-11T21:31:26] POLL task=task-6aa93bf0412c3809b85ce44e6cc5684789840b31e39d576ff49173f39b4f076b idx=121 status=processing
[2026-07-11T21:31:28] REQUEST GET /api/v1/ppt/presentation/status/task-6aa93bf0412c3809b85ce44e6cc5684789840b31e39d576ff49173f39b4f076b timeout=15s body=
[2026-07-11T21:31:28] RESPONSE GET /api/v1/ppt/presentation/status/task-6aa93bf0412c3809b85ce44e6cc5684789840b31e39d576ff49173f39b4f076b status=200 elapsed=0.019s body={"error":null,"status":"processing","message":"Generating slides","created_at":"2026-07-11T19:27:22.828481","updated_at":"2026-07-11T19:30:22.401925","type":"presentation.generate","id":"task-6aa93bf0412c3809b85ce44e6cc5684789840b31e39d576ff49173f39b4f076b","data":{"created_slides":0,"remaining_slides":2}}
[2026-07-11T21:31:28] POLL task=task-6aa93bf0412c3809b85ce44e6cc5684789840b31e39d576ff49173f39b4f076b idx=122 status=processing
[2026-07-11T21:31:30] REQUEST GET /api/v1/ppt/presentation/status/task-6aa93bf0412c3809b85ce44e6cc5684789840b31e39d576ff49173f39b4f076b timeout=15s body=
[2026-07-11T21:31:30] RESPONSE GET /api/v1/ppt/presentation/status/task-6aa93bf0412c3809b85ce44e6cc5684789840b31e39d576ff49173f39b4f076b status=200 elapsed=0.022s body={"error":null,"status":"processing","message":"Generating slides","created_at":"2026-07-11T19:27:22.828481","updated_at":"2026-07-11T19:30:22.401925","type":"presentation.generate","id":"task-6aa93bf0412c3809b85ce44e6cc5684789840b31e39d576ff49173f39b4f076b","data":{"created_slides":0,"remaining_slides":2}}
[2026-07-11T21:31:30] POLL task=task-6aa93bf0412c3809b85ce44e6cc5684789840b31e39d576ff49173f39b4f076b idx=123 status=processing
[2026-07-11T21:31:32] REQUEST GET /api/v1/ppt/presentation/status/task-6aa93bf0412c3809b85ce44e6cc5684789840b31e39d576ff49173f39b4f076b timeout=15s body=
[2026-07-11T21:31:32] RESPONSE GET /api/v1/ppt/presentation/status/task-6aa93bf0412c3809b85ce44e6cc5684789840b31e39d576ff49173f39b4f076b status=200 elapsed=0.028s body={"error":null,"status":"processing","message":"Generating slides","created_at":"2026-07-11T19:27:22.828481","updated_at":"2026-07-11T19:30:22.401925","type":"presentation.generate","id":"task-6aa93bf0412c3809b85ce44e6cc5684789840b31e39d576ff49173f39b4f076b","data":{"created_slides":0,"remaining_slides":2}}
[2026-07-11T21:31:32] POLL task=task-6aa93bf0412c3809b85ce44e6cc5684789840b31e39d576ff49173f39b4f076b idx=124 status=processing
[2026-07-11T21:31:34] REQUEST GET /api/v1/ppt/presentation/status/task-6aa93bf0412c3809b85ce44e6cc5684789840b31e39d576ff49173f39b4f076b timeout=15s body=
[2026-07-11T21:31:34] RESPONSE GET /api/v1/ppt/presentation/status/task-6aa93bf0412c3809b85ce44e6cc5684789840b31e39d576ff49173f39b4f076b status=200 elapsed=0.019s body={"error":null,"status":"processing","message":"Generating slides","created_at":"2026-07-11T19:27:22.828481","updated_at":"2026-07-11T19:30:22.401925","type":"presentation.generate","id":"task-6aa93bf0412c3809b85ce44e6cc5684789840b31e39d576ff49173f39b4f076b","data":{"created_slides":0,"remaining_slides":2}}
[2026-07-11T21:31:34] POLL task=task-6aa93bf0412c3809b85ce44e6cc5684789840b31e39d576ff49173f39b4f076b idx=125 status=processing
[2026-07-11T21:31:36] REQUEST GET /api/v1/ppt/presentation/status/task-6aa93bf0412c3809b85ce44e6cc5684789840b31e39d576ff49173f39b4f076b timeout=15s body=
[2026-07-11T21:31:36] RESPONSE GET /api/v1/ppt/presentation/status/task-6aa93bf0412c3809b85ce44e6cc5684789840b31e39d576ff49173f39b4f076b status=200 elapsed=0.022s body={"error":null,"status":"processing","message":"Generating slides","created_at":"2026-07-11T19:27:22.828481","updated_at":"2026-07-11T19:30:22.401925","type":"presentation.generate","id":"task-6aa93bf0412c3809b85ce44e6cc5684789840b31e39d576ff49173f39b4f076b","data":{"created_slides":0,"remaining_slides":2}}
[2026-07-11T21:31:36] POLL task=task-6aa93bf0412c3809b85ce44e6cc5684789840b31e39d576ff49173f39b4f076b idx=126 status=processing
[2026-07-11T21:31:38] REQUEST GET /api/v1/ppt/presentation/status/task-6aa93bf0412c3809b85ce44e6cc5684789840b31e39d576ff49173f39b4f076b timeout=15s body=
[2026-07-11T21:31:38] RESPONSE GET /api/v1/ppt/presentation/status/task-6aa93bf0412c3809b85ce44e6cc5684789840b31e39d576ff49173f39b4f076b status=200 elapsed=0.038s body={"error":null,"status":"processing","message":"Generating slides","created_at":"2026-07-11T19:27:22.828481","updated_at":"2026-07-11T19:30:22.401925","type":"presentation.generate","id":"task-6aa93bf0412c3809b85ce44e6cc5684789840b31e39d576ff49173f39b4f076b","data":{"created_slides":0,"remaining_slides":2}}
[2026-07-11T21:31:38] POLL task=task-6aa93bf0412c3809b85ce44e6cc5684789840b31e39d576ff49173f39b4f076b idx=127 status=processing
[2026-07-11T21:31:40] REQUEST GET /api/v1/ppt/presentation/status/task-6aa93bf0412c3809b85ce44e6cc5684789840b31e39d576ff49173f39b4f076b timeout=15s body=
[2026-07-11T21:31:40] RESPONSE GET /api/v1/ppt/presentation/status/task-6aa93bf0412c3809b85ce44e6cc5684789840b31e39d576ff49173f39b4f076b status=200 elapsed=0.018s body={"error":null,"status":"processing","message":"Generating slides","created_at":"2026-07-11T19:27:22.828481","updated_at":"2026-07-11T19:30:22.401925","type":"presentation.generate","id":"task-6aa93bf0412c3809b85ce44e6cc5684789840b31e39d576ff49173f39b4f076b","data":{"created_slides":0,"remaining_slides":2}}
[2026-07-11T21:31:40] POLL task=task-6aa93bf0412c3809b85ce44e6cc5684789840b31e39d576ff49173f39b4f076b idx=128 status=processing
[2026-07-11T21:31:42] REQUEST GET /api/v1/ppt/presentation/status/task-6aa93bf0412c3809b85ce44e6cc5684789840b31e39d576ff49173f39b4f076b timeout=15s body=
[2026-07-11T21:31:42] RESPONSE GET /api/v1/ppt/presentation/status/task-6aa93bf0412c3809b85ce44e6cc5684789840b31e39d576ff49173f39b4f076b status=200 elapsed=0.015s body={"error":null,"status":"processing","message":"Generating slides","created_at":"2026-07-11T19:27:22.828481","updated_at":"2026-07-11T19:30:22.401925","type":"presentation.generate","id":"task-6aa93bf0412c3809b85ce44e6cc5684789840b31e39d576ff49173f39b4f076b","data":{"created_slides":0,"remaining_slides":2}}
[2026-07-11T21:31:42] POLL task=task-6aa93bf0412c3809b85ce44e6cc5684789840b31e39d576ff49173f39b4f076b idx=129 status=processing
[2026-07-11T21:31:44] REQUEST GET /api/v1/ppt/presentation/status/task-6aa93bf0412c3809b85ce44e6cc5684789840b31e39d576ff49173f39b4f076b timeout=15s body=
[2026-07-11T21:31:44] RESPONSE GET /api/v1/ppt/presentation/status/task-6aa93bf0412c3809b85ce44e6cc5684789840b31e39d576ff49173f39b4f076b status=200 elapsed=0.014s body={"error":null,"status":"processing","message":"Generating slides","created_at":"2026-07-11T19:27:22.828481","updated_at":"2026-07-11T19:30:22.401925","type":"presentation.generate","id":"task-6aa93bf0412c3809b85ce44e6cc5684789840b31e39d576ff49173f39b4f076b","data":{"created_slides":0,"remaining_slides":2}}
[2026-07-11T21:31:44] POLL task=task-6aa93bf0412c3809b85ce44e6cc5684789840b31e39d576ff49173f39b4f076b idx=130 status=processing
[2026-07-11T21:31:46] REQUEST GET /api/v1/ppt/presentation/status/task-6aa93bf0412c3809b85ce44e6cc5684789840b31e39d576ff49173f39b4f076b timeout=15s body=
[2026-07-11T21:31:46] RESPONSE GET /api/v1/ppt/presentation/status/task-6aa93bf0412c3809b85ce44e6cc5684789840b31e39d576ff49173f39b4f076b status=200 elapsed=0.018s body={"error":null,"status":"processing","message":"Generating slides","created_at":"2026-07-11T19:27:22.828481","updated_at":"2026-07-11T19:30:22.401925","type":"presentation.generate","id":"task-6aa93bf0412c3809b85ce44e6cc5684789840b31e39d576ff49173f39b4f076b","data":{"created_slides":0,"remaining_slides":2}}
[2026-07-11T21:31:46] POLL task=task-6aa93bf0412c3809b85ce44e6cc5684789840b31e39d576ff49173f39b4f076b idx=131 status=processing
[2026-07-11T21:31:48] REQUEST GET /api/v1/ppt/presentation/status/task-6aa93bf0412c3809b85ce44e6cc5684789840b31e39d576ff49173f39b4f076b timeout=15s body=
[2026-07-11T21:31:48] RESPONSE GET /api/v1/ppt/presentation/status/task-6aa93bf0412c3809b85ce44e6cc5684789840b31e39d576ff49173f39b4f076b status=200 elapsed=0.01s body={"error":null,"status":"processing","message":"Generating slides","created_at":"2026-07-11T19:27:22.828481","updated_at":"2026-07-11T19:30:22.401925","type":"presentation.generate","id":"task-6aa93bf0412c3809b85ce44e6cc5684789840b31e39d576ff49173f39b4f076b","data":{"created_slides":0,"remaining_slides":2}}
[2026-07-11T21:31:48] POLL task=task-6aa93bf0412c3809b85ce44e6cc5684789840b31e39d576ff49173f39b4f076b idx=132 status=processing
[2026-07-11T21:31:50] REQUEST GET /api/v1/ppt/presentation/status/task-6aa93bf0412c3809b85ce44e6cc5684789840b31e39d576ff49173f39b4f076b timeout=15s body=
[2026-07-11T21:31:50] RESPONSE GET /api/v1/ppt/presentation/status/task-6aa93bf0412c3809b85ce44e6cc5684789840b31e39d576ff49173f39b4f076b status=200 elapsed=0.018s body={"error":null,"status":"processing","message":"Generating slides","created_at":"2026-07-11T19:27:22.828481","updated_at":"2026-07-11T19:30:22.401925","type":"presentation.generate","id":"task-6aa93bf0412c3809b85ce44e6cc5684789840b31e39d576ff49173f39b4f076b","data":{"created_slides":0,"remaining_slides":2}}
[2026-07-11T21:31:50] POLL task=task-6aa93bf0412c3809b85ce44e6cc5684789840b31e39d576ff49173f39b4f076b idx=133 status=processing
[2026-07-11T21:31:52] REQUEST GET /api/v1/ppt/presentation/status/task-6aa93bf0412c3809b85ce44e6cc5684789840b31e39d576ff49173f39b4f076b timeout=15s body=
[2026-07-11T21:31:52] RESPONSE GET /api/v1/ppt/presentation/status/task-6aa93bf0412c3809b85ce44e6cc5684789840b31e39d576ff49173f39b4f076b status=200 elapsed=0.02s body={"error":null,"status":"processing","message":"Generating slides","created_at":"2026-07-11T19:27:22.828481","updated_at":"2026-07-11T19:30:22.401925","type":"presentation.generate","id":"task-6aa93bf0412c3809b85ce44e6cc5684789840b31e39d576ff49173f39b4f076b","data":{"created_slides":0,"remaining_slides":2}}
[2026-07-11T21:31:52] POLL task=task-6aa93bf0412c3809b85ce44e6cc5684789840b31e39d576ff49173f39b4f076b idx=134 status=processing
[2026-07-11T21:31:54] REQUEST GET /api/v1/ppt/presentation/status/task-6aa93bf0412c3809b85ce44e6cc5684789840b31e39d576ff49173f39b4f076b timeout=15s body=
[2026-07-11T21:31:54] RESPONSE GET /api/v1/ppt/presentation/status/task-6aa93bf0412c3809b85ce44e6cc5684789840b31e39d576ff49173f39b4f076b status=200 elapsed=0.018s body={"error":null,"status":"processing","message":"Generating slides","created_at":"2026-07-11T19:27:22.828481","updated_at":"2026-07-11T19:30:22.401925","type":"presentation.generate","id":"task-6aa93bf0412c3809b85ce44e6cc5684789840b31e39d576ff49173f39b4f076b","data":{"created_slides":0,"remaining_slides":2}}
[2026-07-11T21:31:54] POLL task=task-6aa93bf0412c3809b85ce44e6cc5684789840b31e39d576ff49173f39b4f076b idx=135 status=processing
[2026-07-11T21:31:56] REQUEST GET /api/v1/ppt/presentation/status/task-6aa93bf0412c3809b85ce44e6cc5684789840b31e39d576ff49173f39b4f076b timeout=15s body=
[2026-07-11T21:31:56] RESPONSE GET /api/v1/ppt/presentation/status/task-6aa93bf0412c3809b85ce44e6cc5684789840b31e39d576ff49173f39b4f076b status=200 elapsed=0.019s body={"error":null,"status":"processing","message":"Generating slides","created_at":"2026-07-11T19:27:22.828481","updated_at":"2026-07-11T19:30:22.401925","type":"presentation.generate","id":"task-6aa93bf0412c3809b85ce44e6cc5684789840b31e39d576ff49173f39b4f076b","data":{"created_slides":0,"remaining_slides":2}}
[2026-07-11T21:31:56] POLL task=task-6aa93bf0412c3809b85ce44e6cc5684789840b31e39d576ff49173f39b4f076b idx=136 status=processing
[2026-07-11T21:31:58] REQUEST GET /api/v1/ppt/presentation/status/task-6aa93bf0412c3809b85ce44e6cc5684789840b31e39d576ff49173f39b4f076b timeout=15s body=
[2026-07-11T21:31:58] RESPONSE GET /api/v1/ppt/presentation/status/task-6aa93bf0412c3809b85ce44e6cc5684789840b31e39d576ff49173f39b4f076b status=200 elapsed=0.011s body={"error":null,"status":"processing","message":"Generating slides","created_at":"2026-07-11T19:27:22.828481","updated_at":"2026-07-11T19:30:22.401925","type":"presentation.generate","id":"task-6aa93bf0412c3809b85ce44e6cc5684789840b31e39d576ff49173f39b4f076b","data":{"created_slides":0,"remaining_slides":2}}
[2026-07-11T21:31:58] POLL task=task-6aa93bf0412c3809b85ce44e6cc5684789840b31e39d576ff49173f39b4f076b idx=137 status=processing
[2026-07-11T21:32:00] REQUEST GET /api/v1/ppt/presentation/status/task-6aa93bf0412c3809b85ce44e6cc5684789840b31e39d576ff49173f39b4f076b timeout=15s body=
[2026-07-11T21:32:00] RESPONSE GET /api/v1/ppt/presentation/status/task-6aa93bf0412c3809b85ce44e6cc5684789840b31e39d576ff49173f39b4f076b status=200 elapsed=0.02s body={"error":null,"status":"processing","message":"Generating slides","created_at":"2026-07-11T19:27:22.828481","updated_at":"2026-07-11T19:30:22.401925","type":"presentation.generate","id":"task-6aa93bf0412c3809b85ce44e6cc5684789840b31e39d576ff49173f39b4f076b","data":{"created_slides":0,"remaining_slides":2}}
[2026-07-11T21:32:00] POLL task=task-6aa93bf0412c3809b85ce44e6cc5684789840b31e39d576ff49173f39b4f076b idx=138 status=processing
[2026-07-11T21:32:02] REQUEST GET /api/v1/ppt/presentation/status/task-6aa93bf0412c3809b85ce44e6cc5684789840b31e39d576ff49173f39b4f076b timeout=15s body=
[2026-07-11T21:32:02] RESPONSE GET /api/v1/ppt/presentation/status/task-6aa93bf0412c3809b85ce44e6cc5684789840b31e39d576ff49173f39b4f076b status=200 elapsed=0.016s body={"error":null,"status":"processing","message":"Generating slides","created_at":"2026-07-11T19:27:22.828481","updated_at":"2026-07-11T19:30:22.401925","type":"presentation.generate","id":"task-6aa93bf0412c3809b85ce44e6cc5684789840b31e39d576ff49173f39b4f076b","data":{"created_slides":0,"remaining_slides":2}}
[2026-07-11T21:32:02] POLL task=task-6aa93bf0412c3809b85ce44e6cc5684789840b31e39d576ff49173f39b4f076b idx=139 status=processing
[2026-07-11T21:32:04] REQUEST GET /api/v1/ppt/presentation/status/task-6aa93bf0412c3809b85ce44e6cc5684789840b31e39d576ff49173f39b4f076b timeout=15s body=
[2026-07-11T21:32:04] RESPONSE GET /api/v1/ppt/presentation/status/task-6aa93bf0412c3809b85ce44e6cc5684789840b31e39d576ff49173f39b4f076b status=200 elapsed=0.014s body={"error":null,"status":"processing","message":"Generating slides","created_at":"2026-07-11T19:27:22.828481","updated_at":"2026-07-11T19:30:22.401925","type":"presentation.generate","id":"task-6aa93bf0412c3809b85ce44e6cc5684789840b31e39d576ff49173f39b4f076b","data":{"created_slides":0,"remaining_slides":2}}
[2026-07-11T21:32:04] POLL task=task-6aa93bf0412c3809b85ce44e6cc5684789840b31e39d576ff49173f39b4f076b idx=140 status=processing
[2026-07-11T21:32:06] REQUEST GET /api/v1/ppt/presentation/status/task-6aa93bf0412c3809b85ce44e6cc5684789840b31e39d576ff49173f39b4f076b timeout=15s body=
[2026-07-11T21:32:06] RESPONSE GET /api/v1/ppt/presentation/status/task-6aa93bf0412c3809b85ce44e6cc5684789840b31e39d576ff49173f39b4f076b status=200 elapsed=0.014s body={"error":null,"status":"processing","message":"Generating slides","created_at":"2026-07-11T19:27:22.828481","updated_at":"2026-07-11T19:30:22.401925","type":"presentation.generate","id":"task-6aa93bf0412c3809b85ce44e6cc5684789840b31e39d576ff49173f39b4f076b","data":{"created_slides":0,"remaining_slides":2}}
[2026-07-11T21:32:06] POLL task=task-6aa93bf0412c3809b85ce44e6cc5684789840b31e39d576ff49173f39b4f076b idx=141 status=processing
[2026-07-11T21:32:08] REQUEST GET /api/v1/ppt/presentation/status/task-6aa93bf0412c3809b85ce44e6cc5684789840b31e39d576ff49173f39b4f076b timeout=15s body=
[2026-07-11T21:32:08] RESPONSE GET /api/v1/ppt/presentation/status/task-6aa93bf0412c3809b85ce44e6cc5684789840b31e39d576ff49173f39b4f076b status=200 elapsed=0.019s body={"error":null,"status":"processing","message":"Generating slides","created_at":"2026-07-11T19:27:22.828481","updated_at":"2026-07-11T19:30:22.401925","type":"presentation.generate","id":"task-6aa93bf0412c3809b85ce44e6cc5684789840b31e39d576ff49173f39b4f076b","data":{"created_slides":0,"remaining_slides":2}}
[2026-07-11T21:32:08] POLL task=task-6aa93bf0412c3809b85ce44e6cc5684789840b31e39d576ff49173f39b4f076b idx=142 status=processing
[2026-07-11T21:32:10] REQUEST GET /api/v1/ppt/presentation/status/task-6aa93bf0412c3809b85ce44e6cc5684789840b31e39d576ff49173f39b4f076b timeout=15s body=
[2026-07-11T21:32:10] RESPONSE GET /api/v1/ppt/presentation/status/task-6aa93bf0412c3809b85ce44e6cc5684789840b31e39d576ff49173f39b4f076b status=200 elapsed=0.032s body={"error":null,"status":"processing","message":"Generating slides","created_at":"2026-07-11T19:27:22.828481","updated_at":"2026-07-11T19:30:22.401925","type":"presentation.generate","id":"task-6aa93bf0412c3809b85ce44e6cc5684789840b31e39d576ff49173f39b4f076b","data":{"created_slides":0,"remaining_slides":2}}
[2026-07-11T21:32:10] POLL task=task-6aa93bf0412c3809b85ce44e6cc5684789840b31e39d576ff49173f39b4f076b idx=143 status=processing
[2026-07-11T21:32:12] REQUEST GET /api/v1/ppt/presentation/status/task-6aa93bf0412c3809b85ce44e6cc5684789840b31e39d576ff49173f39b4f076b timeout=15s body=
[2026-07-11T21:32:12] RESPONSE GET /api/v1/ppt/presentation/status/task-6aa93bf0412c3809b85ce44e6cc5684789840b31e39d576ff49173f39b4f076b status=200 elapsed=0.015s body={"error":null,"status":"processing","message":"Generating slides","created_at":"2026-07-11T19:27:22.828481","updated_at":"2026-07-11T19:30:22.401925","type":"presentation.generate","id":"task-6aa93bf0412c3809b85ce44e6cc5684789840b31e39d576ff49173f39b4f076b","data":{"created_slides":0,"remaining_slides":2}}
[2026-07-11T21:32:12] POLL task=task-6aa93bf0412c3809b85ce44e6cc5684789840b31e39d576ff49173f39b4f076b idx=144 status=processing
[2026-07-11T21:32:14] REQUEST GET /api/v1/ppt/presentation/status/task-6aa93bf0412c3809b85ce44e6cc5684789840b31e39d576ff49173f39b4f076b timeout=15s body=
[2026-07-11T21:32:14] RESPONSE GET /api/v1/ppt/presentation/status/task-6aa93bf0412c3809b85ce44e6cc5684789840b31e39d576ff49173f39b4f076b status=200 elapsed=0.019s body={"error":null,"status":"processing","message":"Generating slides","created_at":"2026-07-11T19:27:22.828481","updated_at":"2026-07-11T19:30:22.401925","type":"presentation.generate","id":"task-6aa93bf0412c3809b85ce44e6cc5684789840b31e39d576ff49173f39b4f076b","data":{"created_slides":0,"remaining_slides":2}}
[2026-07-11T21:32:14] POLL task=task-6aa93bf0412c3809b85ce44e6cc5684789840b31e39d576ff49173f39b4f076b idx=145 status=processing
[2026-07-11T21:32:16] REQUEST GET /api/v1/ppt/presentation/status/task-6aa93bf0412c3809b85ce44e6cc5684789840b31e39d576ff49173f39b4f076b timeout=15s body=
[2026-07-11T21:32:16] RESPONSE GET /api/v1/ppt/presentation/status/task-6aa93bf0412c3809b85ce44e6cc5684789840b31e39d576ff49173f39b4f076b status=200 elapsed=0.016s body={"error":null,"status":"processing","message":"Generating slides","created_at":"2026-07-11T19:27:22.828481","updated_at":"2026-07-11T19:30:22.401925","type":"presentation.generate","id":"task-6aa93bf0412c3809b85ce44e6cc5684789840b31e39d576ff49173f39b4f076b","data":{"created_slides":0,"remaining_slides":2}}
[2026-07-11T21:32:16] POLL task=task-6aa93bf0412c3809b85ce44e6cc5684789840b31e39d576ff49173f39b4f076b idx=146 status=processing
[2026-07-11T21:32:18] REQUEST GET /api/v1/ppt/presentation/status/task-6aa93bf0412c3809b85ce44e6cc5684789840b31e39d576ff49173f39b4f076b timeout=15s body=
[2026-07-11T21:32:18] RESPONSE GET /api/v1/ppt/presentation/status/task-6aa93bf0412c3809b85ce44e6cc5684789840b31e39d576ff49173f39b4f076b status=200 elapsed=0.012s body={"error":null,"status":"processing","message":"Generating slides","created_at":"2026-07-11T19:27:22.828481","updated_at":"2026-07-11T19:30:22.401925","type":"presentation.generate","id":"task-6aa93bf0412c3809b85ce44e6cc5684789840b31e39d576ff49173f39b4f076b","data":{"created_slides":0,"remaining_slides":2}}
[2026-07-11T21:32:18] POLL task=task-6aa93bf0412c3809b85ce44e6cc5684789840b31e39d576ff49173f39b4f076b idx=147 status=processing
[2026-07-11T21:32:20] REQUEST GET /api/v1/ppt/presentation/status/task-6aa93bf0412c3809b85ce44e6cc5684789840b31e39d576ff49173f39b4f076b timeout=15s body=
[2026-07-11T21:32:20] RESPONSE GET /api/v1/ppt/presentation/status/task-6aa93bf0412c3809b85ce44e6cc5684789840b31e39d576ff49173f39b4f076b status=200 elapsed=0.014s body={"error":null,"status":"processing","message":"Generating slides","created_at":"2026-07-11T19:27:22.828481","updated_at":"2026-07-11T19:30:22.401925","type":"presentation.generate","id":"task-6aa93bf0412c3809b85ce44e6cc5684789840b31e39d576ff49173f39b4f076b","data":{"created_slides":0,"remaining_slides":2}}
[2026-07-11T21:32:20] POLL task=task-6aa93bf0412c3809b85ce44e6cc5684789840b31e39d576ff49173f39b4f076b idx=148 status=processing
[2026-07-11T21:32:22] REQUEST GET /api/v1/ppt/presentation/status/task-6aa93bf0412c3809b85ce44e6cc5684789840b31e39d576ff49173f39b4f076b timeout=15s body=
[2026-07-11T21:32:22] RESPONSE GET /api/v1/ppt/presentation/status/task-6aa93bf0412c3809b85ce44e6cc5684789840b31e39d576ff49173f39b4f076b status=200 elapsed=0.012s body={"error":null,"status":"processing","message":"Generating slides","created_at":"2026-07-11T19:27:22.828481","updated_at":"2026-07-11T19:30:22.401925","type":"presentation.generate","id":"task-6aa93bf0412c3809b85ce44e6cc5684789840b31e39d576ff49173f39b4f076b","data":{"created_slides":0,"remaining_slides":2}}
[2026-07-11T21:32:22] POLL task=task-6aa93bf0412c3809b85ce44e6cc5684789840b31e39d576ff49173f39b4f076b idx=149 status=processing
[2026-07-11T21:32:24] REQUEST GET /api/v1/ppt/presentation/status/task-6aa93bf0412c3809b85ce44e6cc5684789840b31e39d576ff49173f39b4f076b timeout=15s body=
[2026-07-11T21:32:24] RESPONSE GET /api/v1/ppt/presentation/status/task-6aa93bf0412c3809b85ce44e6cc5684789840b31e39d576ff49173f39b4f076b status=200 elapsed=0.028s body={"error":null,"status":"processing","message":"Generating slides","created_at":"2026-07-11T19:27:22.828481","updated_at":"2026-07-11T19:30:22.401925","type":"presentation.generate","id":"task-6aa93bf0412c3809b85ce44e6cc5684789840b31e39d576ff49173f39b4f076b","data":{"created_slides":0,"remaining_slides":2}}
[2026-07-11T21:32:24] POLL task=task-6aa93bf0412c3809b85ce44e6cc5684789840b31e39d576ff49173f39b4f076b idx=150 status=processing
