[2026-07-11T14:44:05] REQUEST POST /api/v1/auth/login timeout=180s body={"username": "jaempilang@gmail.com", "password": "FuckA19*"}
[2026-07-11T14:44:05] RESPONSE POST /api/v1/auth/login status=200 elapsed=0.06s body={"configured":true,"authenticated":true,"username":"jaempilang@gmail.com","access_token":"eyJ2IjoxLCJ1IjoiamFlbXBpbGFuZ0BnbWFpbC5jb20iLCJpYXQiOjE3ODM3NzM4NDUsImV4cCI6MTc4NjM2NTg0NX0.ycplEfadxjOhmmg5OceLLznYpc96vIeM5P36ucIzGMg","token_type":"bearer"}
[2026-07-11T14:44:05] AUTH token acquired
[2026-07-11T14:44:05] REQUEST POST /api/v1/ppt/presentation/create timeout=180s body={"title": "Direct Presenton Probe", "content": "Slide 1: Hello from direct Presenton API probe. Slide 2: This run validates Create -> Prepare -> Generate -> Export.", "language": "English", "template": "general", "template_name": "general"}
[2026-07-11T14:44:05] RESPONSE POST /api/v1/ppt/presentation/create status=200 elapsed=0.011s body={"id":"db166eae-ccff-4e97-8a16-c684511053db","version":"v2-standard","content":"Slide 1: Hello from direct Presenton API probe. Slide 2: This run validates Create -> Prepare -> Generate -> Export.","n_slides":0,"language":"English","file_paths":null,"instructions":null,"tone":"default","verbosity":"standard","include_table_of_contents":false,"include_title_slide":true,"web_search":false,"title":null,"outlines":null,"layout":null,"structure":null,"theme":null,"fonts":null,"created_at":"2026-07-11T12:44:05.491438Z","updated_at":"2026-07-11T12:44:05.491443Z"}
[2026-07-11T14:44:05] REQUEST POST /api/v1/ppt/presentation/prepare timeout=180s body={"presentation_id": "db166eae-ccff-4e97-8a16-c684511053db", "outlines": [{"title": "Probe Overview", "content": "Direct API path verification"}, {"title": "Probe Result", "content": "Create Prepare Generate Export evidence"}], "layout": {"name": "general", "slides": [{"id": "slide-1", "title": "Executive Summary", "subtitle": "Summary", "content": [], "json_schema": {"type": "object", "properties": {}}}], "theme": "default", "icon_weight": "bold", "include_title_slide": true, "include_table_of_contents": false}}
[2026-07-11T14:45:48] RESPONSE POST /api/v1/ppt/presentation/prepare status=200 elapsed=103.052s body={"version":"v2-standard","tone":"default","content":"Slide 1: Hello from direct Presenton API probe. Slide 2: This run validates Create -> Prepare -> Generate -> Export.","n_slides":0,"outlines":{"slides":[{"content":"Direct API path verification"},{"content":"Create Prepare Generate Export evidence"}]},"verbosity":"standard","language":"","created_at":"2026-07-11T12:44:05.491438","include_table_of_contents":false,"title":null,"updated_at":"2026-07-11T12:45:40.387340Z","include_title_slide":true,"file_paths":null,"web_search":false,"theme":null,"id":"db166eae-ccff-4e97-8a16-c684511053db","layo
[2026-07-11T14:45:48] REQUEST POST /api/v1/ppt/presentation/generate/async timeout=180s body={"content": "Slide 1: Hello from direct Presenton API probe. Slide 2: This run validates Create -> Prepare -> Generate -> Export.", "n_slides": 2, "language": "English", "template": "general", "instructions": "Keep slides concise.", "export_as": "pptx", "include_title_slide": true, "include_table_of_contents": false, "web_search": false, "tone": "default", "verbosity": "standard", "presentation_id": "db166eae-ccff-4e97-8a16-c684511053db"}
[2026-07-11T14:45:48] RESPONSE POST /api/v1/ppt/presentation/generate/async status=200 elapsed=0.236s body={"error":null,"status":"pending","message":"Queued for generation","created_at":"2026-07-11T12:45:48.728805","updated_at":"2026-07-11T12:45:48.728810","type":"presentation.generate","id":"task-ffea3d7dabfb5839e30759a8e1d4d4614c25890b5ecb522a3c5021014569f0f1","data":{"created_slides":0,"remaining_slides":2}}
[2026-07-11T14:45:48] REQUEST GET /api/v1/ppt/presentation/status/task-ffea3d7dabfb5839e30759a8e1d4d4614c25890b5ecb522a3c5021014569f0f1 timeout=15s body=
[2026-07-11T14:45:48] RESPONSE GET /api/v1/ppt/presentation/status/task-ffea3d7dabfb5839e30759a8e1d4d4614c25890b5ecb522a3c5021014569f0f1 status=200 elapsed=0.056s body={"error":null,"status":"pending","message":"Queued for generation","created_at":"2026-07-11T12:45:48.728805","updated_at":"2026-07-11T12:45:48.728810","type":"presentation.generate","id":"task-ffea3d7dabfb5839e30759a8e1d4d4614c25890b5ecb522a3c5021014569f0f1","data":{"created_slides":0,"remaining_slides":2}}
[2026-07-11T14:45:48] POLL task=task-ffea3d7dabfb5839e30759a8e1d4d4614c25890b5ecb522a3c5021014569f0f1 idx=1 status=pending
[2026-07-11T14:45:50] REQUEST GET /api/v1/ppt/presentation/status/task-ffea3d7dabfb5839e30759a8e1d4d4614c25890b5ecb522a3c5021014569f0f1 timeout=15s body=
[2026-07-11T14:45:50] RESPONSE GET /api/v1/ppt/presentation/status/task-ffea3d7dabfb5839e30759a8e1d4d4614c25890b5ecb522a3c5021014569f0f1 status=200 elapsed=0.037s body={"error":null,"status":"processing","message":"Generating presentation outlines","created_at":"2026-07-11T12:45:48.728805","updated_at":"2026-07-11T12:45:48.846999","type":"presentation.generate","id":"task-ffea3d7dabfb5839e30759a8e1d4d4614c25890b5ecb522a3c5021014569f0f1","data":{"created_slides":0,"remaining_slides":2}}
[2026-07-11T14:45:50] POLL task=task-ffea3d7dabfb5839e30759a8e1d4d4614c25890b5ecb522a3c5021014569f0f1 idx=2 status=processing
[2026-07-11T14:45:52] REQUEST GET /api/v1/ppt/presentation/status/task-ffea3d7dabfb5839e30759a8e1d4d4614c25890b5ecb522a3c5021014569f0f1 timeout=15s body=
[2026-07-11T14:45:52] RESPONSE GET /api/v1/ppt/presentation/status/task-ffea3d7dabfb5839e30759a8e1d4d4614c25890b5ecb522a3c5021014569f0f1 status=200 elapsed=0.022s body={"error":null,"status":"processing","message":"Generating presentation outlines","created_at":"2026-07-11T12:45:48.728805","updated_at":"2026-07-11T12:45:48.846999","type":"presentation.generate","id":"task-ffea3d7dabfb5839e30759a8e1d4d4614c25890b5ecb522a3c5021014569f0f1","data":{"created_slides":0,"remaining_slides":2}}
[2026-07-11T14:45:52] POLL task=task-ffea3d7dabfb5839e30759a8e1d4d4614c25890b5ecb522a3c5021014569f0f1 idx=3 status=processing
[2026-07-11T14:45:54] REQUEST GET /api/v1/ppt/presentation/status/task-ffea3d7dabfb5839e30759a8e1d4d4614c25890b5ecb522a3c5021014569f0f1 timeout=15s body=
[2026-07-11T14:45:54] RESPONSE GET /api/v1/ppt/presentation/status/task-ffea3d7dabfb5839e30759a8e1d4d4614c25890b5ecb522a3c5021014569f0f1 status=200 elapsed=0.033s body={"error":null,"status":"processing","message":"Generating presentation outlines","created_at":"2026-07-11T12:45:48.728805","updated_at":"2026-07-11T12:45:48.846999","type":"presentation.generate","id":"task-ffea3d7dabfb5839e30759a8e1d4d4614c25890b5ecb522a3c5021014569f0f1","data":{"created_slides":0,"remaining_slides":2}}
[2026-07-11T14:45:54] POLL task=task-ffea3d7dabfb5839e30759a8e1d4d4614c25890b5ecb522a3c5021014569f0f1 idx=4 status=processing
[2026-07-11T14:45:56] REQUEST GET /api/v1/ppt/presentation/status/task-ffea3d7dabfb5839e30759a8e1d4d4614c25890b5ecb522a3c5021014569f0f1 timeout=15s body=
[2026-07-11T14:45:56] RESPONSE GET /api/v1/ppt/presentation/status/task-ffea3d7dabfb5839e30759a8e1d4d4614c25890b5ecb522a3c5021014569f0f1 status=200 elapsed=0.021s body={"error":null,"status":"processing","message":"Generating presentation outlines","created_at":"2026-07-11T12:45:48.728805","updated_at":"2026-07-11T12:45:48.846999","type":"presentation.generate","id":"task-ffea3d7dabfb5839e30759a8e1d4d4614c25890b5ecb522a3c5021014569f0f1","data":{"created_slides":0,"remaining_slides":2}}
[2026-07-11T14:45:56] POLL task=task-ffea3d7dabfb5839e30759a8e1d4d4614c25890b5ecb522a3c5021014569f0f1 idx=5 status=processing
[2026-07-11T14:45:58] REQUEST GET /api/v1/ppt/presentation/status/task-ffea3d7dabfb5839e30759a8e1d4d4614c25890b5ecb522a3c5021014569f0f1 timeout=15s body=
[2026-07-11T14:45:59] RESPONSE GET /api/v1/ppt/presentation/status/task-ffea3d7dabfb5839e30759a8e1d4d4614c25890b5ecb522a3c5021014569f0f1 status=200 elapsed=0.028s body={"error":null,"status":"processing","message":"Generating presentation outlines","created_at":"2026-07-11T12:45:48.728805","updated_at":"2026-07-11T12:45:48.846999","type":"presentation.generate","id":"task-ffea3d7dabfb5839e30759a8e1d4d4614c25890b5ecb522a3c5021014569f0f1","data":{"created_slides":0,"remaining_slides":2}}
[2026-07-11T14:45:59] POLL task=task-ffea3d7dabfb5839e30759a8e1d4d4614c25890b5ecb522a3c5021014569f0f1 idx=6 status=processing
[2026-07-11T14:46:01] REQUEST GET /api/v1/ppt/presentation/status/task-ffea3d7dabfb5839e30759a8e1d4d4614c25890b5ecb522a3c5021014569f0f1 timeout=15s body=
[2026-07-11T14:46:01] RESPONSE GET /api/v1/ppt/presentation/status/task-ffea3d7dabfb5839e30759a8e1d4d4614c25890b5ecb522a3c5021014569f0f1 status=200 elapsed=0.016s body={"error":null,"status":"processing","message":"Generating presentation outlines","created_at":"2026-07-11T12:45:48.728805","updated_at":"2026-07-11T12:45:48.846999","type":"presentation.generate","id":"task-ffea3d7dabfb5839e30759a8e1d4d4614c25890b5ecb522a3c5021014569f0f1","data":{"created_slides":0,"remaining_slides":2}}
[2026-07-11T14:46:01] POLL task=task-ffea3d7dabfb5839e30759a8e1d4d4614c25890b5ecb522a3c5021014569f0f1 idx=7 status=processing
[2026-07-11T14:46:03] REQUEST GET /api/v1/ppt/presentation/status/task-ffea3d7dabfb5839e30759a8e1d4d4614c25890b5ecb522a3c5021014569f0f1 timeout=15s body=
[2026-07-11T14:46:03] RESPONSE GET /api/v1/ppt/presentation/status/task-ffea3d7dabfb5839e30759a8e1d4d4614c25890b5ecb522a3c5021014569f0f1 status=200 elapsed=0.021s body={"error":null,"status":"processing","message":"Generating presentation outlines","created_at":"2026-07-11T12:45:48.728805","updated_at":"2026-07-11T12:45:48.846999","type":"presentation.generate","id":"task-ffea3d7dabfb5839e30759a8e1d4d4614c25890b5ecb522a3c5021014569f0f1","data":{"created_slides":0,"remaining_slides":2}}
[2026-07-11T14:46:03] POLL task=task-ffea3d7dabfb5839e30759a8e1d4d4614c25890b5ecb522a3c5021014569f0f1 idx=8 status=processing
[2026-07-11T14:46:05] REQUEST GET /api/v1/ppt/presentation/status/task-ffea3d7dabfb5839e30759a8e1d4d4614c25890b5ecb522a3c5021014569f0f1 timeout=15s body=
[2026-07-11T14:46:05] RESPONSE GET /api/v1/ppt/presentation/status/task-ffea3d7dabfb5839e30759a8e1d4d4614c25890b5ecb522a3c5021014569f0f1 status=200 elapsed=0.018s body={"error":null,"status":"processing","message":"Generating presentation outlines","created_at":"2026-07-11T12:45:48.728805","updated_at":"2026-07-11T12:45:48.846999","type":"presentation.generate","id":"task-ffea3d7dabfb5839e30759a8e1d4d4614c25890b5ecb522a3c5021014569f0f1","data":{"created_slides":0,"remaining_slides":2}}
[2026-07-11T14:46:05] POLL task=task-ffea3d7dabfb5839e30759a8e1d4d4614c25890b5ecb522a3c5021014569f0f1 idx=9 status=processing
[2026-07-11T14:46:07] REQUEST GET /api/v1/ppt/presentation/status/task-ffea3d7dabfb5839e30759a8e1d4d4614c25890b5ecb522a3c5021014569f0f1 timeout=15s body=
[2026-07-11T14:46:07] RESPONSE GET /api/v1/ppt/presentation/status/task-ffea3d7dabfb5839e30759a8e1d4d4614c25890b5ecb522a3c5021014569f0f1 status=200 elapsed=0.02s body={"error":null,"status":"processing","message":"Generating presentation outlines","created_at":"2026-07-11T12:45:48.728805","updated_at":"2026-07-11T12:45:48.846999","type":"presentation.generate","id":"task-ffea3d7dabfb5839e30759a8e1d4d4614c25890b5ecb522a3c5021014569f0f1","data":{"created_slides":0,"remaining_slides":2}}
[2026-07-11T14:46:07] POLL task=task-ffea3d7dabfb5839e30759a8e1d4d4614c25890b5ecb522a3c5021014569f0f1 idx=10 status=processing
[2026-07-11T14:46:09] REQUEST GET /api/v1/ppt/presentation/status/task-ffea3d7dabfb5839e30759a8e1d4d4614c25890b5ecb522a3c5021014569f0f1 timeout=15s body=
[2026-07-11T14:46:09] RESPONSE GET /api/v1/ppt/presentation/status/task-ffea3d7dabfb5839e30759a8e1d4d4614c25890b5ecb522a3c5021014569f0f1 status=200 elapsed=0.031s body={"error":null,"status":"processing","message":"Generating presentation outlines","created_at":"2026-07-11T12:45:48.728805","updated_at":"2026-07-11T12:45:48.846999","type":"presentation.generate","id":"task-ffea3d7dabfb5839e30759a8e1d4d4614c25890b5ecb522a3c5021014569f0f1","data":{"created_slides":0,"remaining_slides":2}}
[2026-07-11T14:46:09] POLL task=task-ffea3d7dabfb5839e30759a8e1d4d4614c25890b5ecb522a3c5021014569f0f1 idx=11 status=processing
[2026-07-11T14:46:11] REQUEST GET /api/v1/ppt/presentation/status/task-ffea3d7dabfb5839e30759a8e1d4d4614c25890b5ecb522a3c5021014569f0f1 timeout=15s body=
[2026-07-11T14:46:11] RESPONSE GET /api/v1/ppt/presentation/status/task-ffea3d7dabfb5839e30759a8e1d4d4614c25890b5ecb522a3c5021014569f0f1 status=200 elapsed=0.017s body={"error":null,"status":"processing","message":"Generating presentation outlines","created_at":"2026-07-11T12:45:48.728805","updated_at":"2026-07-11T12:45:48.846999","type":"presentation.generate","id":"task-ffea3d7dabfb5839e30759a8e1d4d4614c25890b5ecb522a3c5021014569f0f1","data":{"created_slides":0,"remaining_slides":2}}
[2026-07-11T14:46:11] POLL task=task-ffea3d7dabfb5839e30759a8e1d4d4614c25890b5ecb522a3c5021014569f0f1 idx=12 status=processing
[2026-07-11T14:46:13] REQUEST GET /api/v1/ppt/presentation/status/task-ffea3d7dabfb5839e30759a8e1d4d4614c25890b5ecb522a3c5021014569f0f1 timeout=15s body=
[2026-07-11T14:46:13] RESPONSE GET /api/v1/ppt/presentation/status/task-ffea3d7dabfb5839e30759a8e1d4d4614c25890b5ecb522a3c5021014569f0f1 status=200 elapsed=0.015s body={"error":null,"status":"processing","message":"Generating presentation outlines","created_at":"2026-07-11T12:45:48.728805","updated_at":"2026-07-11T12:45:48.846999","type":"presentation.generate","id":"task-ffea3d7dabfb5839e30759a8e1d4d4614c25890b5ecb522a3c5021014569f0f1","data":{"created_slides":0,"remaining_slides":2}}
[2026-07-11T14:46:13] POLL task=task-ffea3d7dabfb5839e30759a8e1d4d4614c25890b5ecb522a3c5021014569f0f1 idx=13 status=processing
[2026-07-11T14:46:15] REQUEST GET /api/v1/ppt/presentation/status/task-ffea3d7dabfb5839e30759a8e1d4d4614c25890b5ecb522a3c5021014569f0f1 timeout=15s body=
[2026-07-11T14:46:15] RESPONSE GET /api/v1/ppt/presentation/status/task-ffea3d7dabfb5839e30759a8e1d4d4614c25890b5ecb522a3c5021014569f0f1 status=200 elapsed=0.02s body={"error":null,"status":"processing","message":"Generating presentation outlines","created_at":"2026-07-11T12:45:48.728805","updated_at":"2026-07-11T12:45:48.846999","type":"presentation.generate","id":"task-ffea3d7dabfb5839e30759a8e1d4d4614c25890b5ecb522a3c5021014569f0f1","data":{"created_slides":0,"remaining_slides":2}}
[2026-07-11T14:46:15] POLL task=task-ffea3d7dabfb5839e30759a8e1d4d4614c25890b5ecb522a3c5021014569f0f1 idx=14 status=processing
[2026-07-11T14:46:17] REQUEST GET /api/v1/ppt/presentation/status/task-ffea3d7dabfb5839e30759a8e1d4d4614c25890b5ecb522a3c5021014569f0f1 timeout=15s body=
[2026-07-11T14:46:17] RESPONSE GET /api/v1/ppt/presentation/status/task-ffea3d7dabfb5839e30759a8e1d4d4614c25890b5ecb522a3c5021014569f0f1 status=200 elapsed=0.015s body={"error":null,"status":"processing","message":"Generating presentation outlines","created_at":"2026-07-11T12:45:48.728805","updated_at":"2026-07-11T12:45:48.846999","type":"presentation.generate","id":"task-ffea3d7dabfb5839e30759a8e1d4d4614c25890b5ecb522a3c5021014569f0f1","data":{"created_slides":0,"remaining_slides":2}}
[2026-07-11T14:46:17] POLL task=task-ffea3d7dabfb5839e30759a8e1d4d4614c25890b5ecb522a3c5021014569f0f1 idx=15 status=processing
[2026-07-11T14:46:19] REQUEST GET /api/v1/ppt/presentation/status/task-ffea3d7dabfb5839e30759a8e1d4d4614c25890b5ecb522a3c5021014569f0f1 timeout=15s body=
[2026-07-11T14:46:19] RESPONSE GET /api/v1/ppt/presentation/status/task-ffea3d7dabfb5839e30759a8e1d4d4614c25890b5ecb522a3c5021014569f0f1 status=200 elapsed=0.038s body={"error":null,"status":"processing","message":"Generating presentation outlines","created_at":"2026-07-11T12:45:48.728805","updated_at":"2026-07-11T12:45:48.846999","type":"presentation.generate","id":"task-ffea3d7dabfb5839e30759a8e1d4d4614c25890b5ecb522a3c5021014569f0f1","data":{"created_slides":0,"remaining_slides":2}}
[2026-07-11T14:46:19] POLL task=task-ffea3d7dabfb5839e30759a8e1d4d4614c25890b5ecb522a3c5021014569f0f1 idx=16 status=processing
[2026-07-11T14:46:21] REQUEST GET /api/v1/ppt/presentation/status/task-ffea3d7dabfb5839e30759a8e1d4d4614c25890b5ecb522a3c5021014569f0f1 timeout=15s body=
[2026-07-11T14:46:21] RESPONSE GET /api/v1/ppt/presentation/status/task-ffea3d7dabfb5839e30759a8e1d4d4614c25890b5ecb522a3c5021014569f0f1 status=200 elapsed=0.023s body={"error":null,"status":"processing","message":"Generating presentation outlines","created_at":"2026-07-11T12:45:48.728805","updated_at":"2026-07-11T12:45:48.846999","type":"presentation.generate","id":"task-ffea3d7dabfb5839e30759a8e1d4d4614c25890b5ecb522a3c5021014569f0f1","data":{"created_slides":0,"remaining_slides":2}}
[2026-07-11T14:46:21] POLL task=task-ffea3d7dabfb5839e30759a8e1d4d4614c25890b5ecb522a3c5021014569f0f1 idx=17 status=processing
[2026-07-11T14:46:23] REQUEST GET /api/v1/ppt/presentation/status/task-ffea3d7dabfb5839e30759a8e1d4d4614c25890b5ecb522a3c5021014569f0f1 timeout=15s body=
[2026-07-11T14:46:23] RESPONSE GET /api/v1/ppt/presentation/status/task-ffea3d7dabfb5839e30759a8e1d4d4614c25890b5ecb522a3c5021014569f0f1 status=200 elapsed=0.013s body={"error":null,"status":"processing","message":"Generating presentation outlines","created_at":"2026-07-11T12:45:48.728805","updated_at":"2026-07-11T12:45:48.846999","type":"presentation.generate","id":"task-ffea3d7dabfb5839e30759a8e1d4d4614c25890b5ecb522a3c5021014569f0f1","data":{"created_slides":0,"remaining_slides":2}}
[2026-07-11T14:46:23] POLL task=task-ffea3d7dabfb5839e30759a8e1d4d4614c25890b5ecb522a3c5021014569f0f1 idx=18 status=processing
[2026-07-11T14:46:25] REQUEST GET /api/v1/ppt/presentation/status/task-ffea3d7dabfb5839e30759a8e1d4d4614c25890b5ecb522a3c5021014569f0f1 timeout=15s body=
[2026-07-11T14:46:25] RESPONSE GET /api/v1/ppt/presentation/status/task-ffea3d7dabfb5839e30759a8e1d4d4614c25890b5ecb522a3c5021014569f0f1 status=200 elapsed=0.023s body={"error":null,"status":"processing","message":"Generating presentation outlines","created_at":"2026-07-11T12:45:48.728805","updated_at":"2026-07-11T12:45:48.846999","type":"presentation.generate","id":"task-ffea3d7dabfb5839e30759a8e1d4d4614c25890b5ecb522a3c5021014569f0f1","data":{"created_slides":0,"remaining_slides":2}}
[2026-07-11T14:46:25] POLL task=task-ffea3d7dabfb5839e30759a8e1d4d4614c25890b5ecb522a3c5021014569f0f1 idx=19 status=processing
[2026-07-11T14:46:27] REQUEST GET /api/v1/ppt/presentation/status/task-ffea3d7dabfb5839e30759a8e1d4d4614c25890b5ecb522a3c5021014569f0f1 timeout=15s body=
[2026-07-11T14:46:27] RESPONSE GET /api/v1/ppt/presentation/status/task-ffea3d7dabfb5839e30759a8e1d4d4614c25890b5ecb522a3c5021014569f0f1 status=200 elapsed=0.022s body={"error":null,"status":"processing","message":"Generating presentation outlines","created_at":"2026-07-11T12:45:48.728805","updated_at":"2026-07-11T12:45:48.846999","type":"presentation.generate","id":"task-ffea3d7dabfb5839e30759a8e1d4d4614c25890b5ecb522a3c5021014569f0f1","data":{"created_slides":0,"remaining_slides":2}}
[2026-07-11T14:46:27] POLL task=task-ffea3d7dabfb5839e30759a8e1d4d4614c25890b5ecb522a3c5021014569f0f1 idx=20 status=processing
[2026-07-11T14:46:29] REQUEST GET /api/v1/ppt/presentation/status/task-ffea3d7dabfb5839e30759a8e1d4d4614c25890b5ecb522a3c5021014569f0f1 timeout=15s body=
[2026-07-11T14:46:29] RESPONSE GET /api/v1/ppt/presentation/status/task-ffea3d7dabfb5839e30759a8e1d4d4614c25890b5ecb522a3c5021014569f0f1 status=200 elapsed=0.024s body={"error":null,"status":"processing","message":"Generating presentation outlines","created_at":"2026-07-11T12:45:48.728805","updated_at":"2026-07-11T12:45:48.846999","type":"presentation.generate","id":"task-ffea3d7dabfb5839e30759a8e1d4d4614c25890b5ecb522a3c5021014569f0f1","data":{"created_slides":0,"remaining_slides":2}}
[2026-07-11T14:46:29] POLL task=task-ffea3d7dabfb5839e30759a8e1d4d4614c25890b5ecb522a3c5021014569f0f1 idx=21 status=processing
[2026-07-11T14:46:31] REQUEST GET /api/v1/ppt/presentation/status/task-ffea3d7dabfb5839e30759a8e1d4d4614c25890b5ecb522a3c5021014569f0f1 timeout=15s body=
[2026-07-11T14:46:31] RESPONSE GET /api/v1/ppt/presentation/status/task-ffea3d7dabfb5839e30759a8e1d4d4614c25890b5ecb522a3c5021014569f0f1 status=200 elapsed=0.016s body={"error":null,"status":"processing","message":"Generating presentation outlines","created_at":"2026-07-11T12:45:48.728805","updated_at":"2026-07-11T12:45:48.846999","type":"presentation.generate","id":"task-ffea3d7dabfb5839e30759a8e1d4d4614c25890b5ecb522a3c5021014569f0f1","data":{"created_slides":0,"remaining_slides":2}}
[2026-07-11T14:46:31] POLL task=task-ffea3d7dabfb5839e30759a8e1d4d4614c25890b5ecb522a3c5021014569f0f1 idx=22 status=processing
[2026-07-11T14:46:33] REQUEST GET /api/v1/ppt/presentation/status/task-ffea3d7dabfb5839e30759a8e1d4d4614c25890b5ecb522a3c5021014569f0f1 timeout=15s body=
[2026-07-11T14:46:33] RESPONSE GET /api/v1/ppt/presentation/status/task-ffea3d7dabfb5839e30759a8e1d4d4614c25890b5ecb522a3c5021014569f0f1 status=200 elapsed=0.017s body={"error":null,"status":"processing","message":"Generating presentation outlines","created_at":"2026-07-11T12:45:48.728805","updated_at":"2026-07-11T12:45:48.846999","type":"presentation.generate","id":"task-ffea3d7dabfb5839e30759a8e1d4d4614c25890b5ecb522a3c5021014569f0f1","data":{"created_slides":0,"remaining_slides":2}}
[2026-07-11T14:46:33] POLL task=task-ffea3d7dabfb5839e30759a8e1d4d4614c25890b5ecb522a3c5021014569f0f1 idx=23 status=processing
[2026-07-11T14:46:35] REQUEST GET /api/v1/ppt/presentation/status/task-ffea3d7dabfb5839e30759a8e1d4d4614c25890b5ecb522a3c5021014569f0f1 timeout=15s body=
[2026-07-11T14:46:35] RESPONSE GET /api/v1/ppt/presentation/status/task-ffea3d7dabfb5839e30759a8e1d4d4614c25890b5ecb522a3c5021014569f0f1 status=200 elapsed=0.019s body={"error":null,"status":"processing","message":"Generating presentation outlines","created_at":"2026-07-11T12:45:48.728805","updated_at":"2026-07-11T12:45:48.846999","type":"presentation.generate","id":"task-ffea3d7dabfb5839e30759a8e1d4d4614c25890b5ecb522a3c5021014569f0f1","data":{"created_slides":0,"remaining_slides":2}}
[2026-07-11T14:46:35] POLL task=task-ffea3d7dabfb5839e30759a8e1d4d4614c25890b5ecb522a3c5021014569f0f1 idx=24 status=processing
[2026-07-11T14:46:37] REQUEST GET /api/v1/ppt/presentation/status/task-ffea3d7dabfb5839e30759a8e1d4d4614c25890b5ecb522a3c5021014569f0f1 timeout=15s body=
[2026-07-11T14:46:37] RESPONSE GET /api/v1/ppt/presentation/status/task-ffea3d7dabfb5839e30759a8e1d4d4614c25890b5ecb522a3c5021014569f0f1 status=200 elapsed=0.027s body={"error":null,"status":"processing","message":"Generating presentation outlines","created_at":"2026-07-11T12:45:48.728805","updated_at":"2026-07-11T12:45:48.846999","type":"presentation.generate","id":"task-ffea3d7dabfb5839e30759a8e1d4d4614c25890b5ecb522a3c5021014569f0f1","data":{"created_slides":0,"remaining_slides":2}}
[2026-07-11T14:46:37] POLL task=task-ffea3d7dabfb5839e30759a8e1d4d4614c25890b5ecb522a3c5021014569f0f1 idx=25 status=processing
[2026-07-11T14:46:39] REQUEST GET /api/v1/ppt/presentation/status/task-ffea3d7dabfb5839e30759a8e1d4d4614c25890b5ecb522a3c5021014569f0f1 timeout=15s body=
[2026-07-11T14:46:39] RESPONSE GET /api/v1/ppt/presentation/status/task-ffea3d7dabfb5839e30759a8e1d4d4614c25890b5ecb522a3c5021014569f0f1 status=200 elapsed=0.024s body={"error":null,"status":"processing","message":"Generating presentation outlines","created_at":"2026-07-11T12:45:48.728805","updated_at":"2026-07-11T12:45:48.846999","type":"presentation.generate","id":"task-ffea3d7dabfb5839e30759a8e1d4d4614c25890b5ecb522a3c5021014569f0f1","data":{"created_slides":0,"remaining_slides":2}}
[2026-07-11T14:46:39] POLL task=task-ffea3d7dabfb5839e30759a8e1d4d4614c25890b5ecb522a3c5021014569f0f1 idx=26 status=processing
[2026-07-11T14:46:41] REQUEST GET /api/v1/ppt/presentation/status/task-ffea3d7dabfb5839e30759a8e1d4d4614c25890b5ecb522a3c5021014569f0f1 timeout=15s body=
[2026-07-11T14:46:41] RESPONSE GET /api/v1/ppt/presentation/status/task-ffea3d7dabfb5839e30759a8e1d4d4614c25890b5ecb522a3c5021014569f0f1 status=200 elapsed=0.024s body={"error":null,"status":"processing","message":"Selecting layout for each slide","created_at":"2026-07-11T12:45:48.728805","updated_at":"2026-07-11T12:46:40.369898","type":"presentation.generate","id":"task-ffea3d7dabfb5839e30759a8e1d4d4614c25890b5ecb522a3c5021014569f0f1","data":{"created_slides":0,"remaining_slides":2}}
[2026-07-11T14:46:41] POLL task=task-ffea3d7dabfb5839e30759a8e1d4d4614c25890b5ecb522a3c5021014569f0f1 idx=27 status=processing
[2026-07-11T14:46:43] REQUEST GET /api/v1/ppt/presentation/status/task-ffea3d7dabfb5839e30759a8e1d4d4614c25890b5ecb522a3c5021014569f0f1 timeout=15s body=
[2026-07-11T14:46:43] RESPONSE GET /api/v1/ppt/presentation/status/task-ffea3d7dabfb5839e30759a8e1d4d4614c25890b5ecb522a3c5021014569f0f1 status=200 elapsed=0.063s body={"error":null,"status":"processing","message":"Selecting layout for each slide","created_at":"2026-07-11T12:45:48.728805","updated_at":"2026-07-11T12:46:40.369898","type":"presentation.generate","id":"task-ffea3d7dabfb5839e30759a8e1d4d4614c25890b5ecb522a3c5021014569f0f1","data":{"created_slides":0,"remaining_slides":2}}
[2026-07-11T14:46:43] POLL task=task-ffea3d7dabfb5839e30759a8e1d4d4614c25890b5ecb522a3c5021014569f0f1 idx=28 status=processing
[2026-07-11T14:46:45] REQUEST GET /api/v1/ppt/presentation/status/task-ffea3d7dabfb5839e30759a8e1d4d4614c25890b5ecb522a3c5021014569f0f1 timeout=15s body=
[2026-07-11T14:46:45] RESPONSE GET /api/v1/ppt/presentation/status/task-ffea3d7dabfb5839e30759a8e1d4d4614c25890b5ecb522a3c5021014569f0f1 status=200 elapsed=0.026s body={"error":null,"status":"processing","message":"Selecting layout for each slide","created_at":"2026-07-11T12:45:48.728805","updated_at":"2026-07-11T12:46:40.369898","type":"presentation.generate","id":"task-ffea3d7dabfb5839e30759a8e1d4d4614c25890b5ecb522a3c5021014569f0f1","data":{"created_slides":0,"remaining_slides":2}}
[2026-07-11T14:46:45] POLL task=task-ffea3d7dabfb5839e30759a8e1d4d4614c25890b5ecb522a3c5021014569f0f1 idx=29 status=processing
[2026-07-11T14:46:47] REQUEST GET /api/v1/ppt/presentation/status/task-ffea3d7dabfb5839e30759a8e1d4d4614c25890b5ecb522a3c5021014569f0f1 timeout=15s body=
[2026-07-11T14:46:47] RESPONSE GET /api/v1/ppt/presentation/status/task-ffea3d7dabfb5839e30759a8e1d4d4614c25890b5ecb522a3c5021014569f0f1 status=200 elapsed=0.013s body={"error":null,"status":"processing","message":"Selecting layout for each slide","created_at":"2026-07-11T12:45:48.728805","updated_at":"2026-07-11T12:46:40.369898","type":"presentation.generate","id":"task-ffea3d7dabfb5839e30759a8e1d4d4614c25890b5ecb522a3c5021014569f0f1","data":{"created_slides":0,"remaining_slides":2}}
[2026-07-11T14:46:47] POLL task=task-ffea3d7dabfb5839e30759a8e1d4d4614c25890b5ecb522a3c5021014569f0f1 idx=30 status=processing
[2026-07-11T14:46:49] REQUEST GET /api/v1/ppt/presentation/status/task-ffea3d7dabfb5839e30759a8e1d4d4614c25890b5ecb522a3c5021014569f0f1 timeout=15s body=
[2026-07-11T14:46:49] RESPONSE GET /api/v1/ppt/presentation/status/task-ffea3d7dabfb5839e30759a8e1d4d4614c25890b5ecb522a3c5021014569f0f1 status=200 elapsed=0.047s body={"error":null,"status":"processing","message":"Selecting layout for each slide","created_at":"2026-07-11T12:45:48.728805","updated_at":"2026-07-11T12:46:40.369898","type":"presentation.generate","id":"task-ffea3d7dabfb5839e30759a8e1d4d4614c25890b5ecb522a3c5021014569f0f1","data":{"created_slides":0,"remaining_slides":2}}
[2026-07-11T14:46:49] POLL task=task-ffea3d7dabfb5839e30759a8e1d4d4614c25890b5ecb522a3c5021014569f0f1 idx=31 status=processing
[2026-07-11T14:46:51] REQUEST GET /api/v1/ppt/presentation/status/task-ffea3d7dabfb5839e30759a8e1d4d4614c25890b5ecb522a3c5021014569f0f1 timeout=15s body=
[2026-07-11T14:46:51] RESPONSE GET /api/v1/ppt/presentation/status/task-ffea3d7dabfb5839e30759a8e1d4d4614c25890b5ecb522a3c5021014569f0f1 status=200 elapsed=0.019s body={"error":null,"status":"processing","message":"Selecting layout for each slide","created_at":"2026-07-11T12:45:48.728805","updated_at":"2026-07-11T12:46:40.369898","type":"presentation.generate","id":"task-ffea3d7dabfb5839e30759a8e1d4d4614c25890b5ecb522a3c5021014569f0f1","data":{"created_slides":0,"remaining_slides":2}}
[2026-07-11T14:46:51] POLL task=task-ffea3d7dabfb5839e30759a8e1d4d4614c25890b5ecb522a3c5021014569f0f1 idx=32 status=processing
[2026-07-11T14:46:53] REQUEST GET /api/v1/ppt/presentation/status/task-ffea3d7dabfb5839e30759a8e1d4d4614c25890b5ecb522a3c5021014569f0f1 timeout=15s body=
[2026-07-11T14:46:53] RESPONSE GET /api/v1/ppt/presentation/status/task-ffea3d7dabfb5839e30759a8e1d4d4614c25890b5ecb522a3c5021014569f0f1 status=200 elapsed=0.018s body={"error":null,"status":"processing","message":"Selecting layout for each slide","created_at":"2026-07-11T12:45:48.728805","updated_at":"2026-07-11T12:46:40.369898","type":"presentation.generate","id":"task-ffea3d7dabfb5839e30759a8e1d4d4614c25890b5ecb522a3c5021014569f0f1","data":{"created_slides":0,"remaining_slides":2}}
[2026-07-11T14:46:53] POLL task=task-ffea3d7dabfb5839e30759a8e1d4d4614c25890b5ecb522a3c5021014569f0f1 idx=33 status=processing
[2026-07-11T14:46:55] REQUEST GET /api/v1/ppt/presentation/status/task-ffea3d7dabfb5839e30759a8e1d4d4614c25890b5ecb522a3c5021014569f0f1 timeout=15s body=
[2026-07-11T14:46:55] RESPONSE GET /api/v1/ppt/presentation/status/task-ffea3d7dabfb5839e30759a8e1d4d4614c25890b5ecb522a3c5021014569f0f1 status=200 elapsed=0.033s body={"error":null,"status":"processing","message":"Selecting layout for each slide","created_at":"2026-07-11T12:45:48.728805","updated_at":"2026-07-11T12:46:40.369898","type":"presentation.generate","id":"task-ffea3d7dabfb5839e30759a8e1d4d4614c25890b5ecb522a3c5021014569f0f1","data":{"created_slides":0,"remaining_slides":2}}
[2026-07-11T14:46:55] POLL task=task-ffea3d7dabfb5839e30759a8e1d4d4614c25890b5ecb522a3c5021014569f0f1 idx=34 status=processing
[2026-07-11T14:46:57] REQUEST GET /api/v1/ppt/presentation/status/task-ffea3d7dabfb5839e30759a8e1d4d4614c25890b5ecb522a3c5021014569f0f1 timeout=15s body=
[2026-07-11T14:46:57] RESPONSE GET /api/v1/ppt/presentation/status/task-ffea3d7dabfb5839e30759a8e1d4d4614c25890b5ecb522a3c5021014569f0f1 status=200 elapsed=0.014s body={"error":null,"status":"processing","message":"Selecting layout for each slide","created_at":"2026-07-11T12:45:48.728805","updated_at":"2026-07-11T12:46:40.369898","type":"presentation.generate","id":"task-ffea3d7dabfb5839e30759a8e1d4d4614c25890b5ecb522a3c5021014569f0f1","data":{"created_slides":0,"remaining_slides":2}}
[2026-07-11T14:46:57] POLL task=task-ffea3d7dabfb5839e30759a8e1d4d4614c25890b5ecb522a3c5021014569f0f1 idx=35 status=processing
[2026-07-11T14:46:59] REQUEST GET /api/v1/ppt/presentation/status/task-ffea3d7dabfb5839e30759a8e1d4d4614c25890b5ecb522a3c5021014569f0f1 timeout=15s body=
[2026-07-11T14:46:59] RESPONSE GET /api/v1/ppt/presentation/status/task-ffea3d7dabfb5839e30759a8e1d4d4614c25890b5ecb522a3c5021014569f0f1 status=200 elapsed=0.015s body={"error":null,"status":"processing","message":"Selecting layout for each slide","created_at":"2026-07-11T12:45:48.728805","updated_at":"2026-07-11T12:46:40.369898","type":"presentation.generate","id":"task-ffea3d7dabfb5839e30759a8e1d4d4614c25890b5ecb522a3c5021014569f0f1","data":{"created_slides":0,"remaining_slides":2}}
[2026-07-11T14:46:59] POLL task=task-ffea3d7dabfb5839e30759a8e1d4d4614c25890b5ecb522a3c5021014569f0f1 idx=36 status=processing
[2026-07-11T14:47:01] REQUEST GET /api/v1/ppt/presentation/status/task-ffea3d7dabfb5839e30759a8e1d4d4614c25890b5ecb522a3c5021014569f0f1 timeout=15s body=
[2026-07-11T14:47:01] RESPONSE GET /api/v1/ppt/presentation/status/task-ffea3d7dabfb5839e30759a8e1d4d4614c25890b5ecb522a3c5021014569f0f1 status=200 elapsed=0.024s body={"error":null,"status":"processing","message":"Selecting layout for each slide","created_at":"2026-07-11T12:45:48.728805","updated_at":"2026-07-11T12:46:40.369898","type":"presentation.generate","id":"task-ffea3d7dabfb5839e30759a8e1d4d4614c25890b5ecb522a3c5021014569f0f1","data":{"created_slides":0,"remaining_slides":2}}
[2026-07-11T14:47:01] POLL task=task-ffea3d7dabfb5839e30759a8e1d4d4614c25890b5ecb522a3c5021014569f0f1 idx=37 status=processing
[2026-07-11T14:47:03] REQUEST GET /api/v1/ppt/presentation/status/task-ffea3d7dabfb5839e30759a8e1d4d4614c25890b5ecb522a3c5021014569f0f1 timeout=15s body=
[2026-07-11T14:47:03] RESPONSE GET /api/v1/ppt/presentation/status/task-ffea3d7dabfb5839e30759a8e1d4d4614c25890b5ecb522a3c5021014569f0f1 status=200 elapsed=0.044s body={"error":null,"status":"processing","message":"Selecting layout for each slide","created_at":"2026-07-11T12:45:48.728805","updated_at":"2026-07-11T12:46:40.369898","type":"presentation.generate","id":"task-ffea3d7dabfb5839e30759a8e1d4d4614c25890b5ecb522a3c5021014569f0f1","data":{"created_slides":0,"remaining_slides":2}}
[2026-07-11T14:47:03] POLL task=task-ffea3d7dabfb5839e30759a8e1d4d4614c25890b5ecb522a3c5021014569f0f1 idx=38 status=processing
[2026-07-11T14:47:05] REQUEST GET /api/v1/ppt/presentation/status/task-ffea3d7dabfb5839e30759a8e1d4d4614c25890b5ecb522a3c5021014569f0f1 timeout=15s body=
[2026-07-11T14:47:05] RESPONSE GET /api/v1/ppt/presentation/status/task-ffea3d7dabfb5839e30759a8e1d4d4614c25890b5ecb522a3c5021014569f0f1 status=200 elapsed=0.021s body={"error":null,"status":"processing","message":"Selecting layout for each slide","created_at":"2026-07-11T12:45:48.728805","updated_at":"2026-07-11T12:46:40.369898","type":"presentation.generate","id":"task-ffea3d7dabfb5839e30759a8e1d4d4614c25890b5ecb522a3c5021014569f0f1","data":{"created_slides":0,"remaining_slides":2}}
[2026-07-11T14:47:05] POLL task=task-ffea3d7dabfb5839e30759a8e1d4d4614c25890b5ecb522a3c5021014569f0f1 idx=39 status=processing
[2026-07-11T14:47:07] REQUEST GET /api/v1/ppt/presentation/status/task-ffea3d7dabfb5839e30759a8e1d4d4614c25890b5ecb522a3c5021014569f0f1 timeout=15s body=
[2026-07-11T14:47:07] RESPONSE GET /api/v1/ppt/presentation/status/task-ffea3d7dabfb5839e30759a8e1d4d4614c25890b5ecb522a3c5021014569f0f1 status=200 elapsed=0.012s body={"error":null,"status":"processing","message":"Selecting layout for each slide","created_at":"2026-07-11T12:45:48.728805","updated_at":"2026-07-11T12:46:40.369898","type":"presentation.generate","id":"task-ffea3d7dabfb5839e30759a8e1d4d4614c25890b5ecb522a3c5021014569f0f1","data":{"created_slides":0,"remaining_slides":2}}
[2026-07-11T14:47:07] POLL task=task-ffea3d7dabfb5839e30759a8e1d4d4614c25890b5ecb522a3c5021014569f0f1 idx=40 status=processing
[2026-07-11T14:47:09] REQUEST GET /api/v1/ppt/presentation/status/task-ffea3d7dabfb5839e30759a8e1d4d4614c25890b5ecb522a3c5021014569f0f1 timeout=15s body=
[2026-07-11T14:47:09] RESPONSE GET /api/v1/ppt/presentation/status/task-ffea3d7dabfb5839e30759a8e1d4d4614c25890b5ecb522a3c5021014569f0f1 status=200 elapsed=0.014s body={"error":null,"status":"processing","message":"Selecting layout for each slide","created_at":"2026-07-11T12:45:48.728805","updated_at":"2026-07-11T12:46:40.369898","type":"presentation.generate","id":"task-ffea3d7dabfb5839e30759a8e1d4d4614c25890b5ecb522a3c5021014569f0f1","data":{"created_slides":0,"remaining_slides":2}}
[2026-07-11T14:47:09] POLL task=task-ffea3d7dabfb5839e30759a8e1d4d4614c25890b5ecb522a3c5021014569f0f1 idx=41 status=processing
[2026-07-11T14:47:11] REQUEST GET /api/v1/ppt/presentation/status/task-ffea3d7dabfb5839e30759a8e1d4d4614c25890b5ecb522a3c5021014569f0f1 timeout=15s body=
[2026-07-11T14:47:11] RESPONSE GET /api/v1/ppt/presentation/status/task-ffea3d7dabfb5839e30759a8e1d4d4614c25890b5ecb522a3c5021014569f0f1 status=200 elapsed=0.015s body={"error":null,"status":"processing","message":"Selecting layout for each slide","created_at":"2026-07-11T12:45:48.728805","updated_at":"2026-07-11T12:46:40.369898","type":"presentation.generate","id":"task-ffea3d7dabfb5839e30759a8e1d4d4614c25890b5ecb522a3c5021014569f0f1","data":{"created_slides":0,"remaining_slides":2}}
[2026-07-11T14:47:11] POLL task=task-ffea3d7dabfb5839e30759a8e1d4d4614c25890b5ecb522a3c5021014569f0f1 idx=42 status=processing
[2026-07-11T14:47:13] REQUEST GET /api/v1/ppt/presentation/status/task-ffea3d7dabfb5839e30759a8e1d4d4614c25890b5ecb522a3c5021014569f0f1 timeout=15s body=
[2026-07-11T14:47:14] RESPONSE GET /api/v1/ppt/presentation/status/task-ffea3d7dabfb5839e30759a8e1d4d4614c25890b5ecb522a3c5021014569f0f1 status=200 elapsed=0.043s body={"error":null,"status":"processing","message":"Selecting layout for each slide","created_at":"2026-07-11T12:45:48.728805","updated_at":"2026-07-11T12:46:40.369898","type":"presentation.generate","id":"task-ffea3d7dabfb5839e30759a8e1d4d4614c25890b5ecb522a3c5021014569f0f1","data":{"created_slides":0,"remaining_slides":2}}
[2026-07-11T14:47:14] POLL task=task-ffea3d7dabfb5839e30759a8e1d4d4614c25890b5ecb522a3c5021014569f0f1 idx=43 status=processing
[2026-07-11T14:47:16] REQUEST GET /api/v1/ppt/presentation/status/task-ffea3d7dabfb5839e30759a8e1d4d4614c25890b5ecb522a3c5021014569f0f1 timeout=15s body=
[2026-07-11T14:47:16] RESPONSE GET /api/v1/ppt/presentation/status/task-ffea3d7dabfb5839e30759a8e1d4d4614c25890b5ecb522a3c5021014569f0f1 status=200 elapsed=0.023s body={"error":null,"status":"processing","message":"Selecting layout for each slide","created_at":"2026-07-11T12:45:48.728805","updated_at":"2026-07-11T12:46:40.369898","type":"presentation.generate","id":"task-ffea3d7dabfb5839e30759a8e1d4d4614c25890b5ecb522a3c5021014569f0f1","data":{"created_slides":0,"remaining_slides":2}}
[2026-07-11T14:47:16] POLL task=task-ffea3d7dabfb5839e30759a8e1d4d4614c25890b5ecb522a3c5021014569f0f1 idx=44 status=processing
[2026-07-11T14:47:18] REQUEST GET /api/v1/ppt/presentation/status/task-ffea3d7dabfb5839e30759a8e1d4d4614c25890b5ecb522a3c5021014569f0f1 timeout=15s body=
[2026-07-11T14:47:18] RESPONSE GET /api/v1/ppt/presentation/status/task-ffea3d7dabfb5839e30759a8e1d4d4614c25890b5ecb522a3c5021014569f0f1 status=200 elapsed=0.018s body={"error":null,"status":"processing","message":"Selecting layout for each slide","created_at":"2026-07-11T12:45:48.728805","updated_at":"2026-07-11T12:46:40.369898","type":"presentation.generate","id":"task-ffea3d7dabfb5839e30759a8e1d4d4614c25890b5ecb522a3c5021014569f0f1","data":{"created_slides":0,"remaining_slides":2}}
[2026-07-11T14:47:18] POLL task=task-ffea3d7dabfb5839e30759a8e1d4d4614c25890b5ecb522a3c5021014569f0f1 idx=45 status=processing
[2026-07-11T14:47:20] REQUEST GET /api/v1/ppt/presentation/status/task-ffea3d7dabfb5839e30759a8e1d4d4614c25890b5ecb522a3c5021014569f0f1 timeout=15s body=
[2026-07-11T14:47:20] RESPONSE GET /api/v1/ppt/presentation/status/task-ffea3d7dabfb5839e30759a8e1d4d4614c25890b5ecb522a3c5021014569f0f1 status=200 elapsed=0.033s body={"error":null,"status":"processing","message":"Selecting layout for each slide","created_at":"2026-07-11T12:45:48.728805","updated_at":"2026-07-11T12:46:40.369898","type":"presentation.generate","id":"task-ffea3d7dabfb5839e30759a8e1d4d4614c25890b5ecb522a3c5021014569f0f1","data":{"created_slides":0,"remaining_slides":2}}
[2026-07-11T14:47:20] POLL task=task-ffea3d7dabfb5839e30759a8e1d4d4614c25890b5ecb522a3c5021014569f0f1 idx=46 status=processing
[2026-07-11T14:47:22] REQUEST GET /api/v1/ppt/presentation/status/task-ffea3d7dabfb5839e30759a8e1d4d4614c25890b5ecb522a3c5021014569f0f1 timeout=15s body=
[2026-07-11T14:47:22] RESPONSE GET /api/v1/ppt/presentation/status/task-ffea3d7dabfb5839e30759a8e1d4d4614c25890b5ecb522a3c5021014569f0f1 status=200 elapsed=0.022s body={"error":null,"status":"processing","message":"Selecting layout for each slide","created_at":"2026-07-11T12:45:48.728805","updated_at":"2026-07-11T12:46:40.369898","type":"presentation.generate","id":"task-ffea3d7dabfb5839e30759a8e1d4d4614c25890b5ecb522a3c5021014569f0f1","data":{"created_slides":0,"remaining_slides":2}}
[2026-07-11T14:47:22] POLL task=task-ffea3d7dabfb5839e30759a8e1d4d4614c25890b5ecb522a3c5021014569f0f1 idx=47 status=processing
[2026-07-11T14:47:24] REQUEST GET /api/v1/ppt/presentation/status/task-ffea3d7dabfb5839e30759a8e1d4d4614c25890b5ecb522a3c5021014569f0f1 timeout=15s body=
[2026-07-11T14:47:24] RESPONSE GET /api/v1/ppt/presentation/status/task-ffea3d7dabfb5839e30759a8e1d4d4614c25890b5ecb522a3c5021014569f0f1 status=200 elapsed=0.011s body={"error":null,"status":"processing","message":"Selecting layout for each slide","created_at":"2026-07-11T12:45:48.728805","updated_at":"2026-07-11T12:46:40.369898","type":"presentation.generate","id":"task-ffea3d7dabfb5839e30759a8e1d4d4614c25890b5ecb522a3c5021014569f0f1","data":{"created_slides":0,"remaining_slides":2}}
[2026-07-11T14:47:24] POLL task=task-ffea3d7dabfb5839e30759a8e1d4d4614c25890b5ecb522a3c5021014569f0f1 idx=48 status=processing
[2026-07-11T14:47:26] REQUEST GET /api/v1/ppt/presentation/status/task-ffea3d7dabfb5839e30759a8e1d4d4614c25890b5ecb522a3c5021014569f0f1 timeout=15s body=
[2026-07-11T14:47:26] RESPONSE GET /api/v1/ppt/presentation/status/task-ffea3d7dabfb5839e30759a8e1d4d4614c25890b5ecb522a3c5021014569f0f1 status=200 elapsed=0.017s body={"error":null,"status":"processing","message":"Selecting layout for each slide","created_at":"2026-07-11T12:45:48.728805","updated_at":"2026-07-11T12:46:40.369898","type":"presentation.generate","id":"task-ffea3d7dabfb5839e30759a8e1d4d4614c25890b5ecb522a3c5021014569f0f1","data":{"created_slides":0,"remaining_slides":2}}
[2026-07-11T14:47:26] POLL task=task-ffea3d7dabfb5839e30759a8e1d4d4614c25890b5ecb522a3c5021014569f0f1 idx=49 status=processing
[2026-07-11T14:47:28] REQUEST GET /api/v1/ppt/presentation/status/task-ffea3d7dabfb5839e30759a8e1d4d4614c25890b5ecb522a3c5021014569f0f1 timeout=15s body=
[2026-07-11T14:47:28] RESPONSE GET /api/v1/ppt/presentation/status/task-ffea3d7dabfb5839e30759a8e1d4d4614c25890b5ecb522a3c5021014569f0f1 status=200 elapsed=0.024s body={"error":null,"status":"processing","message":"Selecting layout for each slide","created_at":"2026-07-11T12:45:48.728805","updated_at":"2026-07-11T12:46:40.369898","type":"presentation.generate","id":"task-ffea3d7dabfb5839e30759a8e1d4d4614c25890b5ecb522a3c5021014569f0f1","data":{"created_slides":0,"remaining_slides":2}}
[2026-07-11T14:47:28] POLL task=task-ffea3d7dabfb5839e30759a8e1d4d4614c25890b5ecb522a3c5021014569f0f1 idx=50 status=processing
[2026-07-11T14:47:30] REQUEST GET /api/v1/ppt/presentation/status/task-ffea3d7dabfb5839e30759a8e1d4d4614c25890b5ecb522a3c5021014569f0f1 timeout=15s body=
[2026-07-11T14:47:30] RESPONSE GET /api/v1/ppt/presentation/status/task-ffea3d7dabfb5839e30759a8e1d4d4614c25890b5ecb522a3c5021014569f0f1 status=200 elapsed=0.042s body={"error":null,"status":"processing","message":"Selecting layout for each slide","created_at":"2026-07-11T12:45:48.728805","updated_at":"2026-07-11T12:46:40.369898","type":"presentation.generate","id":"task-ffea3d7dabfb5839e30759a8e1d4d4614c25890b5ecb522a3c5021014569f0f1","data":{"created_slides":0,"remaining_slides":2}}
[2026-07-11T14:47:30] POLL task=task-ffea3d7dabfb5839e30759a8e1d4d4614c25890b5ecb522a3c5021014569f0f1 idx=51 status=processing
[2026-07-11T14:47:32] REQUEST GET /api/v1/ppt/presentation/status/task-ffea3d7dabfb5839e30759a8e1d4d4614c25890b5ecb522a3c5021014569f0f1 timeout=15s body=
[2026-07-11T14:47:32] RESPONSE GET /api/v1/ppt/presentation/status/task-ffea3d7dabfb5839e30759a8e1d4d4614c25890b5ecb522a3c5021014569f0f1 status=200 elapsed=0.014s body={"error":null,"status":"processing","message":"Selecting layout for each slide","created_at":"2026-07-11T12:45:48.728805","updated_at":"2026-07-11T12:46:40.369898","type":"presentation.generate","id":"task-ffea3d7dabfb5839e30759a8e1d4d4614c25890b5ecb522a3c5021014569f0f1","data":{"created_slides":0,"remaining_slides":2}}
[2026-07-11T14:47:32] POLL task=task-ffea3d7dabfb5839e30759a8e1d4d4614c25890b5ecb522a3c5021014569f0f1 idx=52 status=processing
[2026-07-11T14:47:34] REQUEST GET /api/v1/ppt/presentation/status/task-ffea3d7dabfb5839e30759a8e1d4d4614c25890b5ecb522a3c5021014569f0f1 timeout=15s body=
[2026-07-11T14:47:34] RESPONSE GET /api/v1/ppt/presentation/status/task-ffea3d7dabfb5839e30759a8e1d4d4614c25890b5ecb522a3c5021014569f0f1 status=200 elapsed=0.023s body={"error":null,"status":"processing","message":"Selecting layout for each slide","created_at":"2026-07-11T12:45:48.728805","updated_at":"2026-07-11T12:46:40.369898","type":"presentation.generate","id":"task-ffea3d7dabfb5839e30759a8e1d4d4614c25890b5ecb522a3c5021014569f0f1","data":{"created_slides":0,"remaining_slides":2}}
[2026-07-11T14:47:34] POLL task=task-ffea3d7dabfb5839e30759a8e1d4d4614c25890b5ecb522a3c5021014569f0f1 idx=53 status=processing
[2026-07-11T14:47:36] REQUEST GET /api/v1/ppt/presentation/status/task-ffea3d7dabfb5839e30759a8e1d4d4614c25890b5ecb522a3c5021014569f0f1 timeout=15s body=
[2026-07-11T14:47:36] RESPONSE GET /api/v1/ppt/presentation/status/task-ffea3d7dabfb5839e30759a8e1d4d4614c25890b5ecb522a3c5021014569f0f1 status=200 elapsed=0.018s body={"error":null,"status":"processing","message":"Selecting layout for each slide","created_at":"2026-07-11T12:45:48.728805","updated_at":"2026-07-11T12:46:40.369898","type":"presentation.generate","id":"task-ffea3d7dabfb5839e30759a8e1d4d4614c25890b5ecb522a3c5021014569f0f1","data":{"created_slides":0,"remaining_slides":2}}
[2026-07-11T14:47:36] POLL task=task-ffea3d7dabfb5839e30759a8e1d4d4614c25890b5ecb522a3c5021014569f0f1 idx=54 status=processing
[2026-07-11T14:47:38] REQUEST GET /api/v1/ppt/presentation/status/task-ffea3d7dabfb5839e30759a8e1d4d4614c25890b5ecb522a3c5021014569f0f1 timeout=15s body=
[2026-07-11T14:47:38] RESPONSE GET /api/v1/ppt/presentation/status/task-ffea3d7dabfb5839e30759a8e1d4d4614c25890b5ecb522a3c5021014569f0f1 status=200 elapsed=0.016s body={"error":null,"status":"processing","message":"Selecting layout for each slide","created_at":"2026-07-11T12:45:48.728805","updated_at":"2026-07-11T12:46:40.369898","type":"presentation.generate","id":"task-ffea3d7dabfb5839e30759a8e1d4d4614c25890b5ecb522a3c5021014569f0f1","data":{"created_slides":0,"remaining_slides":2}}
[2026-07-11T14:47:38] POLL task=task-ffea3d7dabfb5839e30759a8e1d4d4614c25890b5ecb522a3c5021014569f0f1 idx=55 status=processing
[2026-07-11T14:47:40] REQUEST GET /api/v1/ppt/presentation/status/task-ffea3d7dabfb5839e30759a8e1d4d4614c25890b5ecb522a3c5021014569f0f1 timeout=15s body=
[2026-07-11T14:47:40] RESPONSE GET /api/v1/ppt/presentation/status/task-ffea3d7dabfb5839e30759a8e1d4d4614c25890b5ecb522a3c5021014569f0f1 status=200 elapsed=0.052s body={"error":null,"status":"processing","message":"Generating slides","created_at":"2026-07-11T12:45:48.728805","updated_at":"2026-07-11T12:47:40.070108","type":"presentation.generate","id":"task-ffea3d7dabfb5839e30759a8e1d4d4614c25890b5ecb522a3c5021014569f0f1","data":{"created_slides":0,"remaining_slides":2}}
[2026-07-11T14:47:40] POLL task=task-ffea3d7dabfb5839e30759a8e1d4d4614c25890b5ecb522a3c5021014569f0f1 idx=56 status=processing
[2026-07-11T14:47:42] REQUEST GET /api/v1/ppt/presentation/status/task-ffea3d7dabfb5839e30759a8e1d4d4614c25890b5ecb522a3c5021014569f0f1 timeout=15s body=
[2026-07-11T14:47:42] RESPONSE GET /api/v1/ppt/presentation/status/task-ffea3d7dabfb5839e30759a8e1d4d4614c25890b5ecb522a3c5021014569f0f1 status=200 elapsed=0.014s body={"error":null,"status":"processing","message":"Generating slides","created_at":"2026-07-11T12:45:48.728805","updated_at":"2026-07-11T12:47:40.070108","type":"presentation.generate","id":"task-ffea3d7dabfb5839e30759a8e1d4d4614c25890b5ecb522a3c5021014569f0f1","data":{"created_slides":0,"remaining_slides":2}}
[2026-07-11T14:47:42] POLL task=task-ffea3d7dabfb5839e30759a8e1d4d4614c25890b5ecb522a3c5021014569f0f1 idx=57 status=processing
[2026-07-11T14:47:44] REQUEST GET /api/v1/ppt/presentation/status/task-ffea3d7dabfb5839e30759a8e1d4d4614c25890b5ecb522a3c5021014569f0f1 timeout=15s body=
[2026-07-11T14:47:44] RESPONSE GET /api/v1/ppt/presentation/status/task-ffea3d7dabfb5839e30759a8e1d4d4614c25890b5ecb522a3c5021014569f0f1 status=200 elapsed=0.057s body={"error":null,"status":"processing","message":"Generating slides","created_at":"2026-07-11T12:45:48.728805","updated_at":"2026-07-11T12:47:40.070108","type":"presentation.generate","id":"task-ffea3d7dabfb5839e30759a8e1d4d4614c25890b5ecb522a3c5021014569f0f1","data":{"created_slides":0,"remaining_slides":2}}
[2026-07-11T14:47:44] POLL task=task-ffea3d7dabfb5839e30759a8e1d4d4614c25890b5ecb522a3c5021014569f0f1 idx=58 status=processing
[2026-07-11T14:47:46] REQUEST GET /api/v1/ppt/presentation/status/task-ffea3d7dabfb5839e30759a8e1d4d4614c25890b5ecb522a3c5021014569f0f1 timeout=15s body=
[2026-07-11T14:47:46] RESPONSE GET /api/v1/ppt/presentation/status/task-ffea3d7dabfb5839e30759a8e1d4d4614c25890b5ecb522a3c5021014569f0f1 status=200 elapsed=0.015s body={"error":null,"status":"processing","message":"Generating slides","created_at":"2026-07-11T12:45:48.728805","updated_at":"2026-07-11T12:47:40.070108","type":"presentation.generate","id":"task-ffea3d7dabfb5839e30759a8e1d4d4614c25890b5ecb522a3c5021014569f0f1","data":{"created_slides":0,"remaining_slides":2}}
[2026-07-11T14:47:46] POLL task=task-ffea3d7dabfb5839e30759a8e1d4d4614c25890b5ecb522a3c5021014569f0f1 idx=59 status=processing
[2026-07-11T14:47:48] REQUEST GET /api/v1/ppt/presentation/status/task-ffea3d7dabfb5839e30759a8e1d4d4614c25890b5ecb522a3c5021014569f0f1 timeout=15s body=
[2026-07-11T14:47:48] RESPONSE GET /api/v1/ppt/presentation/status/task-ffea3d7dabfb5839e30759a8e1d4d4614c25890b5ecb522a3c5021014569f0f1 status=200 elapsed=0.014s body={"error":null,"status":"processing","message":"Generating slides","created_at":"2026-07-11T12:45:48.728805","updated_at":"2026-07-11T12:47:40.070108","type":"presentation.generate","id":"task-ffea3d7dabfb5839e30759a8e1d4d4614c25890b5ecb522a3c5021014569f0f1","data":{"created_slides":0,"remaining_slides":2}}
[2026-07-11T14:47:48] POLL task=task-ffea3d7dabfb5839e30759a8e1d4d4614c25890b5ecb522a3c5021014569f0f1 idx=60 status=processing
[2026-07-11T14:47:50] REQUEST GET /api/v1/ppt/presentation/status/task-ffea3d7dabfb5839e30759a8e1d4d4614c25890b5ecb522a3c5021014569f0f1 timeout=15s body=
[2026-07-11T14:47:50] RESPONSE GET /api/v1/ppt/presentation/status/task-ffea3d7dabfb5839e30759a8e1d4d4614c25890b5ecb522a3c5021014569f0f1 status=200 elapsed=0.015s body={"error":null,"status":"processing","message":"Generating slides","created_at":"2026-07-11T12:45:48.728805","updated_at":"2026-07-11T12:47:40.070108","type":"presentation.generate","id":"task-ffea3d7dabfb5839e30759a8e1d4d4614c25890b5ecb522a3c5021014569f0f1","data":{"created_slides":0,"remaining_slides":2}}
[2026-07-11T14:47:50] POLL task=task-ffea3d7dabfb5839e30759a8e1d4d4614c25890b5ecb522a3c5021014569f0f1 idx=61 status=processing
[2026-07-11T14:47:52] REQUEST GET /api/v1/ppt/presentation/status/task-ffea3d7dabfb5839e30759a8e1d4d4614c25890b5ecb522a3c5021014569f0f1 timeout=15s body=
[2026-07-11T14:47:52] RESPONSE GET /api/v1/ppt/presentation/status/task-ffea3d7dabfb5839e30759a8e1d4d4614c25890b5ecb522a3c5021014569f0f1 status=200 elapsed=0.019s body={"error":null,"status":"processing","message":"Generating slides","created_at":"2026-07-11T12:45:48.728805","updated_at":"2026-07-11T12:47:40.070108","type":"presentation.generate","id":"task-ffea3d7dabfb5839e30759a8e1d4d4614c25890b5ecb522a3c5021014569f0f1","data":{"created_slides":0,"remaining_slides":2}}
[2026-07-11T14:47:52] POLL task=task-ffea3d7dabfb5839e30759a8e1d4d4614c25890b5ecb522a3c5021014569f0f1 idx=62 status=processing
[2026-07-11T14:47:54] REQUEST GET /api/v1/ppt/presentation/status/task-ffea3d7dabfb5839e30759a8e1d4d4614c25890b5ecb522a3c5021014569f0f1 timeout=15s body=
[2026-07-11T14:47:54] RESPONSE GET /api/v1/ppt/presentation/status/task-ffea3d7dabfb5839e30759a8e1d4d4614c25890b5ecb522a3c5021014569f0f1 status=200 elapsed=0.066s body={"error":null,"status":"processing","message":"Generating slides","created_at":"2026-07-11T12:45:48.728805","updated_at":"2026-07-11T12:47:40.070108","type":"presentation.generate","id":"task-ffea3d7dabfb5839e30759a8e1d4d4614c25890b5ecb522a3c5021014569f0f1","data":{"created_slides":0,"remaining_slides":2}}
[2026-07-11T14:47:54] POLL task=task-ffea3d7dabfb5839e30759a8e1d4d4614c25890b5ecb522a3c5021014569f0f1 idx=63 status=processing
[2026-07-11T14:47:56] REQUEST GET /api/v1/ppt/presentation/status/task-ffea3d7dabfb5839e30759a8e1d4d4614c25890b5ecb522a3c5021014569f0f1 timeout=15s body=
[2026-07-11T14:47:56] RESPONSE GET /api/v1/ppt/presentation/status/task-ffea3d7dabfb5839e30759a8e1d4d4614c25890b5ecb522a3c5021014569f0f1 status=200 elapsed=0.018s body={"error":null,"status":"processing","message":"Generating slides","created_at":"2026-07-11T12:45:48.728805","updated_at":"2026-07-11T12:47:40.070108","type":"presentation.generate","id":"task-ffea3d7dabfb5839e30759a8e1d4d4614c25890b5ecb522a3c5021014569f0f1","data":{"created_slides":0,"remaining_slides":2}}
[2026-07-11T14:47:56] POLL task=task-ffea3d7dabfb5839e30759a8e1d4d4614c25890b5ecb522a3c5021014569f0f1 idx=64 status=processing
[2026-07-11T14:47:58] REQUEST GET /api/v1/ppt/presentation/status/task-ffea3d7dabfb5839e30759a8e1d4d4614c25890b5ecb522a3c5021014569f0f1 timeout=15s body=
[2026-07-11T14:47:58] RESPONSE GET /api/v1/ppt/presentation/status/task-ffea3d7dabfb5839e30759a8e1d4d4614c25890b5ecb522a3c5021014569f0f1 status=200 elapsed=0.016s body={"error":null,"status":"processing","message":"Generating slides","created_at":"2026-07-11T12:45:48.728805","updated_at":"2026-07-11T12:47:40.070108","type":"presentation.generate","id":"task-ffea3d7dabfb5839e30759a8e1d4d4614c25890b5ecb522a3c5021014569f0f1","data":{"created_slides":0,"remaining_slides":2}}
[2026-07-11T14:47:58] POLL task=task-ffea3d7dabfb5839e30759a8e1d4d4614c25890b5ecb522a3c5021014569f0f1 idx=65 status=processing
[2026-07-11T14:48:00] REQUEST GET /api/v1/ppt/presentation/status/task-ffea3d7dabfb5839e30759a8e1d4d4614c25890b5ecb522a3c5021014569f0f1 timeout=15s body=
[2026-07-11T14:48:00] RESPONSE GET /api/v1/ppt/presentation/status/task-ffea3d7dabfb5839e30759a8e1d4d4614c25890b5ecb522a3c5021014569f0f1 status=200 elapsed=0.015s body={"error":null,"status":"processing","message":"Generating slides","created_at":"2026-07-11T12:45:48.728805","updated_at":"2026-07-11T12:47:40.070108","type":"presentation.generate","id":"task-ffea3d7dabfb5839e30759a8e1d4d4614c25890b5ecb522a3c5021014569f0f1","data":{"created_slides":0,"remaining_slides":2}}
[2026-07-11T14:48:00] POLL task=task-ffea3d7dabfb5839e30759a8e1d4d4614c25890b5ecb522a3c5021014569f0f1 idx=66 status=processing
[2026-07-11T14:48:02] REQUEST GET /api/v1/ppt/presentation/status/task-ffea3d7dabfb5839e30759a8e1d4d4614c25890b5ecb522a3c5021014569f0f1 timeout=15s body=
[2026-07-11T14:48:02] RESPONSE GET /api/v1/ppt/presentation/status/task-ffea3d7dabfb5839e30759a8e1d4d4614c25890b5ecb522a3c5021014569f0f1 status=200 elapsed=0.024s body={"error":null,"status":"processing","message":"Generating slides","created_at":"2026-07-11T12:45:48.728805","updated_at":"2026-07-11T12:47:40.070108","type":"presentation.generate","id":"task-ffea3d7dabfb5839e30759a8e1d4d4614c25890b5ecb522a3c5021014569f0f1","data":{"created_slides":0,"remaining_slides":2}}
[2026-07-11T14:48:02] POLL task=task-ffea3d7dabfb5839e30759a8e1d4d4614c25890b5ecb522a3c5021014569f0f1 idx=67 status=processing
[2026-07-11T14:48:04] REQUEST GET /api/v1/ppt/presentation/status/task-ffea3d7dabfb5839e30759a8e1d4d4614c25890b5ecb522a3c5021014569f0f1 timeout=15s body=
[2026-07-11T14:48:04] RESPONSE GET /api/v1/ppt/presentation/status/task-ffea3d7dabfb5839e30759a8e1d4d4614c25890b5ecb522a3c5021014569f0f1 status=200 elapsed=0.053s body={"error":null,"status":"processing","message":"Generating slides","created_at":"2026-07-11T12:45:48.728805","updated_at":"2026-07-11T12:47:40.070108","type":"presentation.generate","id":"task-ffea3d7dabfb5839e30759a8e1d4d4614c25890b5ecb522a3c5021014569f0f1","data":{"created_slides":0,"remaining_slides":2}}
[2026-07-11T14:48:04] POLL task=task-ffea3d7dabfb5839e30759a8e1d4d4614c25890b5ecb522a3c5021014569f0f1 idx=68 status=processing
[2026-07-11T14:48:06] REQUEST GET /api/v1/ppt/presentation/status/task-ffea3d7dabfb5839e30759a8e1d4d4614c25890b5ecb522a3c5021014569f0f1 timeout=15s body=
[2026-07-11T14:48:06] RESPONSE GET /api/v1/ppt/presentation/status/task-ffea3d7dabfb5839e30759a8e1d4d4614c25890b5ecb522a3c5021014569f0f1 status=200 elapsed=0.018s body={"error":null,"status":"processing","message":"Generating slides","created_at":"2026-07-11T12:45:48.728805","updated_at":"2026-07-11T12:47:40.070108","type":"presentation.generate","id":"task-ffea3d7dabfb5839e30759a8e1d4d4614c25890b5ecb522a3c5021014569f0f1","data":{"created_slides":0,"remaining_slides":2}}
[2026-07-11T14:48:06] POLL task=task-ffea3d7dabfb5839e30759a8e1d4d4614c25890b5ecb522a3c5021014569f0f1 idx=69 status=processing
[2026-07-11T14:48:08] REQUEST GET /api/v1/ppt/presentation/status/task-ffea3d7dabfb5839e30759a8e1d4d4614c25890b5ecb522a3c5021014569f0f1 timeout=15s body=
[2026-07-11T14:48:08] RESPONSE GET /api/v1/ppt/presentation/status/task-ffea3d7dabfb5839e30759a8e1d4d4614c25890b5ecb522a3c5021014569f0f1 status=200 elapsed=0.01s body={"error":null,"status":"processing","message":"Generating slides","created_at":"2026-07-11T12:45:48.728805","updated_at":"2026-07-11T12:47:40.070108","type":"presentation.generate","id":"task-ffea3d7dabfb5839e30759a8e1d4d4614c25890b5ecb522a3c5021014569f0f1","data":{"created_slides":0,"remaining_slides":2}}
[2026-07-11T14:48:08] POLL task=task-ffea3d7dabfb5839e30759a8e1d4d4614c25890b5ecb522a3c5021014569f0f1 idx=70 status=processing
[2026-07-11T14:48:10] REQUEST GET /api/v1/ppt/presentation/status/task-ffea3d7dabfb5839e30759a8e1d4d4614c25890b5ecb522a3c5021014569f0f1 timeout=15s body=
[2026-07-11T14:48:10] RESPONSE GET /api/v1/ppt/presentation/status/task-ffea3d7dabfb5839e30759a8e1d4d4614c25890b5ecb522a3c5021014569f0f1 status=200 elapsed=0.021s body={"error":null,"status":"processing","message":"Generating slides","created_at":"2026-07-11T12:45:48.728805","updated_at":"2026-07-11T12:47:40.070108","type":"presentation.generate","id":"task-ffea3d7dabfb5839e30759a8e1d4d4614c25890b5ecb522a3c5021014569f0f1","data":{"created_slides":0,"remaining_slides":2}}
[2026-07-11T14:48:10] POLL task=task-ffea3d7dabfb5839e30759a8e1d4d4614c25890b5ecb522a3c5021014569f0f1 idx=71 status=processing
[2026-07-11T14:48:12] REQUEST GET /api/v1/ppt/presentation/status/task-ffea3d7dabfb5839e30759a8e1d4d4614c25890b5ecb522a3c5021014569f0f1 timeout=15s body=
[2026-07-11T14:48:12] RESPONSE GET /api/v1/ppt/presentation/status/task-ffea3d7dabfb5839e30759a8e1d4d4614c25890b5ecb522a3c5021014569f0f1 status=200 elapsed=0.036s body={"error":null,"status":"processing","message":"Generating slides","created_at":"2026-07-11T12:45:48.728805","updated_at":"2026-07-11T12:47:40.070108","type":"presentation.generate","id":"task-ffea3d7dabfb5839e30759a8e1d4d4614c25890b5ecb522a3c5021014569f0f1","data":{"created_slides":0,"remaining_slides":2}}
[2026-07-11T14:48:12] POLL task=task-ffea3d7dabfb5839e30759a8e1d4d4614c25890b5ecb522a3c5021014569f0f1 idx=72 status=processing
[2026-07-11T14:48:14] REQUEST GET /api/v1/ppt/presentation/status/task-ffea3d7dabfb5839e30759a8e1d4d4614c25890b5ecb522a3c5021014569f0f1 timeout=15s body=
[2026-07-11T14:48:14] RESPONSE GET /api/v1/ppt/presentation/status/task-ffea3d7dabfb5839e30759a8e1d4d4614c25890b5ecb522a3c5021014569f0f1 status=200 elapsed=0.024s body={"error":null,"status":"processing","message":"Generating slides","created_at":"2026-07-11T12:45:48.728805","updated_at":"2026-07-11T12:47:40.070108","type":"presentation.generate","id":"task-ffea3d7dabfb5839e30759a8e1d4d4614c25890b5ecb522a3c5021014569f0f1","data":{"created_slides":0,"remaining_slides":2}}
[2026-07-11T14:48:14] POLL task=task-ffea3d7dabfb5839e30759a8e1d4d4614c25890b5ecb522a3c5021014569f0f1 idx=73 status=processing
[2026-07-11T14:48:16] REQUEST GET /api/v1/ppt/presentation/status/task-ffea3d7dabfb5839e30759a8e1d4d4614c25890b5ecb522a3c5021014569f0f1 timeout=15s body=
[2026-07-11T14:48:16] RESPONSE GET /api/v1/ppt/presentation/status/task-ffea3d7dabfb5839e30759a8e1d4d4614c25890b5ecb522a3c5021014569f0f1 status=200 elapsed=0.02s body={"error":null,"status":"processing","message":"Generating slides","created_at":"2026-07-11T12:45:48.728805","updated_at":"2026-07-11T12:47:40.070108","type":"presentation.generate","id":"task-ffea3d7dabfb5839e30759a8e1d4d4614c25890b5ecb522a3c5021014569f0f1","data":{"created_slides":0,"remaining_slides":2}}
[2026-07-11T14:48:16] POLL task=task-ffea3d7dabfb5839e30759a8e1d4d4614c25890b5ecb522a3c5021014569f0f1 idx=74 status=processing
[2026-07-11T14:48:18] REQUEST GET /api/v1/ppt/presentation/status/task-ffea3d7dabfb5839e30759a8e1d4d4614c25890b5ecb522a3c5021014569f0f1 timeout=15s body=
[2026-07-11T14:48:18] RESPONSE GET /api/v1/ppt/presentation/status/task-ffea3d7dabfb5839e30759a8e1d4d4614c25890b5ecb522a3c5021014569f0f1 status=200 elapsed=0.015s body={"error":null,"status":"processing","message":"Generating slides","created_at":"2026-07-11T12:45:48.728805","updated_at":"2026-07-11T12:47:40.070108","type":"presentation.generate","id":"task-ffea3d7dabfb5839e30759a8e1d4d4614c25890b5ecb522a3c5021014569f0f1","data":{"created_slides":0,"remaining_slides":2}}
[2026-07-11T14:48:18] POLL task=task-ffea3d7dabfb5839e30759a8e1d4d4614c25890b5ecb522a3c5021014569f0f1 idx=75 status=processing
[2026-07-11T14:48:20] REQUEST GET /api/v1/ppt/presentation/status/task-ffea3d7dabfb5839e30759a8e1d4d4614c25890b5ecb522a3c5021014569f0f1 timeout=15s body=
[2026-07-11T14:48:20] RESPONSE GET /api/v1/ppt/presentation/status/task-ffea3d7dabfb5839e30759a8e1d4d4614c25890b5ecb522a3c5021014569f0f1 status=200 elapsed=0.015s body={"error":null,"status":"processing","message":"Generating slides","created_at":"2026-07-11T12:45:48.728805","updated_at":"2026-07-11T12:47:40.070108","type":"presentation.generate","id":"task-ffea3d7dabfb5839e30759a8e1d4d4614c25890b5ecb522a3c5021014569f0f1","data":{"created_slides":0,"remaining_slides":2}}
[2026-07-11T14:48:20] POLL task=task-ffea3d7dabfb5839e30759a8e1d4d4614c25890b5ecb522a3c5021014569f0f1 idx=76 status=processing
[2026-07-11T14:48:22] REQUEST GET /api/v1/ppt/presentation/status/task-ffea3d7dabfb5839e30759a8e1d4d4614c25890b5ecb522a3c5021014569f0f1 timeout=15s body=
[2026-07-11T14:48:22] RESPONSE GET /api/v1/ppt/presentation/status/task-ffea3d7dabfb5839e30759a8e1d4d4614c25890b5ecb522a3c5021014569f0f1 status=200 elapsed=0.017s body={"error":null,"status":"processing","message":"Generating slides","created_at":"2026-07-11T12:45:48.728805","updated_at":"2026-07-11T12:47:40.070108","type":"presentation.generate","id":"task-ffea3d7dabfb5839e30759a8e1d4d4614c25890b5ecb522a3c5021014569f0f1","data":{"created_slides":0,"remaining_slides":2}}
[2026-07-11T14:48:22] POLL task=task-ffea3d7dabfb5839e30759a8e1d4d4614c25890b5ecb522a3c5021014569f0f1 idx=77 status=processing
[2026-07-11T14:48:25] REQUEST GET /api/v1/ppt/presentation/status/task-ffea3d7dabfb5839e30759a8e1d4d4614c25890b5ecb522a3c5021014569f0f1 timeout=15s body=
[2026-07-11T14:48:25] RESPONSE GET /api/v1/ppt/presentation/status/task-ffea3d7dabfb5839e30759a8e1d4d4614c25890b5ecb522a3c5021014569f0f1 status=200 elapsed=0.032s body={"error":null,"status":"processing","message":"Generating slides","created_at":"2026-07-11T12:45:48.728805","updated_at":"2026-07-11T12:47:40.070108","type":"presentation.generate","id":"task-ffea3d7dabfb5839e30759a8e1d4d4614c25890b5ecb522a3c5021014569f0f1","data":{"created_slides":0,"remaining_slides":2}}
[2026-07-11T14:48:25] POLL task=task-ffea3d7dabfb5839e30759a8e1d4d4614c25890b5ecb522a3c5021014569f0f1 idx=78 status=processing
[2026-07-11T14:48:27] REQUEST GET /api/v1/ppt/presentation/status/task-ffea3d7dabfb5839e30759a8e1d4d4614c25890b5ecb522a3c5021014569f0f1 timeout=15s body=
[2026-07-11T14:48:27] RESPONSE GET /api/v1/ppt/presentation/status/task-ffea3d7dabfb5839e30759a8e1d4d4614c25890b5ecb522a3c5021014569f0f1 status=200 elapsed=0.02s body={"error":null,"status":"processing","message":"Generating slides","created_at":"2026-07-11T12:45:48.728805","updated_at":"2026-07-11T12:47:40.070108","type":"presentation.generate","id":"task-ffea3d7dabfb5839e30759a8e1d4d4614c25890b5ecb522a3c5021014569f0f1","data":{"created_slides":0,"remaining_slides":2}}
[2026-07-11T14:48:27] POLL task=task-ffea3d7dabfb5839e30759a8e1d4d4614c25890b5ecb522a3c5021014569f0f1 idx=79 status=processing
[2026-07-11T14:48:29] REQUEST GET /api/v1/ppt/presentation/status/task-ffea3d7dabfb5839e30759a8e1d4d4614c25890b5ecb522a3c5021014569f0f1 timeout=15s body=
[2026-07-11T14:48:29] RESPONSE GET /api/v1/ppt/presentation/status/task-ffea3d7dabfb5839e30759a8e1d4d4614c25890b5ecb522a3c5021014569f0f1 status=200 elapsed=0.034s body={"error":null,"status":"processing","message":"Generating slides","created_at":"2026-07-11T12:45:48.728805","updated_at":"2026-07-11T12:47:40.070108","type":"presentation.generate","id":"task-ffea3d7dabfb5839e30759a8e1d4d4614c25890b5ecb522a3c5021014569f0f1","data":{"created_slides":0,"remaining_slides":2}}
[2026-07-11T14:48:29] POLL task=task-ffea3d7dabfb5839e30759a8e1d4d4614c25890b5ecb522a3c5021014569f0f1 idx=80 status=processing
[2026-07-11T14:48:31] REQUEST GET /api/v1/ppt/presentation/status/task-ffea3d7dabfb5839e30759a8e1d4d4614c25890b5ecb522a3c5021014569f0f1 timeout=15s body=
[2026-07-11T14:48:31] RESPONSE GET /api/v1/ppt/presentation/status/task-ffea3d7dabfb5839e30759a8e1d4d4614c25890b5ecb522a3c5021014569f0f1 status=200 elapsed=0.017s body={"error":null,"status":"processing","message":"Generating slides","created_at":"2026-07-11T12:45:48.728805","updated_at":"2026-07-11T12:47:40.070108","type":"presentation.generate","id":"task-ffea3d7dabfb5839e30759a8e1d4d4614c25890b5ecb522a3c5021014569f0f1","data":{"created_slides":0,"remaining_slides":2}}
[2026-07-11T14:48:31] POLL task=task-ffea3d7dabfb5839e30759a8e1d4d4614c25890b5ecb522a3c5021014569f0f1 idx=81 status=processing
[2026-07-11T14:48:33] REQUEST GET /api/v1/ppt/presentation/status/task-ffea3d7dabfb5839e30759a8e1d4d4614c25890b5ecb522a3c5021014569f0f1 timeout=15s body=
[2026-07-11T14:48:33] RESPONSE GET /api/v1/ppt/presentation/status/task-ffea3d7dabfb5839e30759a8e1d4d4614c25890b5ecb522a3c5021014569f0f1 status=200 elapsed=0.044s body={"error":null,"status":"processing","message":"Generating slides","created_at":"2026-07-11T12:45:48.728805","updated_at":"2026-07-11T12:47:40.070108","type":"presentation.generate","id":"task-ffea3d7dabfb5839e30759a8e1d4d4614c25890b5ecb522a3c5021014569f0f1","data":{"created_slides":0,"remaining_slides":2}}
[2026-07-11T14:48:33] POLL task=task-ffea3d7dabfb5839e30759a8e1d4d4614c25890b5ecb522a3c5021014569f0f1 idx=82 status=processing
[2026-07-11T14:48:35] REQUEST GET /api/v1/ppt/presentation/status/task-ffea3d7dabfb5839e30759a8e1d4d4614c25890b5ecb522a3c5021014569f0f1 timeout=15s body=
[2026-07-11T14:48:35] RESPONSE GET /api/v1/ppt/presentation/status/task-ffea3d7dabfb5839e30759a8e1d4d4614c25890b5ecb522a3c5021014569f0f1 status=200 elapsed=0.033s body={"error":null,"status":"processing","message":"Generating slides","created_at":"2026-07-11T12:45:48.728805","updated_at":"2026-07-11T12:47:40.070108","type":"presentation.generate","id":"task-ffea3d7dabfb5839e30759a8e1d4d4614c25890b5ecb522a3c5021014569f0f1","data":{"created_slides":0,"remaining_slides":2}}
[2026-07-11T14:48:35] POLL task=task-ffea3d7dabfb5839e30759a8e1d4d4614c25890b5ecb522a3c5021014569f0f1 idx=83 status=processing
[2026-07-11T14:48:37] REQUEST GET /api/v1/ppt/presentation/status/task-ffea3d7dabfb5839e30759a8e1d4d4614c25890b5ecb522a3c5021014569f0f1 timeout=15s body=
[2026-07-11T14:48:37] RESPONSE GET /api/v1/ppt/presentation/status/task-ffea3d7dabfb5839e30759a8e1d4d4614c25890b5ecb522a3c5021014569f0f1 status=200 elapsed=0.015s body={"error":null,"status":"processing","message":"Generating slides","created_at":"2026-07-11T12:45:48.728805","updated_at":"2026-07-11T12:47:40.070108","type":"presentation.generate","id":"task-ffea3d7dabfb5839e30759a8e1d4d4614c25890b5ecb522a3c5021014569f0f1","data":{"created_slides":0,"remaining_slides":2}}
[2026-07-11T14:48:37] POLL task=task-ffea3d7dabfb5839e30759a8e1d4d4614c25890b5ecb522a3c5021014569f0f1 idx=84 status=processing
[2026-07-11T14:48:39] REQUEST GET /api/v1/ppt/presentation/status/task-ffea3d7dabfb5839e30759a8e1d4d4614c25890b5ecb522a3c5021014569f0f1 timeout=15s body=
[2026-07-11T14:48:39] RESPONSE GET /api/v1/ppt/presentation/status/task-ffea3d7dabfb5839e30759a8e1d4d4614c25890b5ecb522a3c5021014569f0f1 status=200 elapsed=0.02s body={"error":null,"status":"processing","message":"Generating slides","created_at":"2026-07-11T12:45:48.728805","updated_at":"2026-07-11T12:47:40.070108","type":"presentation.generate","id":"task-ffea3d7dabfb5839e30759a8e1d4d4614c25890b5ecb522a3c5021014569f0f1","data":{"created_slides":0,"remaining_slides":2}}
[2026-07-11T14:48:39] POLL task=task-ffea3d7dabfb5839e30759a8e1d4d4614c25890b5ecb522a3c5021014569f0f1 idx=85 status=processing
[2026-07-11T14:48:41] REQUEST GET /api/v1/ppt/presentation/status/task-ffea3d7dabfb5839e30759a8e1d4d4614c25890b5ecb522a3c5021014569f0f1 timeout=15s body=
[2026-07-11T14:48:41] RESPONSE GET /api/v1/ppt/presentation/status/task-ffea3d7dabfb5839e30759a8e1d4d4614c25890b5ecb522a3c5021014569f0f1 status=200 elapsed=0.018s body={"error":null,"status":"processing","message":"Generating slides","created_at":"2026-07-11T12:45:48.728805","updated_at":"2026-07-11T12:47:40.070108","type":"presentation.generate","id":"task-ffea3d7dabfb5839e30759a8e1d4d4614c25890b5ecb522a3c5021014569f0f1","data":{"created_slides":0,"remaining_slides":2}}
[2026-07-11T14:48:41] POLL task=task-ffea3d7dabfb5839e30759a8e1d4d4614c25890b5ecb522a3c5021014569f0f1 idx=86 status=processing
[2026-07-11T14:48:43] REQUEST GET /api/v1/ppt/presentation/status/task-ffea3d7dabfb5839e30759a8e1d4d4614c25890b5ecb522a3c5021014569f0f1 timeout=15s body=
[2026-07-11T14:48:43] RESPONSE GET /api/v1/ppt/presentation/status/task-ffea3d7dabfb5839e30759a8e1d4d4614c25890b5ecb522a3c5021014569f0f1 status=200 elapsed=0.018s body={"error":null,"status":"processing","message":"Generating slides","created_at":"2026-07-11T12:45:48.728805","updated_at":"2026-07-11T12:47:40.070108","type":"presentation.generate","id":"task-ffea3d7dabfb5839e30759a8e1d4d4614c25890b5ecb522a3c5021014569f0f1","data":{"created_slides":0,"remaining_slides":2}}
[2026-07-11T14:48:43] POLL task=task-ffea3d7dabfb5839e30759a8e1d4d4614c25890b5ecb522a3c5021014569f0f1 idx=87 status=processing
[2026-07-11T14:48:45] REQUEST GET /api/v1/ppt/presentation/status/task-ffea3d7dabfb5839e30759a8e1d4d4614c25890b5ecb522a3c5021014569f0f1 timeout=15s body=
[2026-07-11T14:48:45] RESPONSE GET /api/v1/ppt/presentation/status/task-ffea3d7dabfb5839e30759a8e1d4d4614c25890b5ecb522a3c5021014569f0f1 status=200 elapsed=0.034s body={"error":null,"status":"processing","message":"Generating slides","created_at":"2026-07-11T12:45:48.728805","updated_at":"2026-07-11T12:47:40.070108","type":"presentation.generate","id":"task-ffea3d7dabfb5839e30759a8e1d4d4614c25890b5ecb522a3c5021014569f0f1","data":{"created_slides":0,"remaining_slides":2}}
[2026-07-11T14:48:45] POLL task=task-ffea3d7dabfb5839e30759a8e1d4d4614c25890b5ecb522a3c5021014569f0f1 idx=88 status=processing
[2026-07-11T14:48:47] REQUEST GET /api/v1/ppt/presentation/status/task-ffea3d7dabfb5839e30759a8e1d4d4614c25890b5ecb522a3c5021014569f0f1 timeout=15s body=
[2026-07-11T14:48:47] RESPONSE GET /api/v1/ppt/presentation/status/task-ffea3d7dabfb5839e30759a8e1d4d4614c25890b5ecb522a3c5021014569f0f1 status=200 elapsed=0.016s body={"error":null,"status":"processing","message":"Generating slides","created_at":"2026-07-11T12:45:48.728805","updated_at":"2026-07-11T12:47:40.070108","type":"presentation.generate","id":"task-ffea3d7dabfb5839e30759a8e1d4d4614c25890b5ecb522a3c5021014569f0f1","data":{"created_slides":0,"remaining_slides":2}}
[2026-07-11T14:48:47] POLL task=task-ffea3d7dabfb5839e30759a8e1d4d4614c25890b5ecb522a3c5021014569f0f1 idx=89 status=processing
[2026-07-11T14:48:49] REQUEST GET /api/v1/ppt/presentation/status/task-ffea3d7dabfb5839e30759a8e1d4d4614c25890b5ecb522a3c5021014569f0f1 timeout=15s body=
[2026-07-11T14:48:49] RESPONSE GET /api/v1/ppt/presentation/status/task-ffea3d7dabfb5839e30759a8e1d4d4614c25890b5ecb522a3c5021014569f0f1 status=200 elapsed=0.03s body={"error":null,"status":"processing","message":"Generating slides","created_at":"2026-07-11T12:45:48.728805","updated_at":"2026-07-11T12:47:40.070108","type":"presentation.generate","id":"task-ffea3d7dabfb5839e30759a8e1d4d4614c25890b5ecb522a3c5021014569f0f1","data":{"created_slides":0,"remaining_slides":2}}
[2026-07-11T14:48:49] POLL task=task-ffea3d7dabfb5839e30759a8e1d4d4614c25890b5ecb522a3c5021014569f0f1 idx=90 status=processing
[2026-07-11T14:48:51] REQUEST GET /api/v1/ppt/presentation/status/task-ffea3d7dabfb5839e30759a8e1d4d4614c25890b5ecb522a3c5021014569f0f1 timeout=15s body=
[2026-07-11T14:48:51] RESPONSE GET /api/v1/ppt/presentation/status/task-ffea3d7dabfb5839e30759a8e1d4d4614c25890b5ecb522a3c5021014569f0f1 status=200 elapsed=0.017s body={"error":null,"status":"processing","message":"Generating slides","created_at":"2026-07-11T12:45:48.728805","updated_at":"2026-07-11T12:47:40.070108","type":"presentation.generate","id":"task-ffea3d7dabfb5839e30759a8e1d4d4614c25890b5ecb522a3c5021014569f0f1","data":{"created_slides":0,"remaining_slides":2}}
[2026-07-11T14:48:51] POLL task=task-ffea3d7dabfb5839e30759a8e1d4d4614c25890b5ecb522a3c5021014569f0f1 idx=91 status=processing
[2026-07-11T14:48:53] REQUEST GET /api/v1/ppt/presentation/status/task-ffea3d7dabfb5839e30759a8e1d4d4614c25890b5ecb522a3c5021014569f0f1 timeout=15s body=
[2026-07-11T14:48:53] RESPONSE GET /api/v1/ppt/presentation/status/task-ffea3d7dabfb5839e30759a8e1d4d4614c25890b5ecb522a3c5021014569f0f1 status=200 elapsed=0.018s body={"error":null,"status":"processing","message":"Generating slides","created_at":"2026-07-11T12:45:48.728805","updated_at":"2026-07-11T12:47:40.070108","type":"presentation.generate","id":"task-ffea3d7dabfb5839e30759a8e1d4d4614c25890b5ecb522a3c5021014569f0f1","data":{"created_slides":0,"remaining_slides":2}}
[2026-07-11T14:48:53] POLL task=task-ffea3d7dabfb5839e30759a8e1d4d4614c25890b5ecb522a3c5021014569f0f1 idx=92 status=processing
[2026-07-11T14:48:55] REQUEST GET /api/v1/ppt/presentation/status/task-ffea3d7dabfb5839e30759a8e1d4d4614c25890b5ecb522a3c5021014569f0f1 timeout=15s body=
[2026-07-11T14:48:55] RESPONSE GET /api/v1/ppt/presentation/status/task-ffea3d7dabfb5839e30759a8e1d4d4614c25890b5ecb522a3c5021014569f0f1 status=200 elapsed=0.03s body={"error":null,"status":"processing","message":"Generating slides","created_at":"2026-07-11T12:45:48.728805","updated_at":"2026-07-11T12:47:40.070108","type":"presentation.generate","id":"task-ffea3d7dabfb5839e30759a8e1d4d4614c25890b5ecb522a3c5021014569f0f1","data":{"created_slides":0,"remaining_slides":2}}
[2026-07-11T14:48:55] POLL task=task-ffea3d7dabfb5839e30759a8e1d4d4614c25890b5ecb522a3c5021014569f0f1 idx=93 status=processing
[2026-07-11T14:48:57] REQUEST GET /api/v1/ppt/presentation/status/task-ffea3d7dabfb5839e30759a8e1d4d4614c25890b5ecb522a3c5021014569f0f1 timeout=15s body=
[2026-07-11T14:48:57] RESPONSE GET /api/v1/ppt/presentation/status/task-ffea3d7dabfb5839e30759a8e1d4d4614c25890b5ecb522a3c5021014569f0f1 status=200 elapsed=0.015s body={"error":null,"status":"processing","message":"Generating slides","created_at":"2026-07-11T12:45:48.728805","updated_at":"2026-07-11T12:47:40.070108","type":"presentation.generate","id":"task-ffea3d7dabfb5839e30759a8e1d4d4614c25890b5ecb522a3c5021014569f0f1","data":{"created_slides":0,"remaining_slides":2}}
[2026-07-11T14:48:57] POLL task=task-ffea3d7dabfb5839e30759a8e1d4d4614c25890b5ecb522a3c5021014569f0f1 idx=94 status=processing
[2026-07-11T14:48:59] REQUEST GET /api/v1/ppt/presentation/status/task-ffea3d7dabfb5839e30759a8e1d4d4614c25890b5ecb522a3c5021014569f0f1 timeout=15s body=
[2026-07-11T14:48:59] RESPONSE GET /api/v1/ppt/presentation/status/task-ffea3d7dabfb5839e30759a8e1d4d4614c25890b5ecb522a3c5021014569f0f1 status=200 elapsed=0.018s body={"error":null,"status":"processing","message":"Generating slides","created_at":"2026-07-11T12:45:48.728805","updated_at":"2026-07-11T12:47:40.070108","type":"presentation.generate","id":"task-ffea3d7dabfb5839e30759a8e1d4d4614c25890b5ecb522a3c5021014569f0f1","data":{"created_slides":0,"remaining_slides":2}}
[2026-07-11T14:48:59] POLL task=task-ffea3d7dabfb5839e30759a8e1d4d4614c25890b5ecb522a3c5021014569f0f1 idx=95 status=processing
[2026-07-11T14:49:01] REQUEST GET /api/v1/ppt/presentation/status/task-ffea3d7dabfb5839e30759a8e1d4d4614c25890b5ecb522a3c5021014569f0f1 timeout=15s body=
[2026-07-11T14:49:01] RESPONSE GET /api/v1/ppt/presentation/status/task-ffea3d7dabfb5839e30759a8e1d4d4614c25890b5ecb522a3c5021014569f0f1 status=200 elapsed=0.015s body={"error":null,"status":"processing","message":"Generating slides","created_at":"2026-07-11T12:45:48.728805","updated_at":"2026-07-11T12:47:40.070108","type":"presentation.generate","id":"task-ffea3d7dabfb5839e30759a8e1d4d4614c25890b5ecb522a3c5021014569f0f1","data":{"created_slides":0,"remaining_slides":2}}
[2026-07-11T14:49:01] POLL task=task-ffea3d7dabfb5839e30759a8e1d4d4614c25890b5ecb522a3c5021014569f0f1 idx=96 status=processing
[2026-07-11T14:49:03] REQUEST GET /api/v1/ppt/presentation/status/task-ffea3d7dabfb5839e30759a8e1d4d4614c25890b5ecb522a3c5021014569f0f1 timeout=15s body=
[2026-07-11T14:49:03] RESPONSE GET /api/v1/ppt/presentation/status/task-ffea3d7dabfb5839e30759a8e1d4d4614c25890b5ecb522a3c5021014569f0f1 status=200 elapsed=0.018s body={"error":null,"status":"processing","message":"Generating slides","created_at":"2026-07-11T12:45:48.728805","updated_at":"2026-07-11T12:47:40.070108","type":"presentation.generate","id":"task-ffea3d7dabfb5839e30759a8e1d4d4614c25890b5ecb522a3c5021014569f0f1","data":{"created_slides":0,"remaining_slides":2}}
[2026-07-11T14:49:03] POLL task=task-ffea3d7dabfb5839e30759a8e1d4d4614c25890b5ecb522a3c5021014569f0f1 idx=97 status=processing
[2026-07-11T14:49:05] REQUEST GET /api/v1/ppt/presentation/status/task-ffea3d7dabfb5839e30759a8e1d4d4614c25890b5ecb522a3c5021014569f0f1 timeout=15s body=
[2026-07-11T14:49:05] RESPONSE GET /api/v1/ppt/presentation/status/task-ffea3d7dabfb5839e30759a8e1d4d4614c25890b5ecb522a3c5021014569f0f1 status=200 elapsed=0.022s body={"error":null,"status":"processing","message":"Generating slides","created_at":"2026-07-11T12:45:48.728805","updated_at":"2026-07-11T12:47:40.070108","type":"presentation.generate","id":"task-ffea3d7dabfb5839e30759a8e1d4d4614c25890b5ecb522a3c5021014569f0f1","data":{"created_slides":0,"remaining_slides":2}}
[2026-07-11T14:49:05] POLL task=task-ffea3d7dabfb5839e30759a8e1d4d4614c25890b5ecb522a3c5021014569f0f1 idx=98 status=processing
[2026-07-11T14:49:07] REQUEST GET /api/v1/ppt/presentation/status/task-ffea3d7dabfb5839e30759a8e1d4d4614c25890b5ecb522a3c5021014569f0f1 timeout=15s body=
[2026-07-11T14:49:07] RESPONSE GET /api/v1/ppt/presentation/status/task-ffea3d7dabfb5839e30759a8e1d4d4614c25890b5ecb522a3c5021014569f0f1 status=200 elapsed=0.02s body={"error":null,"status":"processing","message":"Generating slides","created_at":"2026-07-11T12:45:48.728805","updated_at":"2026-07-11T12:47:40.070108","type":"presentation.generate","id":"task-ffea3d7dabfb5839e30759a8e1d4d4614c25890b5ecb522a3c5021014569f0f1","data":{"created_slides":0,"remaining_slides":2}}
[2026-07-11T14:49:07] POLL task=task-ffea3d7dabfb5839e30759a8e1d4d4614c25890b5ecb522a3c5021014569f0f1 idx=99 status=processing
[2026-07-11T14:49:09] REQUEST GET /api/v1/ppt/presentation/status/task-ffea3d7dabfb5839e30759a8e1d4d4614c25890b5ecb522a3c5021014569f0f1 timeout=15s body=
[2026-07-11T14:49:09] RESPONSE GET /api/v1/ppt/presentation/status/task-ffea3d7dabfb5839e30759a8e1d4d4614c25890b5ecb522a3c5021014569f0f1 status=200 elapsed=0.021s body={"error":null,"status":"processing","message":"Generating slides","created_at":"2026-07-11T12:45:48.728805","updated_at":"2026-07-11T12:47:40.070108","type":"presentation.generate","id":"task-ffea3d7dabfb5839e30759a8e1d4d4614c25890b5ecb522a3c5021014569f0f1","data":{"created_slides":0,"remaining_slides":2}}
[2026-07-11T14:49:09] POLL task=task-ffea3d7dabfb5839e30759a8e1d4d4614c25890b5ecb522a3c5021014569f0f1 idx=100 status=processing
[2026-07-11T14:49:11] REQUEST GET /api/v1/ppt/presentation/status/task-ffea3d7dabfb5839e30759a8e1d4d4614c25890b5ecb522a3c5021014569f0f1 timeout=15s body=
[2026-07-11T14:49:11] RESPONSE GET /api/v1/ppt/presentation/status/task-ffea3d7dabfb5839e30759a8e1d4d4614c25890b5ecb522a3c5021014569f0f1 status=200 elapsed=0.017s body={"error":null,"status":"processing","message":"Generating slides","created_at":"2026-07-11T12:45:48.728805","updated_at":"2026-07-11T12:47:40.070108","type":"presentation.generate","id":"task-ffea3d7dabfb5839e30759a8e1d4d4614c25890b5ecb522a3c5021014569f0f1","data":{"created_slides":0,"remaining_slides":2}}
[2026-07-11T14:49:11] POLL task=task-ffea3d7dabfb5839e30759a8e1d4d4614c25890b5ecb522a3c5021014569f0f1 idx=101 status=processing
[2026-07-11T14:49:13] REQUEST GET /api/v1/ppt/presentation/status/task-ffea3d7dabfb5839e30759a8e1d4d4614c25890b5ecb522a3c5021014569f0f1 timeout=15s body=
[2026-07-11T14:49:13] RESPONSE GET /api/v1/ppt/presentation/status/task-ffea3d7dabfb5839e30759a8e1d4d4614c25890b5ecb522a3c5021014569f0f1 status=200 elapsed=0.012s body={"error":null,"status":"processing","message":"Generating slides","created_at":"2026-07-11T12:45:48.728805","updated_at":"2026-07-11T12:47:40.070108","type":"presentation.generate","id":"task-ffea3d7dabfb5839e30759a8e1d4d4614c25890b5ecb522a3c5021014569f0f1","data":{"created_slides":0,"remaining_slides":2}}
[2026-07-11T14:49:13] POLL task=task-ffea3d7dabfb5839e30759a8e1d4d4614c25890b5ecb522a3c5021014569f0f1 idx=102 status=processing
[2026-07-11T14:49:15] REQUEST GET /api/v1/ppt/presentation/status/task-ffea3d7dabfb5839e30759a8e1d4d4614c25890b5ecb522a3c5021014569f0f1 timeout=15s body=
[2026-07-11T14:49:15] RESPONSE GET /api/v1/ppt/presentation/status/task-ffea3d7dabfb5839e30759a8e1d4d4614c25890b5ecb522a3c5021014569f0f1 status=200 elapsed=0.022s body={"error":null,"status":"processing","message":"Generating slides","created_at":"2026-07-11T12:45:48.728805","updated_at":"2026-07-11T12:47:40.070108","type":"presentation.generate","id":"task-ffea3d7dabfb5839e30759a8e1d4d4614c25890b5ecb522a3c5021014569f0f1","data":{"created_slides":0,"remaining_slides":2}}
[2026-07-11T14:49:15] POLL task=task-ffea3d7dabfb5839e30759a8e1d4d4614c25890b5ecb522a3c5021014569f0f1 idx=103 status=processing
[2026-07-11T14:49:17] REQUEST GET /api/v1/ppt/presentation/status/task-ffea3d7dabfb5839e30759a8e1d4d4614c25890b5ecb522a3c5021014569f0f1 timeout=15s body=
[2026-07-11T14:49:17] RESPONSE GET /api/v1/ppt/presentation/status/task-ffea3d7dabfb5839e30759a8e1d4d4614c25890b5ecb522a3c5021014569f0f1 status=200 elapsed=0.02s body={"error":null,"status":"processing","message":"Generating slides","created_at":"2026-07-11T12:45:48.728805","updated_at":"2026-07-11T12:47:40.070108","type":"presentation.generate","id":"task-ffea3d7dabfb5839e30759a8e1d4d4614c25890b5ecb522a3c5021014569f0f1","data":{"created_slides":0,"remaining_slides":2}}
[2026-07-11T14:49:17] POLL task=task-ffea3d7dabfb5839e30759a8e1d4d4614c25890b5ecb522a3c5021014569f0f1 idx=104 status=processing
[2026-07-11T14:49:19] REQUEST GET /api/v1/ppt/presentation/status/task-ffea3d7dabfb5839e30759a8e1d4d4614c25890b5ecb522a3c5021014569f0f1 timeout=15s body=
[2026-07-11T14:49:19] RESPONSE GET /api/v1/ppt/presentation/status/task-ffea3d7dabfb5839e30759a8e1d4d4614c25890b5ecb522a3c5021014569f0f1 status=200 elapsed=0.051s body={"error":null,"status":"processing","message":"Generating slides","created_at":"2026-07-11T12:45:48.728805","updated_at":"2026-07-11T12:47:40.070108","type":"presentation.generate","id":"task-ffea3d7dabfb5839e30759a8e1d4d4614c25890b5ecb522a3c5021014569f0f1","data":{"created_slides":0,"remaining_slides":2}}
[2026-07-11T14:49:19] POLL task=task-ffea3d7dabfb5839e30759a8e1d4d4614c25890b5ecb522a3c5021014569f0f1 idx=105 status=processing
[2026-07-11T14:49:21] REQUEST GET /api/v1/ppt/presentation/status/task-ffea3d7dabfb5839e30759a8e1d4d4614c25890b5ecb522a3c5021014569f0f1 timeout=15s body=
[2026-07-11T14:49:21] RESPONSE GET /api/v1/ppt/presentation/status/task-ffea3d7dabfb5839e30759a8e1d4d4614c25890b5ecb522a3c5021014569f0f1 status=200 elapsed=0.016s body={"error":null,"status":"processing","message":"Generating slides","created_at":"2026-07-11T12:45:48.728805","updated_at":"2026-07-11T12:47:40.070108","type":"presentation.generate","id":"task-ffea3d7dabfb5839e30759a8e1d4d4614c25890b5ecb522a3c5021014569f0f1","data":{"created_slides":0,"remaining_slides":2}}
[2026-07-11T14:49:21] POLL task=task-ffea3d7dabfb5839e30759a8e1d4d4614c25890b5ecb522a3c5021014569f0f1 idx=106 status=processing
[2026-07-11T14:49:23] REQUEST GET /api/v1/ppt/presentation/status/task-ffea3d7dabfb5839e30759a8e1d4d4614c25890b5ecb522a3c5021014569f0f1 timeout=15s body=
[2026-07-11T14:49:23] RESPONSE GET /api/v1/ppt/presentation/status/task-ffea3d7dabfb5839e30759a8e1d4d4614c25890b5ecb522a3c5021014569f0f1 status=200 elapsed=0.023s body={"error":null,"status":"processing","message":"Generating slides","created_at":"2026-07-11T12:45:48.728805","updated_at":"2026-07-11T12:47:40.070108","type":"presentation.generate","id":"task-ffea3d7dabfb5839e30759a8e1d4d4614c25890b5ecb522a3c5021014569f0f1","data":{"created_slides":0,"remaining_slides":2}}
[2026-07-11T14:49:23] POLL task=task-ffea3d7dabfb5839e30759a8e1d4d4614c25890b5ecb522a3c5021014569f0f1 idx=107 status=processing
[2026-07-11T14:49:25] REQUEST GET /api/v1/ppt/presentation/status/task-ffea3d7dabfb5839e30759a8e1d4d4614c25890b5ecb522a3c5021014569f0f1 timeout=15s body=
[2026-07-11T14:49:25] RESPONSE GET /api/v1/ppt/presentation/status/task-ffea3d7dabfb5839e30759a8e1d4d4614c25890b5ecb522a3c5021014569f0f1 status=200 elapsed=0.009s body={"error":null,"status":"processing","message":"Generating slides","created_at":"2026-07-11T12:45:48.728805","updated_at":"2026-07-11T12:47:40.070108","type":"presentation.generate","id":"task-ffea3d7dabfb5839e30759a8e1d4d4614c25890b5ecb522a3c5021014569f0f1","data":{"created_slides":0,"remaining_slides":2}}
[2026-07-11T14:49:25] POLL task=task-ffea3d7dabfb5839e30759a8e1d4d4614c25890b5ecb522a3c5021014569f0f1 idx=108 status=processing
[2026-07-11T14:49:27] REQUEST GET /api/v1/ppt/presentation/status/task-ffea3d7dabfb5839e30759a8e1d4d4614c25890b5ecb522a3c5021014569f0f1 timeout=15s body=
[2026-07-11T14:49:27] RESPONSE GET /api/v1/ppt/presentation/status/task-ffea3d7dabfb5839e30759a8e1d4d4614c25890b5ecb522a3c5021014569f0f1 status=200 elapsed=0.017s body={"error":null,"status":"processing","message":"Generating slides","created_at":"2026-07-11T12:45:48.728805","updated_at":"2026-07-11T12:47:40.070108","type":"presentation.generate","id":"task-ffea3d7dabfb5839e30759a8e1d4d4614c25890b5ecb522a3c5021014569f0f1","data":{"created_slides":0,"remaining_slides":2}}
[2026-07-11T14:49:27] POLL task=task-ffea3d7dabfb5839e30759a8e1d4d4614c25890b5ecb522a3c5021014569f0f1 idx=109 status=processing
[2026-07-11T14:49:29] REQUEST GET /api/v1/ppt/presentation/status/task-ffea3d7dabfb5839e30759a8e1d4d4614c25890b5ecb522a3c5021014569f0f1 timeout=15s body=
[2026-07-11T14:49:29] RESPONSE GET /api/v1/ppt/presentation/status/task-ffea3d7dabfb5839e30759a8e1d4d4614c25890b5ecb522a3c5021014569f0f1 status=200 elapsed=0.027s body={"error":null,"status":"processing","message":"Generating slides","created_at":"2026-07-11T12:45:48.728805","updated_at":"2026-07-11T12:47:40.070108","type":"presentation.generate","id":"task-ffea3d7dabfb5839e30759a8e1d4d4614c25890b5ecb522a3c5021014569f0f1","data":{"created_slides":0,"remaining_slides":2}}
[2026-07-11T14:49:29] POLL task=task-ffea3d7dabfb5839e30759a8e1d4d4614c25890b5ecb522a3c5021014569f0f1 idx=110 status=processing
[2026-07-11T14:49:31] REQUEST GET /api/v1/ppt/presentation/status/task-ffea3d7dabfb5839e30759a8e1d4d4614c25890b5ecb522a3c5021014569f0f1 timeout=15s body=
[2026-07-11T14:49:31] RESPONSE GET /api/v1/ppt/presentation/status/task-ffea3d7dabfb5839e30759a8e1d4d4614c25890b5ecb522a3c5021014569f0f1 status=200 elapsed=0.029s body={"error":null,"status":"processing","message":"Generating slides","created_at":"2026-07-11T12:45:48.728805","updated_at":"2026-07-11T12:47:40.070108","type":"presentation.generate","id":"task-ffea3d7dabfb5839e30759a8e1d4d4614c25890b5ecb522a3c5021014569f0f1","data":{"created_slides":0,"remaining_slides":2}}
[2026-07-11T14:49:31] POLL task=task-ffea3d7dabfb5839e30759a8e1d4d4614c25890b5ecb522a3c5021014569f0f1 idx=111 status=processing
[2026-07-11T14:49:33] REQUEST GET /api/v1/ppt/presentation/status/task-ffea3d7dabfb5839e30759a8e1d4d4614c25890b5ecb522a3c5021014569f0f1 timeout=15s body=
[2026-07-11T14:49:33] RESPONSE GET /api/v1/ppt/presentation/status/task-ffea3d7dabfb5839e30759a8e1d4d4614c25890b5ecb522a3c5021014569f0f1 status=200 elapsed=0.026s body={"error":null,"status":"processing","message":"Generating slides","created_at":"2026-07-11T12:45:48.728805","updated_at":"2026-07-11T12:47:40.070108","type":"presentation.generate","id":"task-ffea3d7dabfb5839e30759a8e1d4d4614c25890b5ecb522a3c5021014569f0f1","data":{"created_slides":0,"remaining_slides":2}}
[2026-07-11T14:49:33] POLL task=task-ffea3d7dabfb5839e30759a8e1d4d4614c25890b5ecb522a3c5021014569f0f1 idx=112 status=processing
[2026-07-11T14:49:35] REQUEST GET /api/v1/ppt/presentation/status/task-ffea3d7dabfb5839e30759a8e1d4d4614c25890b5ecb522a3c5021014569f0f1 timeout=15s body=
[2026-07-11T14:49:35] RESPONSE GET /api/v1/ppt/presentation/status/task-ffea3d7dabfb5839e30759a8e1d4d4614c25890b5ecb522a3c5021014569f0f1 status=200 elapsed=0.014s body={"error":null,"status":"processing","message":"Generating slides","created_at":"2026-07-11T12:45:48.728805","updated_at":"2026-07-11T12:47:40.070108","type":"presentation.generate","id":"task-ffea3d7dabfb5839e30759a8e1d4d4614c25890b5ecb522a3c5021014569f0f1","data":{"created_slides":0,"remaining_slides":2}}
[2026-07-11T14:49:35] POLL task=task-ffea3d7dabfb5839e30759a8e1d4d4614c25890b5ecb522a3c5021014569f0f1 idx=113 status=processing
[2026-07-11T14:49:37] REQUEST GET /api/v1/ppt/presentation/status/task-ffea3d7dabfb5839e30759a8e1d4d4614c25890b5ecb522a3c5021014569f0f1 timeout=15s body=
[2026-07-11T14:49:37] RESPONSE GET /api/v1/ppt/presentation/status/task-ffea3d7dabfb5839e30759a8e1d4d4614c25890b5ecb522a3c5021014569f0f1 status=200 elapsed=0.014s body={"error":null,"status":"processing","message":"Generating slides","created_at":"2026-07-11T12:45:48.728805","updated_at":"2026-07-11T12:47:40.070108","type":"presentation.generate","id":"task-ffea3d7dabfb5839e30759a8e1d4d4614c25890b5ecb522a3c5021014569f0f1","data":{"created_slides":0,"remaining_slides":2}}
[2026-07-11T14:49:37] POLL task=task-ffea3d7dabfb5839e30759a8e1d4d4614c25890b5ecb522a3c5021014569f0f1 idx=114 status=processing
[2026-07-11T14:49:39] REQUEST GET /api/v1/ppt/presentation/status/task-ffea3d7dabfb5839e30759a8e1d4d4614c25890b5ecb522a3c5021014569f0f1 timeout=15s body=
[2026-07-11T14:49:40] RESPONSE GET /api/v1/ppt/presentation/status/task-ffea3d7dabfb5839e30759a8e1d4d4614c25890b5ecb522a3c5021014569f0f1 status=200 elapsed=0.085s body={"error":null,"status":"processing","message":"Generating slides","created_at":"2026-07-11T12:45:48.728805","updated_at":"2026-07-11T12:47:40.070108","type":"presentation.generate","id":"task-ffea3d7dabfb5839e30759a8e1d4d4614c25890b5ecb522a3c5021014569f0f1","data":{"created_slides":0,"remaining_slides":2}}
[2026-07-11T14:49:40] POLL task=task-ffea3d7dabfb5839e30759a8e1d4d4614c25890b5ecb522a3c5021014569f0f1 idx=115 status=processing
[2026-07-11T14:49:42] REQUEST GET /api/v1/ppt/presentation/status/task-ffea3d7dabfb5839e30759a8e1d4d4614c25890b5ecb522a3c5021014569f0f1 timeout=15s body=
[2026-07-11T14:49:42] RESPONSE GET /api/v1/ppt/presentation/status/task-ffea3d7dabfb5839e30759a8e1d4d4614c25890b5ecb522a3c5021014569f0f1 status=200 elapsed=0.018s body={"error":null,"status":"processing","message":"Generating slides","created_at":"2026-07-11T12:45:48.728805","updated_at":"2026-07-11T12:47:40.070108","type":"presentation.generate","id":"task-ffea3d7dabfb5839e30759a8e1d4d4614c25890b5ecb522a3c5021014569f0f1","data":{"created_slides":0,"remaining_slides":2}}
[2026-07-11T14:49:42] POLL task=task-ffea3d7dabfb5839e30759a8e1d4d4614c25890b5ecb522a3c5021014569f0f1 idx=116 status=processing
[2026-07-11T14:49:44] REQUEST GET /api/v1/ppt/presentation/status/task-ffea3d7dabfb5839e30759a8e1d4d4614c25890b5ecb522a3c5021014569f0f1 timeout=15s body=
[2026-07-11T14:49:44] RESPONSE GET /api/v1/ppt/presentation/status/task-ffea3d7dabfb5839e30759a8e1d4d4614c25890b5ecb522a3c5021014569f0f1 status=200 elapsed=0.015s body={"error":null,"status":"processing","message":"Generating slides","created_at":"2026-07-11T12:45:48.728805","updated_at":"2026-07-11T12:47:40.070108","type":"presentation.generate","id":"task-ffea3d7dabfb5839e30759a8e1d4d4614c25890b5ecb522a3c5021014569f0f1","data":{"created_slides":0,"remaining_slides":2}}
[2026-07-11T14:49:44] POLL task=task-ffea3d7dabfb5839e30759a8e1d4d4614c25890b5ecb522a3c5021014569f0f1 idx=117 status=processing
[2026-07-11T14:49:46] REQUEST GET /api/v1/ppt/presentation/status/task-ffea3d7dabfb5839e30759a8e1d4d4614c25890b5ecb522a3c5021014569f0f1 timeout=15s body=
[2026-07-11T14:49:46] RESPONSE GET /api/v1/ppt/presentation/status/task-ffea3d7dabfb5839e30759a8e1d4d4614c25890b5ecb522a3c5021014569f0f1 status=200 elapsed=0.013s body={"error":null,"status":"processing","message":"Generating slides","created_at":"2026-07-11T12:45:48.728805","updated_at":"2026-07-11T12:47:40.070108","type":"presentation.generate","id":"task-ffea3d7dabfb5839e30759a8e1d4d4614c25890b5ecb522a3c5021014569f0f1","data":{"created_slides":0,"remaining_slides":2}}
[2026-07-11T14:49:46] POLL task=task-ffea3d7dabfb5839e30759a8e1d4d4614c25890b5ecb522a3c5021014569f0f1 idx=118 status=processing
[2026-07-11T14:49:48] REQUEST GET /api/v1/ppt/presentation/status/task-ffea3d7dabfb5839e30759a8e1d4d4614c25890b5ecb522a3c5021014569f0f1 timeout=15s body=
[2026-07-11T14:49:48] RESPONSE GET /api/v1/ppt/presentation/status/task-ffea3d7dabfb5839e30759a8e1d4d4614c25890b5ecb522a3c5021014569f0f1 status=200 elapsed=0.017s body={"error":null,"status":"processing","message":"Generating slides","created_at":"2026-07-11T12:45:48.728805","updated_at":"2026-07-11T12:47:40.070108","type":"presentation.generate","id":"task-ffea3d7dabfb5839e30759a8e1d4d4614c25890b5ecb522a3c5021014569f0f1","data":{"created_slides":0,"remaining_slides":2}}
[2026-07-11T14:49:48] POLL task=task-ffea3d7dabfb5839e30759a8e1d4d4614c25890b5ecb522a3c5021014569f0f1 idx=119 status=processing
[2026-07-11T14:49:50] REQUEST GET /api/v1/ppt/presentation/status/task-ffea3d7dabfb5839e30759a8e1d4d4614c25890b5ecb522a3c5021014569f0f1 timeout=15s body=
[2026-07-11T14:49:50] RESPONSE GET /api/v1/ppt/presentation/status/task-ffea3d7dabfb5839e30759a8e1d4d4614c25890b5ecb522a3c5021014569f0f1 status=200 elapsed=0.031s body={"error":null,"status":"processing","message":"Generating slides","created_at":"2026-07-11T12:45:48.728805","updated_at":"2026-07-11T12:47:40.070108","type":"presentation.generate","id":"task-ffea3d7dabfb5839e30759a8e1d4d4614c25890b5ecb522a3c5021014569f0f1","data":{"created_slides":0,"remaining_slides":2}}
[2026-07-11T14:49:50] POLL task=task-ffea3d7dabfb5839e30759a8e1d4d4614c25890b5ecb522a3c5021014569f0f1 idx=120 status=processing
[2026-07-11T14:49:52] REQUEST GET /api/v1/ppt/presentation/status/task-ffea3d7dabfb5839e30759a8e1d4d4614c25890b5ecb522a3c5021014569f0f1 timeout=15s body=
[2026-07-11T14:49:52] RESPONSE GET /api/v1/ppt/presentation/status/task-ffea3d7dabfb5839e30759a8e1d4d4614c25890b5ecb522a3c5021014569f0f1 status=200 elapsed=0.028s body={"error":null,"status":"processing","message":"Generating slides","created_at":"2026-07-11T12:45:48.728805","updated_at":"2026-07-11T12:47:40.070108","type":"presentation.generate","id":"task-ffea3d7dabfb5839e30759a8e1d4d4614c25890b5ecb522a3c5021014569f0f1","data":{"created_slides":0,"remaining_slides":2}}
[2026-07-11T14:49:52] POLL task=task-ffea3d7dabfb5839e30759a8e1d4d4614c25890b5ecb522a3c5021014569f0f1 idx=121 status=processing
[2026-07-11T14:49:54] REQUEST GET /api/v1/ppt/presentation/status/task-ffea3d7dabfb5839e30759a8e1d4d4614c25890b5ecb522a3c5021014569f0f1 timeout=15s body=
[2026-07-11T14:49:54] RESPONSE GET /api/v1/ppt/presentation/status/task-ffea3d7dabfb5839e30759a8e1d4d4614c25890b5ecb522a3c5021014569f0f1 status=200 elapsed=0.012s body={"error":null,"status":"processing","message":"Generating slides","created_at":"2026-07-11T12:45:48.728805","updated_at":"2026-07-11T12:47:40.070108","type":"presentation.generate","id":"task-ffea3d7dabfb5839e30759a8e1d4d4614c25890b5ecb522a3c5021014569f0f1","data":{"created_slides":0,"remaining_slides":2}}
[2026-07-11T14:49:54] POLL task=task-ffea3d7dabfb5839e30759a8e1d4d4614c25890b5ecb522a3c5021014569f0f1 idx=122 status=processing
[2026-07-11T14:49:56] REQUEST GET /api/v1/ppt/presentation/status/task-ffea3d7dabfb5839e30759a8e1d4d4614c25890b5ecb522a3c5021014569f0f1 timeout=15s body=
[2026-07-11T14:49:56] RESPONSE GET /api/v1/ppt/presentation/status/task-ffea3d7dabfb5839e30759a8e1d4d4614c25890b5ecb522a3c5021014569f0f1 status=200 elapsed=0.031s body={"error":null,"status":"processing","message":"Generating slides","created_at":"2026-07-11T12:45:48.728805","updated_at":"2026-07-11T12:47:40.070108","type":"presentation.generate","id":"task-ffea3d7dabfb5839e30759a8e1d4d4614c25890b5ecb522a3c5021014569f0f1","data":{"created_slides":0,"remaining_slides":2}}
[2026-07-11T14:49:56] POLL task=task-ffea3d7dabfb5839e30759a8e1d4d4614c25890b5ecb522a3c5021014569f0f1 idx=123 status=processing
[2026-07-11T14:49:58] REQUEST GET /api/v1/ppt/presentation/status/task-ffea3d7dabfb5839e30759a8e1d4d4614c25890b5ecb522a3c5021014569f0f1 timeout=15s body=
[2026-07-11T14:49:58] RESPONSE GET /api/v1/ppt/presentation/status/task-ffea3d7dabfb5839e30759a8e1d4d4614c25890b5ecb522a3c5021014569f0f1 status=200 elapsed=0.02s body={"error":null,"status":"processing","message":"Generating slides","created_at":"2026-07-11T12:45:48.728805","updated_at":"2026-07-11T12:47:40.070108","type":"presentation.generate","id":"task-ffea3d7dabfb5839e30759a8e1d4d4614c25890b5ecb522a3c5021014569f0f1","data":{"created_slides":0,"remaining_slides":2}}
[2026-07-11T14:49:58] POLL task=task-ffea3d7dabfb5839e30759a8e1d4d4614c25890b5ecb522a3c5021014569f0f1 idx=124 status=processing
[2026-07-11T14:50:00] REQUEST GET /api/v1/ppt/presentation/status/task-ffea3d7dabfb5839e30759a8e1d4d4614c25890b5ecb522a3c5021014569f0f1 timeout=15s body=
[2026-07-11T14:50:00] RESPONSE GET /api/v1/ppt/presentation/status/task-ffea3d7dabfb5839e30759a8e1d4d4614c25890b5ecb522a3c5021014569f0f1 status=200 elapsed=0.025s body={"error":null,"status":"processing","message":"Generating slides","created_at":"2026-07-11T12:45:48.728805","updated_at":"2026-07-11T12:47:40.070108","type":"presentation.generate","id":"task-ffea3d7dabfb5839e30759a8e1d4d4614c25890b5ecb522a3c5021014569f0f1","data":{"created_slides":0,"remaining_slides":2}}
[2026-07-11T14:50:00] POLL task=task-ffea3d7dabfb5839e30759a8e1d4d4614c25890b5ecb522a3c5021014569f0f1 idx=125 status=processing
[2026-07-11T14:50:02] REQUEST GET /api/v1/ppt/presentation/status/task-ffea3d7dabfb5839e30759a8e1d4d4614c25890b5ecb522a3c5021014569f0f1 timeout=15s body=
[2026-07-11T14:50:02] RESPONSE GET /api/v1/ppt/presentation/status/task-ffea3d7dabfb5839e30759a8e1d4d4614c25890b5ecb522a3c5021014569f0f1 status=200 elapsed=0.019s body={"error":null,"status":"processing","message":"Generating slides","created_at":"2026-07-11T12:45:48.728805","updated_at":"2026-07-11T12:47:40.070108","type":"presentation.generate","id":"task-ffea3d7dabfb5839e30759a8e1d4d4614c25890b5ecb522a3c5021014569f0f1","data":{"created_slides":0,"remaining_slides":2}}
[2026-07-11T14:50:02] POLL task=task-ffea3d7dabfb5839e30759a8e1d4d4614c25890b5ecb522a3c5021014569f0f1 idx=126 status=processing
[2026-07-11T14:50:04] REQUEST GET /api/v1/ppt/presentation/status/task-ffea3d7dabfb5839e30759a8e1d4d4614c25890b5ecb522a3c5021014569f0f1 timeout=15s body=
[2026-07-11T14:50:04] RESPONSE GET /api/v1/ppt/presentation/status/task-ffea3d7dabfb5839e30759a8e1d4d4614c25890b5ecb522a3c5021014569f0f1 status=200 elapsed=0.027s body={"error":null,"status":"processing","message":"Generating slides","created_at":"2026-07-11T12:45:48.728805","updated_at":"2026-07-11T12:47:40.070108","type":"presentation.generate","id":"task-ffea3d7dabfb5839e30759a8e1d4d4614c25890b5ecb522a3c5021014569f0f1","data":{"created_slides":0,"remaining_slides":2}}
[2026-07-11T14:50:04] POLL task=task-ffea3d7dabfb5839e30759a8e1d4d4614c25890b5ecb522a3c5021014569f0f1 idx=127 status=processing
[2026-07-11T14:50:06] REQUEST GET /api/v1/ppt/presentation/status/task-ffea3d7dabfb5839e30759a8e1d4d4614c25890b5ecb522a3c5021014569f0f1 timeout=15s body=
[2026-07-11T14:50:06] RESPONSE GET /api/v1/ppt/presentation/status/task-ffea3d7dabfb5839e30759a8e1d4d4614c25890b5ecb522a3c5021014569f0f1 status=200 elapsed=0.015s body={"error":null,"status":"processing","message":"Generating slides","created_at":"2026-07-11T12:45:48.728805","updated_at":"2026-07-11T12:47:40.070108","type":"presentation.generate","id":"task-ffea3d7dabfb5839e30759a8e1d4d4614c25890b5ecb522a3c5021014569f0f1","data":{"created_slides":0,"remaining_slides":2}}
[2026-07-11T14:50:06] POLL task=task-ffea3d7dabfb5839e30759a8e1d4d4614c25890b5ecb522a3c5021014569f0f1 idx=128 status=processing
[2026-07-11T14:50:08] REQUEST GET /api/v1/ppt/presentation/status/task-ffea3d7dabfb5839e30759a8e1d4d4614c25890b5ecb522a3c5021014569f0f1 timeout=15s body=
[2026-07-11T14:50:08] RESPONSE GET /api/v1/ppt/presentation/status/task-ffea3d7dabfb5839e30759a8e1d4d4614c25890b5ecb522a3c5021014569f0f1 status=200 elapsed=0.024s body={"error":null,"status":"processing","message":"Generating slides","created_at":"2026-07-11T12:45:48.728805","updated_at":"2026-07-11T12:47:40.070108","type":"presentation.generate","id":"task-ffea3d7dabfb5839e30759a8e1d4d4614c25890b5ecb522a3c5021014569f0f1","data":{"created_slides":0,"remaining_slides":2}}
[2026-07-11T14:50:08] POLL task=task-ffea3d7dabfb5839e30759a8e1d4d4614c25890b5ecb522a3c5021014569f0f1 idx=129 status=processing
[2026-07-11T14:50:10] REQUEST GET /api/v1/ppt/presentation/status/task-ffea3d7dabfb5839e30759a8e1d4d4614c25890b5ecb522a3c5021014569f0f1 timeout=15s body=
[2026-07-11T14:50:10] RESPONSE GET /api/v1/ppt/presentation/status/task-ffea3d7dabfb5839e30759a8e1d4d4614c25890b5ecb522a3c5021014569f0f1 status=200 elapsed=0.025s body={"error":null,"status":"processing","message":"Generating slides","created_at":"2026-07-11T12:45:48.728805","updated_at":"2026-07-11T12:47:40.070108","type":"presentation.generate","id":"task-ffea3d7dabfb5839e30759a8e1d4d4614c25890b5ecb522a3c5021014569f0f1","data":{"created_slides":0,"remaining_slides":2}}
[2026-07-11T14:50:10] POLL task=task-ffea3d7dabfb5839e30759a8e1d4d4614c25890b5ecb522a3c5021014569f0f1 idx=130 status=processing
[2026-07-11T14:50:12] REQUEST GET /api/v1/ppt/presentation/status/task-ffea3d7dabfb5839e30759a8e1d4d4614c25890b5ecb522a3c5021014569f0f1 timeout=15s body=
[2026-07-11T14:50:12] RESPONSE GET /api/v1/ppt/presentation/status/task-ffea3d7dabfb5839e30759a8e1d4d4614c25890b5ecb522a3c5021014569f0f1 status=200 elapsed=0.014s body={"error":null,"status":"processing","message":"Generating slides","created_at":"2026-07-11T12:45:48.728805","updated_at":"2026-07-11T12:47:40.070108","type":"presentation.generate","id":"task-ffea3d7dabfb5839e30759a8e1d4d4614c25890b5ecb522a3c5021014569f0f1","data":{"created_slides":0,"remaining_slides":2}}
[2026-07-11T14:50:12] POLL task=task-ffea3d7dabfb5839e30759a8e1d4d4614c25890b5ecb522a3c5021014569f0f1 idx=131 status=processing
[2026-07-11T14:50:14] REQUEST GET /api/v1/ppt/presentation/status/task-ffea3d7dabfb5839e30759a8e1d4d4614c25890b5ecb522a3c5021014569f0f1 timeout=15s body=
[2026-07-11T14:50:14] RESPONSE GET /api/v1/ppt/presentation/status/task-ffea3d7dabfb5839e30759a8e1d4d4614c25890b5ecb522a3c5021014569f0f1 status=200 elapsed=0.012s body={"error":null,"status":"processing","message":"Generating slides","created_at":"2026-07-11T12:45:48.728805","updated_at":"2026-07-11T12:47:40.070108","type":"presentation.generate","id":"task-ffea3d7dabfb5839e30759a8e1d4d4614c25890b5ecb522a3c5021014569f0f1","data":{"created_slides":0,"remaining_slides":2}}
[2026-07-11T14:50:14] POLL task=task-ffea3d7dabfb5839e30759a8e1d4d4614c25890b5ecb522a3c5021014569f0f1 idx=132 status=processing
[2026-07-11T14:50:16] REQUEST GET /api/v1/ppt/presentation/status/task-ffea3d7dabfb5839e30759a8e1d4d4614c25890b5ecb522a3c5021014569f0f1 timeout=15s body=
[2026-07-11T14:50:16] RESPONSE GET /api/v1/ppt/presentation/status/task-ffea3d7dabfb5839e30759a8e1d4d4614c25890b5ecb522a3c5021014569f0f1 status=200 elapsed=0.027s body={"error":null,"status":"processing","message":"Generating slides","created_at":"2026-07-11T12:45:48.728805","updated_at":"2026-07-11T12:47:40.070108","type":"presentation.generate","id":"task-ffea3d7dabfb5839e30759a8e1d4d4614c25890b5ecb522a3c5021014569f0f1","data":{"created_slides":0,"remaining_slides":2}}
[2026-07-11T14:50:16] POLL task=task-ffea3d7dabfb5839e30759a8e1d4d4614c25890b5ecb522a3c5021014569f0f1 idx=133 status=processing
[2026-07-11T14:50:18] REQUEST GET /api/v1/ppt/presentation/status/task-ffea3d7dabfb5839e30759a8e1d4d4614c25890b5ecb522a3c5021014569f0f1 timeout=15s body=
[2026-07-11T14:50:18] RESPONSE GET /api/v1/ppt/presentation/status/task-ffea3d7dabfb5839e30759a8e1d4d4614c25890b5ecb522a3c5021014569f0f1 status=200 elapsed=0.012s body={"error":null,"status":"processing","message":"Fetching assets for slides","created_at":"2026-07-11T12:45:48.728805","updated_at":"2026-07-11T12:50:17.223895","type":"presentation.generate","id":"task-ffea3d7dabfb5839e30759a8e1d4d4614c25890b5ecb522a3c5021014569f0f1","data":{"created_slides":2,"remaining_slides":0}}
[2026-07-11T14:50:18] POLL task=task-ffea3d7dabfb5839e30759a8e1d4d4614c25890b5ecb522a3c5021014569f0f1 idx=134 status=processing
[2026-07-11T14:50:20] REQUEST GET /api/v1/ppt/presentation/status/task-ffea3d7dabfb5839e30759a8e1d4d4614c25890b5ecb522a3c5021014569f0f1 timeout=15s body=
[2026-07-11T14:50:20] RESPONSE GET /api/v1/ppt/presentation/status/task-ffea3d7dabfb5839e30759a8e1d4d4614c25890b5ecb522a3c5021014569f0f1 status=200 elapsed=0.022s body={"error":null,"status":"processing","message":"Fetching assets for slides","created_at":"2026-07-11T12:45:48.728805","updated_at":"2026-07-11T12:50:17.223895","type":"presentation.generate","id":"task-ffea3d7dabfb5839e30759a8e1d4d4614c25890b5ecb522a3c5021014569f0f1","data":{"created_slides":2,"remaining_slides":0}}
[2026-07-11T14:50:20] POLL task=task-ffea3d7dabfb5839e30759a8e1d4d4614c25890b5ecb522a3c5021014569f0f1 idx=135 status=processing
[2026-07-11T14:50:22] REQUEST GET /api/v1/ppt/presentation/status/task-ffea3d7dabfb5839e30759a8e1d4d4614c25890b5ecb522a3c5021014569f0f1 timeout=15s body=
[2026-07-11T14:50:22] RESPONSE GET /api/v1/ppt/presentation/status/task-ffea3d7dabfb5839e30759a8e1d4d4614c25890b5ecb522a3c5021014569f0f1 status=200 elapsed=0.037s body={"error":null,"status":"processing","message":"Fetching assets for slides","created_at":"2026-07-11T12:45:48.728805","updated_at":"2026-07-11T12:50:17.223895","type":"presentation.generate","id":"task-ffea3d7dabfb5839e30759a8e1d4d4614c25890b5ecb522a3c5021014569f0f1","data":{"created_slides":2,"remaining_slides":0}}
[2026-07-11T14:50:22] POLL task=task-ffea3d7dabfb5839e30759a8e1d4d4614c25890b5ecb522a3c5021014569f0f1 idx=136 status=processing
[2026-07-11T14:50:24] REQUEST GET /api/v1/ppt/presentation/status/task-ffea3d7dabfb5839e30759a8e1d4d4614c25890b5ecb522a3c5021014569f0f1 timeout=15s body=
[2026-07-11T14:50:24] RESPONSE GET /api/v1/ppt/presentation/status/task-ffea3d7dabfb5839e30759a8e1d4d4614c25890b5ecb522a3c5021014569f0f1 status=200 elapsed=0.017s body={"error":null,"status":"processing","message":"Fetching assets for slides","created_at":"2026-07-11T12:45:48.728805","updated_at":"2026-07-11T12:50:17.223895","type":"presentation.generate","id":"task-ffea3d7dabfb5839e30759a8e1d4d4614c25890b5ecb522a3c5021014569f0f1","data":{"created_slides":2,"remaining_slides":0}}
[2026-07-11T14:50:24] POLL task=task-ffea3d7dabfb5839e30759a8e1d4d4614c25890b5ecb522a3c5021014569f0f1 idx=137 status=processing
[2026-07-11T14:50:26] REQUEST GET /api/v1/ppt/presentation/status/task-ffea3d7dabfb5839e30759a8e1d4d4614c25890b5ecb522a3c5021014569f0f1 timeout=15s body=
[2026-07-11T14:50:26] RESPONSE GET /api/v1/ppt/presentation/status/task-ffea3d7dabfb5839e30759a8e1d4d4614c25890b5ecb522a3c5021014569f0f1 status=200 elapsed=0.033s body={"error":null,"status":"processing","message":"Fetching assets for slides","created_at":"2026-07-11T12:45:48.728805","updated_at":"2026-07-11T12:50:17.223895","type":"presentation.generate","id":"task-ffea3d7dabfb5839e30759a8e1d4d4614c25890b5ecb522a3c5021014569f0f1","data":{"created_slides":2,"remaining_slides":0}}
[2026-07-11T14:50:26] POLL task=task-ffea3d7dabfb5839e30759a8e1d4d4614c25890b5ecb522a3c5021014569f0f1 idx=138 status=processing
[2026-07-11T14:50:28] REQUEST GET /api/v1/ppt/presentation/status/task-ffea3d7dabfb5839e30759a8e1d4d4614c25890b5ecb522a3c5021014569f0f1 timeout=15s body=
[2026-07-11T14:50:28] RESPONSE GET /api/v1/ppt/presentation/status/task-ffea3d7dabfb5839e30759a8e1d4d4614c25890b5ecb522a3c5021014569f0f1 status=200 elapsed=0.023s body={"error":null,"status":"processing","message":"Fetching assets for slides","created_at":"2026-07-11T12:45:48.728805","updated_at":"2026-07-11T12:50:17.223895","type":"presentation.generate","id":"task-ffea3d7dabfb5839e30759a8e1d4d4614c25890b5ecb522a3c5021014569f0f1","data":{"created_slides":2,"remaining_slides":0}}
[2026-07-11T14:50:28] POLL task=task-ffea3d7dabfb5839e30759a8e1d4d4614c25890b5ecb522a3c5021014569f0f1 idx=139 status=processing
[2026-07-11T14:50:30] REQUEST GET /api/v1/ppt/presentation/status/task-ffea3d7dabfb5839e30759a8e1d4d4614c25890b5ecb522a3c5021014569f0f1 timeout=15s body=
[2026-07-11T14:50:30] RESPONSE GET /api/v1/ppt/presentation/status/task-ffea3d7dabfb5839e30759a8e1d4d4614c25890b5ecb522a3c5021014569f0f1 status=200 elapsed=0.023s body={"error":null,"status":"processing","message":"Fetching assets for slides","created_at":"2026-07-11T12:45:48.728805","updated_at":"2026-07-11T12:50:17.223895","type":"presentation.generate","id":"task-ffea3d7dabfb5839e30759a8e1d4d4614c25890b5ecb522a3c5021014569f0f1","data":{"created_slides":2,"remaining_slides":0}}
[2026-07-11T14:50:30] POLL task=task-ffea3d7dabfb5839e30759a8e1d4d4614c25890b5ecb522a3c5021014569f0f1 idx=140 status=processing
[2026-07-11T14:50:32] REQUEST GET /api/v1/ppt/presentation/status/task-ffea3d7dabfb5839e30759a8e1d4d4614c25890b5ecb522a3c5021014569f0f1 timeout=15s body=
[2026-07-11T14:50:32] RESPONSE GET /api/v1/ppt/presentation/status/task-ffea3d7dabfb5839e30759a8e1d4d4614c25890b5ecb522a3c5021014569f0f1 status=200 elapsed=0.021s body={"error":null,"status":"processing","message":"Fetching assets for slides","created_at":"2026-07-11T12:45:48.728805","updated_at":"2026-07-11T12:50:17.223895","type":"presentation.generate","id":"task-ffea3d7dabfb5839e30759a8e1d4d4614c25890b5ecb522a3c5021014569f0f1","data":{"created_slides":2,"remaining_slides":0}}
[2026-07-11T14:50:32] POLL task=task-ffea3d7dabfb5839e30759a8e1d4d4614c25890b5ecb522a3c5021014569f0f1 idx=141 status=processing
[2026-07-11T14:50:34] REQUEST GET /api/v1/ppt/presentation/status/task-ffea3d7dabfb5839e30759a8e1d4d4614c25890b5ecb522a3c5021014569f0f1 timeout=15s body=
[2026-07-11T14:50:34] RESPONSE GET /api/v1/ppt/presentation/status/task-ffea3d7dabfb5839e30759a8e1d4d4614c25890b5ecb522a3c5021014569f0f1 status=200 elapsed=0.021s body={"error":null,"status":"processing","message":"Fetching assets for slides","created_at":"2026-07-11T12:45:48.728805","updated_at":"2026-07-11T12:50:17.223895","type":"presentation.generate","id":"task-ffea3d7dabfb5839e30759a8e1d4d4614c25890b5ecb522a3c5021014569f0f1","data":{"created_slides":2,"remaining_slides":0}}
[2026-07-11T14:50:34] POLL task=task-ffea3d7dabfb5839e30759a8e1d4d4614c25890b5ecb522a3c5021014569f0f1 idx=142 status=processing
[2026-07-11T14:50:36] REQUEST GET /api/v1/ppt/presentation/status/task-ffea3d7dabfb5839e30759a8e1d4d4614c25890b5ecb522a3c5021014569f0f1 timeout=15s body=
[2026-07-11T14:50:36] RESPONSE GET /api/v1/ppt/presentation/status/task-ffea3d7dabfb5839e30759a8e1d4d4614c25890b5ecb522a3c5021014569f0f1 status=200 elapsed=0.025s body={"error":null,"status":"completed","message":"Presentation generation completed","created_at":"2026-07-11T12:45:48.728805","updated_at":"2026-07-11T12:50:35.942077","type":"presentation.generate","id":"task-ffea3d7dabfb5839e30759a8e1d4d4614c25890b5ecb522a3c5021014569f0f1","data":{"created_slides":2,"remaining_slides":0,"path":"/app_data/exports/Hello-from-Direct-Presenton-API-Probe-Welcome-to-the-Direct-Presenton-API-probe-This-session-va_5011890c-a004-4a9b-94d7-58390ff212aa.pptx"}}
[2026-07-11T14:50:36] POLL task=task-ffea3d7dabfb5839e30759a8e1d4d4614c25890b5ecb522a3c5021014569f0f1 idx=143 status=completed
[2026-07-11T14:50:36] REQUEST GET /app_data/exports/Hello-from-Direct-Presenton-API-Probe-Welcome-to-the-Direct-Presenton-API-probe-This-session-va_5011890c-a004-4a9b-94d7-58390ff212aa.pptx timeout=120s body=
[2026-07-11T14:50:36] RESPONSE GET /app_data/exports/Hello-from-Direct-Presenton-API-Probe-Welcome-to-the-Direct-Presenton-API-probe-This-session-va_5011890c-a004-4a9b-94d7-58390ff212aa.pptx status=200 elapsed=0.016s body=
[2026-07-11T14:50:36] EXPORT saved=output/presenton-direct-probe-20260711-145036.pptx size=278503
[2026-07-11T14:50:36] RESULT {"status": "success", "base_url": "http://127.0.0.1:5001", "presentation_id": "db166eae-ccff-4e97-8a16-c684511053db", "task_id": "task-ffea3d7dabfb5839e30759a8e1d4d4614c25890b5ecb522a3c5021014569f0f1", "export_source": "/app_data/exports/Hello-from-Direct-Presenton-API-Probe-Welcome-to-the-Direct-Presenton-API-probe-This-session-va_5011890c-a004-4a9b-94d7-58390ff212aa.pptx", "export_file": "output/presenton-direct-probe-20260711-145036.pptx", "elapsed_seconds": 391.408, "log_file": "output/presenton_direct_probe_20260711-144405.log"}
