[2026-07-11T14:16:58] REQUEST POST /api/v1/auth/login timeout=180s body={"username": "jaempilang@gmail.com", "password": "FuckA19*"}
[2026-07-11T14:16:58] RESPONSE POST /api/v1/auth/login status=200 elapsed=0.056s body={"configured":true,"authenticated":true,"username":"jaempilang@gmail.com","access_token":"eyJ2IjoxLCJ1IjoiamFlbXBpbGFuZ0BnbWFpbC5jb20iLCJpYXQiOjE3ODM3NzIyMTgsImV4cCI6MTc4NjM2NDIxOH0.SzYz0f2NOb3P_wKlsg4L9iwvVJA4HcbILZOPjpGi_cg","token_type":"bearer"}
[2026-07-11T14:16:58] AUTH token acquired
[2026-07-11T14:16:58] REQUEST POST /api/v1/ppt/presentation/create timeout=180s body={"title": "Direct Presenton Probe", "content": "Slide 1: Hello from direct Presenton API probe. Slide 2: This run validates Create -> Prepare -> Generate -> Export.", "language": "English", "template": "general", "template_name": "general"}
[2026-07-11T14:16:58] RESPONSE POST /api/v1/ppt/presentation/create status=200 elapsed=0.01s body={"id":"0af50012-bb5a-408a-9b65-912084794b26","version":"v2-standard","content":"Slide 1: Hello from direct Presenton API probe. Slide 2: This run validates Create -> Prepare -> Generate -> Export.","n_slides":0,"language":"English","file_paths":null,"instructions":null,"tone":"default","verbosity":"standard","include_table_of_contents":false,"include_title_slide":true,"web_search":false,"title":null,"outlines":null,"layout":null,"structure":null,"theme":null,"fonts":null,"created_at":"2026-07-11T12:16:58.552074Z","updated_at":"2026-07-11T12:16:58.552077Z"}
[2026-07-11T14:16:58] REQUEST POST /api/v1/ppt/presentation/prepare timeout=180s body={"presentation_id": "0af50012-bb5a-408a-9b65-912084794b26", "outlines": [{"title": "Probe Overview", "content": "Direct API path verification"}, {"title": "Probe Result", "content": "Create Prepare Generate Export evidence"}], "layout": {"name": "general", "slides": [{"id": "slide-1", "title": "Executive Summary", "subtitle": "Summary", "content": [], "json_schema": {"type": "object", "properties": {}}}], "theme": "default", "icon_weight": "bold", "include_title_slide": true, "include_table_of_contents": false}}
[2026-07-11T14:18:46] RESPONSE POST /api/v1/ppt/presentation/prepare status=200 elapsed=108.322s body={"version":"v2-standard","tone":"default","n_slides":0,"content":"Slide 1: Hello from direct Presenton API probe. Slide 2: This run validates Create -> Prepare -> Generate -> Export.","outlines":{"slides":[{"content":"Direct API path verification"},{"content":"Create Prepare Generate Export evidence"}]},"verbosity":"standard","language":"","created_at":"2026-07-11T12:16:58.552074","include_table_of_contents":false,"title":null,"updated_at":"2026-07-11T12:18:38.459994Z","include_title_slide":true,"file_paths":null,"web_search":false,"theme":null,"id":"0af50012-bb5a-408a-9b65-912084794b26","layo
[2026-07-11T14:18:46] REQUEST POST /api/v1/ppt/presentation/generate/async timeout=180s body={"content": "Slide 1: Hello from direct Presenton API probe. Slide 2: This run validates Create -> Prepare -> Generate -> Export.", "n_slides": 2, "language": "English", "template": "general", "instructions": "Keep slides concise.", "export_as": "pptx", "include_title_slide": true, "include_table_of_contents": false, "web_search": false, "tone": "default", "verbosity": "standard", "presentation_id": "0af50012-bb5a-408a-9b65-912084794b26"}
[2026-07-11T14:18:47] RESPONSE POST /api/v1/ppt/presentation/generate/async status=200 elapsed=0.327s body={"status":"pending","message":"Queued for generation","error":null,"created_at":"2026-07-11T12:18:46.991899","updated_at":"2026-07-11T12:18:46.991910","type":"presentation.generate","id":"task-0f08c7030b39e72e93d3bbab536685c96f915f4681a8f55b10c387eb937b5991","data":{"created_slides":0,"remaining_slides":2}}
[2026-07-11T14:18:47] REQUEST GET /api/v1/ppt/presentation/status/task-0f08c7030b39e72e93d3bbab536685c96f915f4681a8f55b10c387eb937b5991 timeout=15s body=
[2026-07-11T14:18:47] RESPONSE GET /api/v1/ppt/presentation/status/task-0f08c7030b39e72e93d3bbab536685c96f915f4681a8f55b10c387eb937b5991 status=200 elapsed=0.092s body={"status":"processing","message":"Generating presentation outlines","error":null,"created_at":"2026-07-11T12:18:46.991899","updated_at":"2026-07-11T12:18:47.286899","type":"presentation.generate","id":"task-0f08c7030b39e72e93d3bbab536685c96f915f4681a8f55b10c387eb937b5991","data":{"created_slides":0,"remaining_slides":2}}
[2026-07-11T14:18:47] POLL task=task-0f08c7030b39e72e93d3bbab536685c96f915f4681a8f55b10c387eb937b5991 idx=1 status=processing
[2026-07-11T14:18:49] REQUEST GET /api/v1/ppt/presentation/status/task-0f08c7030b39e72e93d3bbab536685c96f915f4681a8f55b10c387eb937b5991 timeout=15s body=
[2026-07-11T14:18:49] RESPONSE GET /api/v1/ppt/presentation/status/task-0f08c7030b39e72e93d3bbab536685c96f915f4681a8f55b10c387eb937b5991 status=200 elapsed=0.05s body={"status":"processing","message":"Generating presentation outlines","error":null,"created_at":"2026-07-11T12:18:46.991899","updated_at":"2026-07-11T12:18:47.286899","type":"presentation.generate","id":"task-0f08c7030b39e72e93d3bbab536685c96f915f4681a8f55b10c387eb937b5991","data":{"created_slides":0,"remaining_slides":2}}
[2026-07-11T14:18:49] POLL task=task-0f08c7030b39e72e93d3bbab536685c96f915f4681a8f55b10c387eb937b5991 idx=2 status=processing
[2026-07-11T14:18:51] REQUEST GET /api/v1/ppt/presentation/status/task-0f08c7030b39e72e93d3bbab536685c96f915f4681a8f55b10c387eb937b5991 timeout=15s body=
[2026-07-11T14:18:51] RESPONSE GET /api/v1/ppt/presentation/status/task-0f08c7030b39e72e93d3bbab536685c96f915f4681a8f55b10c387eb937b5991 status=200 elapsed=0.014s body={"status":"processing","message":"Generating presentation outlines","error":null,"created_at":"2026-07-11T12:18:46.991899","updated_at":"2026-07-11T12:18:47.286899","type":"presentation.generate","id":"task-0f08c7030b39e72e93d3bbab536685c96f915f4681a8f55b10c387eb937b5991","data":{"created_slides":0,"remaining_slides":2}}
[2026-07-11T14:18:51] POLL task=task-0f08c7030b39e72e93d3bbab536685c96f915f4681a8f55b10c387eb937b5991 idx=3 status=processing
[2026-07-11T14:18:53] REQUEST GET /api/v1/ppt/presentation/status/task-0f08c7030b39e72e93d3bbab536685c96f915f4681a8f55b10c387eb937b5991 timeout=15s body=
[2026-07-11T14:18:53] RESPONSE GET /api/v1/ppt/presentation/status/task-0f08c7030b39e72e93d3bbab536685c96f915f4681a8f55b10c387eb937b5991 status=200 elapsed=0.027s body={"status":"processing","message":"Generating presentation outlines","error":null,"created_at":"2026-07-11T12:18:46.991899","updated_at":"2026-07-11T12:18:47.286899","type":"presentation.generate","id":"task-0f08c7030b39e72e93d3bbab536685c96f915f4681a8f55b10c387eb937b5991","data":{"created_slides":0,"remaining_slides":2}}
[2026-07-11T14:18:53] POLL task=task-0f08c7030b39e72e93d3bbab536685c96f915f4681a8f55b10c387eb937b5991 idx=4 status=processing
[2026-07-11T14:18:55] REQUEST GET /api/v1/ppt/presentation/status/task-0f08c7030b39e72e93d3bbab536685c96f915f4681a8f55b10c387eb937b5991 timeout=15s body=
[2026-07-11T14:18:55] RESPONSE GET /api/v1/ppt/presentation/status/task-0f08c7030b39e72e93d3bbab536685c96f915f4681a8f55b10c387eb937b5991 status=200 elapsed=0.015s body={"status":"processing","message":"Generating presentation outlines","error":null,"created_at":"2026-07-11T12:18:46.991899","updated_at":"2026-07-11T12:18:47.286899","type":"presentation.generate","id":"task-0f08c7030b39e72e93d3bbab536685c96f915f4681a8f55b10c387eb937b5991","data":{"created_slides":0,"remaining_slides":2}}
[2026-07-11T14:18:55] POLL task=task-0f08c7030b39e72e93d3bbab536685c96f915f4681a8f55b10c387eb937b5991 idx=5 status=processing
[2026-07-11T14:18:57] REQUEST GET /api/v1/ppt/presentation/status/task-0f08c7030b39e72e93d3bbab536685c96f915f4681a8f55b10c387eb937b5991 timeout=15s body=
[2026-07-11T14:18:57] RESPONSE GET /api/v1/ppt/presentation/status/task-0f08c7030b39e72e93d3bbab536685c96f915f4681a8f55b10c387eb937b5991 status=200 elapsed=0.044s body={"status":"processing","message":"Generating presentation outlines","error":null,"created_at":"2026-07-11T12:18:46.991899","updated_at":"2026-07-11T12:18:47.286899","type":"presentation.generate","id":"task-0f08c7030b39e72e93d3bbab536685c96f915f4681a8f55b10c387eb937b5991","data":{"created_slides":0,"remaining_slides":2}}
[2026-07-11T14:18:57] POLL task=task-0f08c7030b39e72e93d3bbab536685c96f915f4681a8f55b10c387eb937b5991 idx=6 status=processing
[2026-07-11T14:18:59] REQUEST GET /api/v1/ppt/presentation/status/task-0f08c7030b39e72e93d3bbab536685c96f915f4681a8f55b10c387eb937b5991 timeout=15s body=
[2026-07-11T14:18:59] RESPONSE GET /api/v1/ppt/presentation/status/task-0f08c7030b39e72e93d3bbab536685c96f915f4681a8f55b10c387eb937b5991 status=200 elapsed=0.018s body={"status":"processing","message":"Generating presentation outlines","error":null,"created_at":"2026-07-11T12:18:46.991899","updated_at":"2026-07-11T12:18:47.286899","type":"presentation.generate","id":"task-0f08c7030b39e72e93d3bbab536685c96f915f4681a8f55b10c387eb937b5991","data":{"created_slides":0,"remaining_slides":2}}
[2026-07-11T14:18:59] POLL task=task-0f08c7030b39e72e93d3bbab536685c96f915f4681a8f55b10c387eb937b5991 idx=7 status=processing
[2026-07-11T14:19:01] REQUEST GET /api/v1/ppt/presentation/status/task-0f08c7030b39e72e93d3bbab536685c96f915f4681a8f55b10c387eb937b5991 timeout=15s body=
[2026-07-11T14:19:01] RESPONSE GET /api/v1/ppt/presentation/status/task-0f08c7030b39e72e93d3bbab536685c96f915f4681a8f55b10c387eb937b5991 status=200 elapsed=0.016s body={"status":"processing","message":"Generating presentation outlines","error":null,"created_at":"2026-07-11T12:18:46.991899","updated_at":"2026-07-11T12:18:47.286899","type":"presentation.generate","id":"task-0f08c7030b39e72e93d3bbab536685c96f915f4681a8f55b10c387eb937b5991","data":{"created_slides":0,"remaining_slides":2}}
[2026-07-11T14:19:01] POLL task=task-0f08c7030b39e72e93d3bbab536685c96f915f4681a8f55b10c387eb937b5991 idx=8 status=processing
[2026-07-11T14:19:03] REQUEST GET /api/v1/ppt/presentation/status/task-0f08c7030b39e72e93d3bbab536685c96f915f4681a8f55b10c387eb937b5991 timeout=15s body=
[2026-07-11T14:19:03] RESPONSE GET /api/v1/ppt/presentation/status/task-0f08c7030b39e72e93d3bbab536685c96f915f4681a8f55b10c387eb937b5991 status=200 elapsed=0.017s body={"status":"processing","message":"Generating presentation outlines","error":null,"created_at":"2026-07-11T12:18:46.991899","updated_at":"2026-07-11T12:18:47.286899","type":"presentation.generate","id":"task-0f08c7030b39e72e93d3bbab536685c96f915f4681a8f55b10c387eb937b5991","data":{"created_slides":0,"remaining_slides":2}}
[2026-07-11T14:19:03] POLL task=task-0f08c7030b39e72e93d3bbab536685c96f915f4681a8f55b10c387eb937b5991 idx=9 status=processing
[2026-07-11T14:19:05] REQUEST GET /api/v1/ppt/presentation/status/task-0f08c7030b39e72e93d3bbab536685c96f915f4681a8f55b10c387eb937b5991 timeout=15s body=
[2026-07-11T14:19:05] RESPONSE GET /api/v1/ppt/presentation/status/task-0f08c7030b39e72e93d3bbab536685c96f915f4681a8f55b10c387eb937b5991 status=200 elapsed=0.031s body={"status":"processing","message":"Generating presentation outlines","error":null,"created_at":"2026-07-11T12:18:46.991899","updated_at":"2026-07-11T12:18:47.286899","type":"presentation.generate","id":"task-0f08c7030b39e72e93d3bbab536685c96f915f4681a8f55b10c387eb937b5991","data":{"created_slides":0,"remaining_slides":2}}
[2026-07-11T14:19:05] POLL task=task-0f08c7030b39e72e93d3bbab536685c96f915f4681a8f55b10c387eb937b5991 idx=10 status=processing
[2026-07-11T14:19:07] REQUEST GET /api/v1/ppt/presentation/status/task-0f08c7030b39e72e93d3bbab536685c96f915f4681a8f55b10c387eb937b5991 timeout=15s body=
[2026-07-11T14:19:07] RESPONSE GET /api/v1/ppt/presentation/status/task-0f08c7030b39e72e93d3bbab536685c96f915f4681a8f55b10c387eb937b5991 status=200 elapsed=0.033s body={"status":"processing","message":"Generating presentation outlines","error":null,"created_at":"2026-07-11T12:18:46.991899","updated_at":"2026-07-11T12:18:47.286899","type":"presentation.generate","id":"task-0f08c7030b39e72e93d3bbab536685c96f915f4681a8f55b10c387eb937b5991","data":{"created_slides":0,"remaining_slides":2}}
[2026-07-11T14:19:07] POLL task=task-0f08c7030b39e72e93d3bbab536685c96f915f4681a8f55b10c387eb937b5991 idx=11 status=processing
[2026-07-11T14:19:09] REQUEST GET /api/v1/ppt/presentation/status/task-0f08c7030b39e72e93d3bbab536685c96f915f4681a8f55b10c387eb937b5991 timeout=15s body=
[2026-07-11T14:19:09] RESPONSE GET /api/v1/ppt/presentation/status/task-0f08c7030b39e72e93d3bbab536685c96f915f4681a8f55b10c387eb937b5991 status=200 elapsed=0.024s body={"status":"processing","message":"Generating presentation outlines","error":null,"created_at":"2026-07-11T12:18:46.991899","updated_at":"2026-07-11T12:18:47.286899","type":"presentation.generate","id":"task-0f08c7030b39e72e93d3bbab536685c96f915f4681a8f55b10c387eb937b5991","data":{"created_slides":0,"remaining_slides":2}}
[2026-07-11T14:19:09] POLL task=task-0f08c7030b39e72e93d3bbab536685c96f915f4681a8f55b10c387eb937b5991 idx=12 status=processing
[2026-07-11T14:19:11] REQUEST GET /api/v1/ppt/presentation/status/task-0f08c7030b39e72e93d3bbab536685c96f915f4681a8f55b10c387eb937b5991 timeout=15s body=
[2026-07-11T14:19:11] RESPONSE GET /api/v1/ppt/presentation/status/task-0f08c7030b39e72e93d3bbab536685c96f915f4681a8f55b10c387eb937b5991 status=200 elapsed=0.041s body={"status":"processing","message":"Generating presentation outlines","error":null,"created_at":"2026-07-11T12:18:46.991899","updated_at":"2026-07-11T12:18:47.286899","type":"presentation.generate","id":"task-0f08c7030b39e72e93d3bbab536685c96f915f4681a8f55b10c387eb937b5991","data":{"created_slides":0,"remaining_slides":2}}
[2026-07-11T14:19:11] POLL task=task-0f08c7030b39e72e93d3bbab536685c96f915f4681a8f55b10c387eb937b5991 idx=13 status=processing
[2026-07-11T14:19:13] REQUEST GET /api/v1/ppt/presentation/status/task-0f08c7030b39e72e93d3bbab536685c96f915f4681a8f55b10c387eb937b5991 timeout=15s body=
[2026-07-11T14:19:13] RESPONSE GET /api/v1/ppt/presentation/status/task-0f08c7030b39e72e93d3bbab536685c96f915f4681a8f55b10c387eb937b5991 status=200 elapsed=0.053s body={"status":"processing","message":"Generating presentation outlines","error":null,"created_at":"2026-07-11T12:18:46.991899","updated_at":"2026-07-11T12:18:47.286899","type":"presentation.generate","id":"task-0f08c7030b39e72e93d3bbab536685c96f915f4681a8f55b10c387eb937b5991","data":{"created_slides":0,"remaining_slides":2}}
[2026-07-11T14:19:13] POLL task=task-0f08c7030b39e72e93d3bbab536685c96f915f4681a8f55b10c387eb937b5991 idx=14 status=processing
[2026-07-11T14:19:15] REQUEST GET /api/v1/ppt/presentation/status/task-0f08c7030b39e72e93d3bbab536685c96f915f4681a8f55b10c387eb937b5991 timeout=15s body=
[2026-07-11T14:19:15] RESPONSE GET /api/v1/ppt/presentation/status/task-0f08c7030b39e72e93d3bbab536685c96f915f4681a8f55b10c387eb937b5991 status=200 elapsed=0.028s body={"status":"processing","message":"Generating presentation outlines","error":null,"created_at":"2026-07-11T12:18:46.991899","updated_at":"2026-07-11T12:18:47.286899","type":"presentation.generate","id":"task-0f08c7030b39e72e93d3bbab536685c96f915f4681a8f55b10c387eb937b5991","data":{"created_slides":0,"remaining_slides":2}}
[2026-07-11T14:19:15] POLL task=task-0f08c7030b39e72e93d3bbab536685c96f915f4681a8f55b10c387eb937b5991 idx=15 status=processing
[2026-07-11T14:19:17] REQUEST GET /api/v1/ppt/presentation/status/task-0f08c7030b39e72e93d3bbab536685c96f915f4681a8f55b10c387eb937b5991 timeout=15s body=
[2026-07-11T14:19:17] RESPONSE GET /api/v1/ppt/presentation/status/task-0f08c7030b39e72e93d3bbab536685c96f915f4681a8f55b10c387eb937b5991 status=200 elapsed=0.016s body={"status":"processing","message":"Generating presentation outlines","error":null,"created_at":"2026-07-11T12:18:46.991899","updated_at":"2026-07-11T12:18:47.286899","type":"presentation.generate","id":"task-0f08c7030b39e72e93d3bbab536685c96f915f4681a8f55b10c387eb937b5991","data":{"created_slides":0,"remaining_slides":2}}
[2026-07-11T14:19:17] POLL task=task-0f08c7030b39e72e93d3bbab536685c96f915f4681a8f55b10c387eb937b5991 idx=16 status=processing
[2026-07-11T14:19:19] REQUEST GET /api/v1/ppt/presentation/status/task-0f08c7030b39e72e93d3bbab536685c96f915f4681a8f55b10c387eb937b5991 timeout=15s body=
[2026-07-11T14:19:19] RESPONSE GET /api/v1/ppt/presentation/status/task-0f08c7030b39e72e93d3bbab536685c96f915f4681a8f55b10c387eb937b5991 status=200 elapsed=0.021s body={"status":"processing","message":"Generating presentation outlines","error":null,"created_at":"2026-07-11T12:18:46.991899","updated_at":"2026-07-11T12:18:47.286899","type":"presentation.generate","id":"task-0f08c7030b39e72e93d3bbab536685c96f915f4681a8f55b10c387eb937b5991","data":{"created_slides":0,"remaining_slides":2}}
[2026-07-11T14:19:19] POLL task=task-0f08c7030b39e72e93d3bbab536685c96f915f4681a8f55b10c387eb937b5991 idx=17 status=processing
[2026-07-11T14:19:21] REQUEST GET /api/v1/ppt/presentation/status/task-0f08c7030b39e72e93d3bbab536685c96f915f4681a8f55b10c387eb937b5991 timeout=15s body=
[2026-07-11T14:19:21] RESPONSE GET /api/v1/ppt/presentation/status/task-0f08c7030b39e72e93d3bbab536685c96f915f4681a8f55b10c387eb937b5991 status=200 elapsed=0.022s body={"status":"processing","message":"Generating presentation outlines","error":null,"created_at":"2026-07-11T12:18:46.991899","updated_at":"2026-07-11T12:18:47.286899","type":"presentation.generate","id":"task-0f08c7030b39e72e93d3bbab536685c96f915f4681a8f55b10c387eb937b5991","data":{"created_slides":0,"remaining_slides":2}}
[2026-07-11T14:19:21] POLL task=task-0f08c7030b39e72e93d3bbab536685c96f915f4681a8f55b10c387eb937b5991 idx=18 status=processing
[2026-07-11T14:19:23] REQUEST GET /api/v1/ppt/presentation/status/task-0f08c7030b39e72e93d3bbab536685c96f915f4681a8f55b10c387eb937b5991 timeout=15s body=
[2026-07-11T14:19:23] RESPONSE GET /api/v1/ppt/presentation/status/task-0f08c7030b39e72e93d3bbab536685c96f915f4681a8f55b10c387eb937b5991 status=200 elapsed=0.015s body={"status":"processing","message":"Generating presentation outlines","error":null,"created_at":"2026-07-11T12:18:46.991899","updated_at":"2026-07-11T12:18:47.286899","type":"presentation.generate","id":"task-0f08c7030b39e72e93d3bbab536685c96f915f4681a8f55b10c387eb937b5991","data":{"created_slides":0,"remaining_slides":2}}
[2026-07-11T14:19:23] POLL task=task-0f08c7030b39e72e93d3bbab536685c96f915f4681a8f55b10c387eb937b5991 idx=19 status=processing
[2026-07-11T14:19:25] REQUEST GET /api/v1/ppt/presentation/status/task-0f08c7030b39e72e93d3bbab536685c96f915f4681a8f55b10c387eb937b5991 timeout=15s body=
[2026-07-11T14:19:25] RESPONSE GET /api/v1/ppt/presentation/status/task-0f08c7030b39e72e93d3bbab536685c96f915f4681a8f55b10c387eb937b5991 status=200 elapsed=0.018s body={"status":"processing","message":"Generating presentation outlines","error":null,"created_at":"2026-07-11T12:18:46.991899","updated_at":"2026-07-11T12:18:47.286899","type":"presentation.generate","id":"task-0f08c7030b39e72e93d3bbab536685c96f915f4681a8f55b10c387eb937b5991","data":{"created_slides":0,"remaining_slides":2}}
[2026-07-11T14:19:25] POLL task=task-0f08c7030b39e72e93d3bbab536685c96f915f4681a8f55b10c387eb937b5991 idx=20 status=processing
[2026-07-11T14:19:27] REQUEST GET /api/v1/ppt/presentation/status/task-0f08c7030b39e72e93d3bbab536685c96f915f4681a8f55b10c387eb937b5991 timeout=15s body=
[2026-07-11T14:19:27] RESPONSE GET /api/v1/ppt/presentation/status/task-0f08c7030b39e72e93d3bbab536685c96f915f4681a8f55b10c387eb937b5991 status=200 elapsed=0.022s body={"status":"processing","message":"Generating presentation outlines","error":null,"created_at":"2026-07-11T12:18:46.991899","updated_at":"2026-07-11T12:18:47.286899","type":"presentation.generate","id":"task-0f08c7030b39e72e93d3bbab536685c96f915f4681a8f55b10c387eb937b5991","data":{"created_slides":0,"remaining_slides":2}}
[2026-07-11T14:19:27] POLL task=task-0f08c7030b39e72e93d3bbab536685c96f915f4681a8f55b10c387eb937b5991 idx=21 status=processing
[2026-07-11T14:19:29] REQUEST GET /api/v1/ppt/presentation/status/task-0f08c7030b39e72e93d3bbab536685c96f915f4681a8f55b10c387eb937b5991 timeout=15s body=
[2026-07-11T14:19:29] RESPONSE GET /api/v1/ppt/presentation/status/task-0f08c7030b39e72e93d3bbab536685c96f915f4681a8f55b10c387eb937b5991 status=200 elapsed=0.016s body={"status":"processing","message":"Generating presentation outlines","error":null,"created_at":"2026-07-11T12:18:46.991899","updated_at":"2026-07-11T12:18:47.286899","type":"presentation.generate","id":"task-0f08c7030b39e72e93d3bbab536685c96f915f4681a8f55b10c387eb937b5991","data":{"created_slides":0,"remaining_slides":2}}
[2026-07-11T14:19:29] POLL task=task-0f08c7030b39e72e93d3bbab536685c96f915f4681a8f55b10c387eb937b5991 idx=22 status=processing
[2026-07-11T14:19:31] REQUEST GET /api/v1/ppt/presentation/status/task-0f08c7030b39e72e93d3bbab536685c96f915f4681a8f55b10c387eb937b5991 timeout=15s body=
[2026-07-11T14:19:32] RESPONSE GET /api/v1/ppt/presentation/status/task-0f08c7030b39e72e93d3bbab536685c96f915f4681a8f55b10c387eb937b5991 status=200 elapsed=0.015s body={"status":"processing","message":"Generating presentation outlines","error":null,"created_at":"2026-07-11T12:18:46.991899","updated_at":"2026-07-11T12:18:47.286899","type":"presentation.generate","id":"task-0f08c7030b39e72e93d3bbab536685c96f915f4681a8f55b10c387eb937b5991","data":{"created_slides":0,"remaining_slides":2}}
[2026-07-11T14:19:32] POLL task=task-0f08c7030b39e72e93d3bbab536685c96f915f4681a8f55b10c387eb937b5991 idx=23 status=processing
[2026-07-11T14:19:34] REQUEST GET /api/v1/ppt/presentation/status/task-0f08c7030b39e72e93d3bbab536685c96f915f4681a8f55b10c387eb937b5991 timeout=15s body=
[2026-07-11T14:19:34] RESPONSE GET /api/v1/ppt/presentation/status/task-0f08c7030b39e72e93d3bbab536685c96f915f4681a8f55b10c387eb937b5991 status=200 elapsed=0.021s body={"status":"processing","message":"Generating presentation outlines","error":null,"created_at":"2026-07-11T12:18:46.991899","updated_at":"2026-07-11T12:18:47.286899","type":"presentation.generate","id":"task-0f08c7030b39e72e93d3bbab536685c96f915f4681a8f55b10c387eb937b5991","data":{"created_slides":0,"remaining_slides":2}}
[2026-07-11T14:19:34] POLL task=task-0f08c7030b39e72e93d3bbab536685c96f915f4681a8f55b10c387eb937b5991 idx=24 status=processing
[2026-07-11T14:19:36] REQUEST GET /api/v1/ppt/presentation/status/task-0f08c7030b39e72e93d3bbab536685c96f915f4681a8f55b10c387eb937b5991 timeout=15s body=
[2026-07-11T14:19:36] RESPONSE GET /api/v1/ppt/presentation/status/task-0f08c7030b39e72e93d3bbab536685c96f915f4681a8f55b10c387eb937b5991 status=200 elapsed=0.014s body={"status":"processing","message":"Selecting layout for each slide","error":null,"created_at":"2026-07-11T12:18:46.991899","updated_at":"2026-07-11T12:19:35.607773","type":"presentation.generate","id":"task-0f08c7030b39e72e93d3bbab536685c96f915f4681a8f55b10c387eb937b5991","data":{"created_slides":0,"remaining_slides":2}}
[2026-07-11T14:19:36] POLL task=task-0f08c7030b39e72e93d3bbab536685c96f915f4681a8f55b10c387eb937b5991 idx=25 status=processing
[2026-07-11T14:19:38] REQUEST GET /api/v1/ppt/presentation/status/task-0f08c7030b39e72e93d3bbab536685c96f915f4681a8f55b10c387eb937b5991 timeout=15s body=
[2026-07-11T14:19:38] RESPONSE GET /api/v1/ppt/presentation/status/task-0f08c7030b39e72e93d3bbab536685c96f915f4681a8f55b10c387eb937b5991 status=200 elapsed=0.035s body={"status":"processing","message":"Selecting layout for each slide","error":null,"created_at":"2026-07-11T12:18:46.991899","updated_at":"2026-07-11T12:19:35.607773","type":"presentation.generate","id":"task-0f08c7030b39e72e93d3bbab536685c96f915f4681a8f55b10c387eb937b5991","data":{"created_slides":0,"remaining_slides":2}}
[2026-07-11T14:19:38] POLL task=task-0f08c7030b39e72e93d3bbab536685c96f915f4681a8f55b10c387eb937b5991 idx=26 status=processing
[2026-07-11T14:19:40] REQUEST GET /api/v1/ppt/presentation/status/task-0f08c7030b39e72e93d3bbab536685c96f915f4681a8f55b10c387eb937b5991 timeout=15s body=
[2026-07-11T14:19:40] RESPONSE GET /api/v1/ppt/presentation/status/task-0f08c7030b39e72e93d3bbab536685c96f915f4681a8f55b10c387eb937b5991 status=200 elapsed=0.033s body={"status":"processing","message":"Selecting layout for each slide","error":null,"created_at":"2026-07-11T12:18:46.991899","updated_at":"2026-07-11T12:19:35.607773","type":"presentation.generate","id":"task-0f08c7030b39e72e93d3bbab536685c96f915f4681a8f55b10c387eb937b5991","data":{"created_slides":0,"remaining_slides":2}}
[2026-07-11T14:19:40] POLL task=task-0f08c7030b39e72e93d3bbab536685c96f915f4681a8f55b10c387eb937b5991 idx=27 status=processing
[2026-07-11T14:19:42] REQUEST GET /api/v1/ppt/presentation/status/task-0f08c7030b39e72e93d3bbab536685c96f915f4681a8f55b10c387eb937b5991 timeout=15s body=
[2026-07-11T14:19:42] RESPONSE GET /api/v1/ppt/presentation/status/task-0f08c7030b39e72e93d3bbab536685c96f915f4681a8f55b10c387eb937b5991 status=200 elapsed=0.014s body={"status":"processing","message":"Selecting layout for each slide","error":null,"created_at":"2026-07-11T12:18:46.991899","updated_at":"2026-07-11T12:19:35.607773","type":"presentation.generate","id":"task-0f08c7030b39e72e93d3bbab536685c96f915f4681a8f55b10c387eb937b5991","data":{"created_slides":0,"remaining_slides":2}}
[2026-07-11T14:19:42] POLL task=task-0f08c7030b39e72e93d3bbab536685c96f915f4681a8f55b10c387eb937b5991 idx=28 status=processing
[2026-07-11T14:19:44] REQUEST GET /api/v1/ppt/presentation/status/task-0f08c7030b39e72e93d3bbab536685c96f915f4681a8f55b10c387eb937b5991 timeout=15s body=
[2026-07-11T14:19:44] RESPONSE GET /api/v1/ppt/presentation/status/task-0f08c7030b39e72e93d3bbab536685c96f915f4681a8f55b10c387eb937b5991 status=200 elapsed=0.023s body={"status":"processing","message":"Selecting layout for each slide","error":null,"created_at":"2026-07-11T12:18:46.991899","updated_at":"2026-07-11T12:19:35.607773","type":"presentation.generate","id":"task-0f08c7030b39e72e93d3bbab536685c96f915f4681a8f55b10c387eb937b5991","data":{"created_slides":0,"remaining_slides":2}}
[2026-07-11T14:19:44] POLL task=task-0f08c7030b39e72e93d3bbab536685c96f915f4681a8f55b10c387eb937b5991 idx=29 status=processing
[2026-07-11T14:19:46] REQUEST GET /api/v1/ppt/presentation/status/task-0f08c7030b39e72e93d3bbab536685c96f915f4681a8f55b10c387eb937b5991 timeout=15s body=
[2026-07-11T14:19:46] RESPONSE GET /api/v1/ppt/presentation/status/task-0f08c7030b39e72e93d3bbab536685c96f915f4681a8f55b10c387eb937b5991 status=200 elapsed=0.024s body={"status":"processing","message":"Selecting layout for each slide","error":null,"created_at":"2026-07-11T12:18:46.991899","updated_at":"2026-07-11T12:19:35.607773","type":"presentation.generate","id":"task-0f08c7030b39e72e93d3bbab536685c96f915f4681a8f55b10c387eb937b5991","data":{"created_slides":0,"remaining_slides":2}}
[2026-07-11T14:19:46] POLL task=task-0f08c7030b39e72e93d3bbab536685c96f915f4681a8f55b10c387eb937b5991 idx=30 status=processing
[2026-07-11T14:19:48] REQUEST GET /api/v1/ppt/presentation/status/task-0f08c7030b39e72e93d3bbab536685c96f915f4681a8f55b10c387eb937b5991 timeout=15s body=
[2026-07-11T14:19:48] RESPONSE GET /api/v1/ppt/presentation/status/task-0f08c7030b39e72e93d3bbab536685c96f915f4681a8f55b10c387eb937b5991 status=200 elapsed=0.026s body={"status":"processing","message":"Selecting layout for each slide","error":null,"created_at":"2026-07-11T12:18:46.991899","updated_at":"2026-07-11T12:19:35.607773","type":"presentation.generate","id":"task-0f08c7030b39e72e93d3bbab536685c96f915f4681a8f55b10c387eb937b5991","data":{"created_slides":0,"remaining_slides":2}}
[2026-07-11T14:19:48] POLL task=task-0f08c7030b39e72e93d3bbab536685c96f915f4681a8f55b10c387eb937b5991 idx=31 status=processing
[2026-07-11T14:19:50] REQUEST GET /api/v1/ppt/presentation/status/task-0f08c7030b39e72e93d3bbab536685c96f915f4681a8f55b10c387eb937b5991 timeout=15s body=
[2026-07-11T14:19:50] RESPONSE GET /api/v1/ppt/presentation/status/task-0f08c7030b39e72e93d3bbab536685c96f915f4681a8f55b10c387eb937b5991 status=200 elapsed=0.018s body={"status":"processing","message":"Selecting layout for each slide","error":null,"created_at":"2026-07-11T12:18:46.991899","updated_at":"2026-07-11T12:19:35.607773","type":"presentation.generate","id":"task-0f08c7030b39e72e93d3bbab536685c96f915f4681a8f55b10c387eb937b5991","data":{"created_slides":0,"remaining_slides":2}}
[2026-07-11T14:19:50] POLL task=task-0f08c7030b39e72e93d3bbab536685c96f915f4681a8f55b10c387eb937b5991 idx=32 status=processing
[2026-07-11T14:19:52] REQUEST GET /api/v1/ppt/presentation/status/task-0f08c7030b39e72e93d3bbab536685c96f915f4681a8f55b10c387eb937b5991 timeout=15s body=
[2026-07-11T14:19:52] RESPONSE GET /api/v1/ppt/presentation/status/task-0f08c7030b39e72e93d3bbab536685c96f915f4681a8f55b10c387eb937b5991 status=200 elapsed=0.016s body={"status":"processing","message":"Selecting layout for each slide","error":null,"created_at":"2026-07-11T12:18:46.991899","updated_at":"2026-07-11T12:19:35.607773","type":"presentation.generate","id":"task-0f08c7030b39e72e93d3bbab536685c96f915f4681a8f55b10c387eb937b5991","data":{"created_slides":0,"remaining_slides":2}}
[2026-07-11T14:19:52] POLL task=task-0f08c7030b39e72e93d3bbab536685c96f915f4681a8f55b10c387eb937b5991 idx=33 status=processing
[2026-07-11T14:19:54] REQUEST GET /api/v1/ppt/presentation/status/task-0f08c7030b39e72e93d3bbab536685c96f915f4681a8f55b10c387eb937b5991 timeout=15s body=
[2026-07-11T14:19:54] RESPONSE GET /api/v1/ppt/presentation/status/task-0f08c7030b39e72e93d3bbab536685c96f915f4681a8f55b10c387eb937b5991 status=200 elapsed=0.014s body={"status":"processing","message":"Selecting layout for each slide","error":null,"created_at":"2026-07-11T12:18:46.991899","updated_at":"2026-07-11T12:19:35.607773","type":"presentation.generate","id":"task-0f08c7030b39e72e93d3bbab536685c96f915f4681a8f55b10c387eb937b5991","data":{"created_slides":0,"remaining_slides":2}}
[2026-07-11T14:19:54] POLL task=task-0f08c7030b39e72e93d3bbab536685c96f915f4681a8f55b10c387eb937b5991 idx=34 status=processing
[2026-07-11T14:19:56] REQUEST GET /api/v1/ppt/presentation/status/task-0f08c7030b39e72e93d3bbab536685c96f915f4681a8f55b10c387eb937b5991 timeout=15s body=
[2026-07-11T14:19:56] RESPONSE GET /api/v1/ppt/presentation/status/task-0f08c7030b39e72e93d3bbab536685c96f915f4681a8f55b10c387eb937b5991 status=200 elapsed=0.009s body={"status":"processing","message":"Selecting layout for each slide","error":null,"created_at":"2026-07-11T12:18:46.991899","updated_at":"2026-07-11T12:19:35.607773","type":"presentation.generate","id":"task-0f08c7030b39e72e93d3bbab536685c96f915f4681a8f55b10c387eb937b5991","data":{"created_slides":0,"remaining_slides":2}}
[2026-07-11T14:19:56] POLL task=task-0f08c7030b39e72e93d3bbab536685c96f915f4681a8f55b10c387eb937b5991 idx=35 status=processing
[2026-07-11T14:19:58] REQUEST GET /api/v1/ppt/presentation/status/task-0f08c7030b39e72e93d3bbab536685c96f915f4681a8f55b10c387eb937b5991 timeout=15s body=
[2026-07-11T14:19:58] RESPONSE GET /api/v1/ppt/presentation/status/task-0f08c7030b39e72e93d3bbab536685c96f915f4681a8f55b10c387eb937b5991 status=200 elapsed=0.022s body={"status":"processing","message":"Selecting layout for each slide","error":null,"created_at":"2026-07-11T12:18:46.991899","updated_at":"2026-07-11T12:19:35.607773","type":"presentation.generate","id":"task-0f08c7030b39e72e93d3bbab536685c96f915f4681a8f55b10c387eb937b5991","data":{"created_slides":0,"remaining_slides":2}}
[2026-07-11T14:19:58] POLL task=task-0f08c7030b39e72e93d3bbab536685c96f915f4681a8f55b10c387eb937b5991 idx=36 status=processing
[2026-07-11T14:20:00] REQUEST GET /api/v1/ppt/presentation/status/task-0f08c7030b39e72e93d3bbab536685c96f915f4681a8f55b10c387eb937b5991 timeout=15s body=
[2026-07-11T14:20:00] RESPONSE GET /api/v1/ppt/presentation/status/task-0f08c7030b39e72e93d3bbab536685c96f915f4681a8f55b10c387eb937b5991 status=200 elapsed=0.076s body={"status":"processing","message":"Selecting layout for each slide","error":null,"created_at":"2026-07-11T12:18:46.991899","updated_at":"2026-07-11T12:19:35.607773","type":"presentation.generate","id":"task-0f08c7030b39e72e93d3bbab536685c96f915f4681a8f55b10c387eb937b5991","data":{"created_slides":0,"remaining_slides":2}}
[2026-07-11T14:20:00] POLL task=task-0f08c7030b39e72e93d3bbab536685c96f915f4681a8f55b10c387eb937b5991 idx=37 status=processing
[2026-07-11T14:20:02] REQUEST GET /api/v1/ppt/presentation/status/task-0f08c7030b39e72e93d3bbab536685c96f915f4681a8f55b10c387eb937b5991 timeout=15s body=
[2026-07-11T14:20:02] RESPONSE GET /api/v1/ppt/presentation/status/task-0f08c7030b39e72e93d3bbab536685c96f915f4681a8f55b10c387eb937b5991 status=200 elapsed=0.014s body={"status":"processing","message":"Selecting layout for each slide","error":null,"created_at":"2026-07-11T12:18:46.991899","updated_at":"2026-07-11T12:19:35.607773","type":"presentation.generate","id":"task-0f08c7030b39e72e93d3bbab536685c96f915f4681a8f55b10c387eb937b5991","data":{"created_slides":0,"remaining_slides":2}}
[2026-07-11T14:20:02] POLL task=task-0f08c7030b39e72e93d3bbab536685c96f915f4681a8f55b10c387eb937b5991 idx=38 status=processing
[2026-07-11T14:20:04] REQUEST GET /api/v1/ppt/presentation/status/task-0f08c7030b39e72e93d3bbab536685c96f915f4681a8f55b10c387eb937b5991 timeout=15s body=
[2026-07-11T14:20:04] RESPONSE GET /api/v1/ppt/presentation/status/task-0f08c7030b39e72e93d3bbab536685c96f915f4681a8f55b10c387eb937b5991 status=200 elapsed=0.018s body={"status":"processing","message":"Selecting layout for each slide","error":null,"created_at":"2026-07-11T12:18:46.991899","updated_at":"2026-07-11T12:19:35.607773","type":"presentation.generate","id":"task-0f08c7030b39e72e93d3bbab536685c96f915f4681a8f55b10c387eb937b5991","data":{"created_slides":0,"remaining_slides":2}}
[2026-07-11T14:20:04] POLL task=task-0f08c7030b39e72e93d3bbab536685c96f915f4681a8f55b10c387eb937b5991 idx=39 status=processing
[2026-07-11T14:20:06] REQUEST GET /api/v1/ppt/presentation/status/task-0f08c7030b39e72e93d3bbab536685c96f915f4681a8f55b10c387eb937b5991 timeout=15s body=
[2026-07-11T14:20:06] RESPONSE GET /api/v1/ppt/presentation/status/task-0f08c7030b39e72e93d3bbab536685c96f915f4681a8f55b10c387eb937b5991 status=200 elapsed=0.01s body={"status":"processing","message":"Selecting layout for each slide","error":null,"created_at":"2026-07-11T12:18:46.991899","updated_at":"2026-07-11T12:19:35.607773","type":"presentation.generate","id":"task-0f08c7030b39e72e93d3bbab536685c96f915f4681a8f55b10c387eb937b5991","data":{"created_slides":0,"remaining_slides":2}}
[2026-07-11T14:20:06] POLL task=task-0f08c7030b39e72e93d3bbab536685c96f915f4681a8f55b10c387eb937b5991 idx=40 status=processing
[2026-07-11T14:20:08] REQUEST GET /api/v1/ppt/presentation/status/task-0f08c7030b39e72e93d3bbab536685c96f915f4681a8f55b10c387eb937b5991 timeout=15s body=
[2026-07-11T14:20:08] RESPONSE GET /api/v1/ppt/presentation/status/task-0f08c7030b39e72e93d3bbab536685c96f915f4681a8f55b10c387eb937b5991 status=200 elapsed=0.024s body={"status":"processing","message":"Selecting layout for each slide","error":null,"created_at":"2026-07-11T12:18:46.991899","updated_at":"2026-07-11T12:19:35.607773","type":"presentation.generate","id":"task-0f08c7030b39e72e93d3bbab536685c96f915f4681a8f55b10c387eb937b5991","data":{"created_slides":0,"remaining_slides":2}}
[2026-07-11T14:20:08] POLL task=task-0f08c7030b39e72e93d3bbab536685c96f915f4681a8f55b10c387eb937b5991 idx=41 status=processing
[2026-07-11T14:20:10] REQUEST GET /api/v1/ppt/presentation/status/task-0f08c7030b39e72e93d3bbab536685c96f915f4681a8f55b10c387eb937b5991 timeout=15s body=
[2026-07-11T14:20:10] RESPONSE GET /api/v1/ppt/presentation/status/task-0f08c7030b39e72e93d3bbab536685c96f915f4681a8f55b10c387eb937b5991 status=200 elapsed=0.018s body={"status":"processing","message":"Selecting layout for each slide","error":null,"created_at":"2026-07-11T12:18:46.991899","updated_at":"2026-07-11T12:19:35.607773","type":"presentation.generate","id":"task-0f08c7030b39e72e93d3bbab536685c96f915f4681a8f55b10c387eb937b5991","data":{"created_slides":0,"remaining_slides":2}}
[2026-07-11T14:20:10] POLL task=task-0f08c7030b39e72e93d3bbab536685c96f915f4681a8f55b10c387eb937b5991 idx=42 status=processing
[2026-07-11T14:20:12] REQUEST GET /api/v1/ppt/presentation/status/task-0f08c7030b39e72e93d3bbab536685c96f915f4681a8f55b10c387eb937b5991 timeout=15s body=
[2026-07-11T14:20:12] RESPONSE GET /api/v1/ppt/presentation/status/task-0f08c7030b39e72e93d3bbab536685c96f915f4681a8f55b10c387eb937b5991 status=200 elapsed=0.017s body={"status":"processing","message":"Selecting layout for each slide","error":null,"created_at":"2026-07-11T12:18:46.991899","updated_at":"2026-07-11T12:19:35.607773","type":"presentation.generate","id":"task-0f08c7030b39e72e93d3bbab536685c96f915f4681a8f55b10c387eb937b5991","data":{"created_slides":0,"remaining_slides":2}}
[2026-07-11T14:20:12] POLL task=task-0f08c7030b39e72e93d3bbab536685c96f915f4681a8f55b10c387eb937b5991 idx=43 status=processing
[2026-07-11T14:20:14] REQUEST GET /api/v1/ppt/presentation/status/task-0f08c7030b39e72e93d3bbab536685c96f915f4681a8f55b10c387eb937b5991 timeout=15s body=
[2026-07-11T14:20:14] RESPONSE GET /api/v1/ppt/presentation/status/task-0f08c7030b39e72e93d3bbab536685c96f915f4681a8f55b10c387eb937b5991 status=200 elapsed=0.012s body={"status":"processing","message":"Selecting layout for each slide","error":null,"created_at":"2026-07-11T12:18:46.991899","updated_at":"2026-07-11T12:19:35.607773","type":"presentation.generate","id":"task-0f08c7030b39e72e93d3bbab536685c96f915f4681a8f55b10c387eb937b5991","data":{"created_slides":0,"remaining_slides":2}}
[2026-07-11T14:20:14] POLL task=task-0f08c7030b39e72e93d3bbab536685c96f915f4681a8f55b10c387eb937b5991 idx=44 status=processing
[2026-07-11T14:20:16] REQUEST GET /api/v1/ppt/presentation/status/task-0f08c7030b39e72e93d3bbab536685c96f915f4681a8f55b10c387eb937b5991 timeout=15s body=
[2026-07-11T14:20:16] RESPONSE GET /api/v1/ppt/presentation/status/task-0f08c7030b39e72e93d3bbab536685c96f915f4681a8f55b10c387eb937b5991 status=200 elapsed=0.021s body={"status":"processing","message":"Selecting layout for each slide","error":null,"created_at":"2026-07-11T12:18:46.991899","updated_at":"2026-07-11T12:19:35.607773","type":"presentation.generate","id":"task-0f08c7030b39e72e93d3bbab536685c96f915f4681a8f55b10c387eb937b5991","data":{"created_slides":0,"remaining_slides":2}}
[2026-07-11T14:20:16] POLL task=task-0f08c7030b39e72e93d3bbab536685c96f915f4681a8f55b10c387eb937b5991 idx=45 status=processing
[2026-07-11T14:20:18] REQUEST GET /api/v1/ppt/presentation/status/task-0f08c7030b39e72e93d3bbab536685c96f915f4681a8f55b10c387eb937b5991 timeout=15s body=
[2026-07-11T14:20:18] RESPONSE GET /api/v1/ppt/presentation/status/task-0f08c7030b39e72e93d3bbab536685c96f915f4681a8f55b10c387eb937b5991 status=200 elapsed=0.017s body={"status":"processing","message":"Selecting layout for each slide","error":null,"created_at":"2026-07-11T12:18:46.991899","updated_at":"2026-07-11T12:19:35.607773","type":"presentation.generate","id":"task-0f08c7030b39e72e93d3bbab536685c96f915f4681a8f55b10c387eb937b5991","data":{"created_slides":0,"remaining_slides":2}}
[2026-07-11T14:20:18] POLL task=task-0f08c7030b39e72e93d3bbab536685c96f915f4681a8f55b10c387eb937b5991 idx=46 status=processing
[2026-07-11T14:20:20] REQUEST GET /api/v1/ppt/presentation/status/task-0f08c7030b39e72e93d3bbab536685c96f915f4681a8f55b10c387eb937b5991 timeout=15s body=
[2026-07-11T14:20:20] RESPONSE GET /api/v1/ppt/presentation/status/task-0f08c7030b39e72e93d3bbab536685c96f915f4681a8f55b10c387eb937b5991 status=200 elapsed=0.025s body={"status":"processing","message":"Selecting layout for each slide","error":null,"created_at":"2026-07-11T12:18:46.991899","updated_at":"2026-07-11T12:19:35.607773","type":"presentation.generate","id":"task-0f08c7030b39e72e93d3bbab536685c96f915f4681a8f55b10c387eb937b5991","data":{"created_slides":0,"remaining_slides":2}}
[2026-07-11T14:20:20] POLL task=task-0f08c7030b39e72e93d3bbab536685c96f915f4681a8f55b10c387eb937b5991 idx=47 status=processing
[2026-07-11T14:20:22] REQUEST GET /api/v1/ppt/presentation/status/task-0f08c7030b39e72e93d3bbab536685c96f915f4681a8f55b10c387eb937b5991 timeout=15s body=
[2026-07-11T14:20:22] RESPONSE GET /api/v1/ppt/presentation/status/task-0f08c7030b39e72e93d3bbab536685c96f915f4681a8f55b10c387eb937b5991 status=200 elapsed=0.016s body={"status":"processing","message":"Selecting layout for each slide","error":null,"created_at":"2026-07-11T12:18:46.991899","updated_at":"2026-07-11T12:19:35.607773","type":"presentation.generate","id":"task-0f08c7030b39e72e93d3bbab536685c96f915f4681a8f55b10c387eb937b5991","data":{"created_slides":0,"remaining_slides":2}}
[2026-07-11T14:20:22] POLL task=task-0f08c7030b39e72e93d3bbab536685c96f915f4681a8f55b10c387eb937b5991 idx=48 status=processing
[2026-07-11T14:20:24] REQUEST GET /api/v1/ppt/presentation/status/task-0f08c7030b39e72e93d3bbab536685c96f915f4681a8f55b10c387eb937b5991 timeout=15s body=
[2026-07-11T14:20:24] RESPONSE GET /api/v1/ppt/presentation/status/task-0f08c7030b39e72e93d3bbab536685c96f915f4681a8f55b10c387eb937b5991 status=200 elapsed=0.014s body={"status":"processing","message":"Selecting layout for each slide","error":null,"created_at":"2026-07-11T12:18:46.991899","updated_at":"2026-07-11T12:19:35.607773","type":"presentation.generate","id":"task-0f08c7030b39e72e93d3bbab536685c96f915f4681a8f55b10c387eb937b5991","data":{"created_slides":0,"remaining_slides":2}}
[2026-07-11T14:20:24] POLL task=task-0f08c7030b39e72e93d3bbab536685c96f915f4681a8f55b10c387eb937b5991 idx=49 status=processing
[2026-07-11T14:20:26] REQUEST GET /api/v1/ppt/presentation/status/task-0f08c7030b39e72e93d3bbab536685c96f915f4681a8f55b10c387eb937b5991 timeout=15s body=
[2026-07-11T14:20:26] RESPONSE GET /api/v1/ppt/presentation/status/task-0f08c7030b39e72e93d3bbab536685c96f915f4681a8f55b10c387eb937b5991 status=200 elapsed=0.015s body={"status":"processing","message":"Selecting layout for each slide","error":null,"created_at":"2026-07-11T12:18:46.991899","updated_at":"2026-07-11T12:19:35.607773","type":"presentation.generate","id":"task-0f08c7030b39e72e93d3bbab536685c96f915f4681a8f55b10c387eb937b5991","data":{"created_slides":0,"remaining_slides":2}}
[2026-07-11T14:20:26] POLL task=task-0f08c7030b39e72e93d3bbab536685c96f915f4681a8f55b10c387eb937b5991 idx=50 status=processing
[2026-07-11T14:20:28] REQUEST GET /api/v1/ppt/presentation/status/task-0f08c7030b39e72e93d3bbab536685c96f915f4681a8f55b10c387eb937b5991 timeout=15s body=
[2026-07-11T14:20:28] RESPONSE GET /api/v1/ppt/presentation/status/task-0f08c7030b39e72e93d3bbab536685c96f915f4681a8f55b10c387eb937b5991 status=200 elapsed=0.013s body={"status":"processing","message":"Selecting layout for each slide","error":null,"created_at":"2026-07-11T12:18:46.991899","updated_at":"2026-07-11T12:19:35.607773","type":"presentation.generate","id":"task-0f08c7030b39e72e93d3bbab536685c96f915f4681a8f55b10c387eb937b5991","data":{"created_slides":0,"remaining_slides":2}}
[2026-07-11T14:20:28] POLL task=task-0f08c7030b39e72e93d3bbab536685c96f915f4681a8f55b10c387eb937b5991 idx=51 status=processing
[2026-07-11T14:20:30] REQUEST GET /api/v1/ppt/presentation/status/task-0f08c7030b39e72e93d3bbab536685c96f915f4681a8f55b10c387eb937b5991 timeout=15s body=
[2026-07-11T14:20:30] RESPONSE GET /api/v1/ppt/presentation/status/task-0f08c7030b39e72e93d3bbab536685c96f915f4681a8f55b10c387eb937b5991 status=200 elapsed=0.019s body={"status":"processing","message":"Selecting layout for each slide","error":null,"created_at":"2026-07-11T12:18:46.991899","updated_at":"2026-07-11T12:19:35.607773","type":"presentation.generate","id":"task-0f08c7030b39e72e93d3bbab536685c96f915f4681a8f55b10c387eb937b5991","data":{"created_slides":0,"remaining_slides":2}}
[2026-07-11T14:20:30] POLL task=task-0f08c7030b39e72e93d3bbab536685c96f915f4681a8f55b10c387eb937b5991 idx=52 status=processing
[2026-07-11T14:20:32] REQUEST GET /api/v1/ppt/presentation/status/task-0f08c7030b39e72e93d3bbab536685c96f915f4681a8f55b10c387eb937b5991 timeout=15s body=
[2026-07-11T14:20:32] RESPONSE GET /api/v1/ppt/presentation/status/task-0f08c7030b39e72e93d3bbab536685c96f915f4681a8f55b10c387eb937b5991 status=200 elapsed=0.018s body={"status":"processing","message":"Selecting layout for each slide","error":null,"created_at":"2026-07-11T12:18:46.991899","updated_at":"2026-07-11T12:19:35.607773","type":"presentation.generate","id":"task-0f08c7030b39e72e93d3bbab536685c96f915f4681a8f55b10c387eb937b5991","data":{"created_slides":0,"remaining_slides":2}}
[2026-07-11T14:20:32] POLL task=task-0f08c7030b39e72e93d3bbab536685c96f915f4681a8f55b10c387eb937b5991 idx=53 status=processing
[2026-07-11T14:20:34] REQUEST GET /api/v1/ppt/presentation/status/task-0f08c7030b39e72e93d3bbab536685c96f915f4681a8f55b10c387eb937b5991 timeout=15s body=
[2026-07-11T14:20:34] RESPONSE GET /api/v1/ppt/presentation/status/task-0f08c7030b39e72e93d3bbab536685c96f915f4681a8f55b10c387eb937b5991 status=200 elapsed=0.02s body={"status":"processing","message":"Selecting layout for each slide","error":null,"created_at":"2026-07-11T12:18:46.991899","updated_at":"2026-07-11T12:19:35.607773","type":"presentation.generate","id":"task-0f08c7030b39e72e93d3bbab536685c96f915f4681a8f55b10c387eb937b5991","data":{"created_slides":0,"remaining_slides":2}}
[2026-07-11T14:20:34] POLL task=task-0f08c7030b39e72e93d3bbab536685c96f915f4681a8f55b10c387eb937b5991 idx=54 status=processing
[2026-07-11T14:20:36] REQUEST GET /api/v1/ppt/presentation/status/task-0f08c7030b39e72e93d3bbab536685c96f915f4681a8f55b10c387eb937b5991 timeout=15s body=
[2026-07-11T14:20:36] RESPONSE GET /api/v1/ppt/presentation/status/task-0f08c7030b39e72e93d3bbab536685c96f915f4681a8f55b10c387eb937b5991 status=200 elapsed=0.023s body={"status":"processing","message":"Selecting layout for each slide","error":null,"created_at":"2026-07-11T12:18:46.991899","updated_at":"2026-07-11T12:19:35.607773","type":"presentation.generate","id":"task-0f08c7030b39e72e93d3bbab536685c96f915f4681a8f55b10c387eb937b5991","data":{"created_slides":0,"remaining_slides":2}}
[2026-07-11T14:20:36] POLL task=task-0f08c7030b39e72e93d3bbab536685c96f915f4681a8f55b10c387eb937b5991 idx=55 status=processing
[2026-07-11T14:20:38] REQUEST GET /api/v1/ppt/presentation/status/task-0f08c7030b39e72e93d3bbab536685c96f915f4681a8f55b10c387eb937b5991 timeout=15s body=
[2026-07-11T14:20:38] RESPONSE GET /api/v1/ppt/presentation/status/task-0f08c7030b39e72e93d3bbab536685c96f915f4681a8f55b10c387eb937b5991 status=200 elapsed=0.021s body={"status":"processing","message":"Selecting layout for each slide","error":null,"created_at":"2026-07-11T12:18:46.991899","updated_at":"2026-07-11T12:19:35.607773","type":"presentation.generate","id":"task-0f08c7030b39e72e93d3bbab536685c96f915f4681a8f55b10c387eb937b5991","data":{"created_slides":0,"remaining_slides":2}}
[2026-07-11T14:20:38] POLL task=task-0f08c7030b39e72e93d3bbab536685c96f915f4681a8f55b10c387eb937b5991 idx=56 status=processing
[2026-07-11T14:20:40] REQUEST GET /api/v1/ppt/presentation/status/task-0f08c7030b39e72e93d3bbab536685c96f915f4681a8f55b10c387eb937b5991 timeout=15s body=
[2026-07-11T14:20:40] RESPONSE GET /api/v1/ppt/presentation/status/task-0f08c7030b39e72e93d3bbab536685c96f915f4681a8f55b10c387eb937b5991 status=200 elapsed=0.016s body={"status":"processing","message":"Selecting layout for each slide","error":null,"created_at":"2026-07-11T12:18:46.991899","updated_at":"2026-07-11T12:19:35.607773","type":"presentation.generate","id":"task-0f08c7030b39e72e93d3bbab536685c96f915f4681a8f55b10c387eb937b5991","data":{"created_slides":0,"remaining_slides":2}}
[2026-07-11T14:20:40] POLL task=task-0f08c7030b39e72e93d3bbab536685c96f915f4681a8f55b10c387eb937b5991 idx=57 status=processing
[2026-07-11T14:20:43] REQUEST GET /api/v1/ppt/presentation/status/task-0f08c7030b39e72e93d3bbab536685c96f915f4681a8f55b10c387eb937b5991 timeout=15s body=
[2026-07-11T14:20:43] RESPONSE GET /api/v1/ppt/presentation/status/task-0f08c7030b39e72e93d3bbab536685c96f915f4681a8f55b10c387eb937b5991 status=200 elapsed=0.017s body={"status":"processing","message":"Selecting layout for each slide","error":null,"created_at":"2026-07-11T12:18:46.991899","updated_at":"2026-07-11T12:19:35.607773","type":"presentation.generate","id":"task-0f08c7030b39e72e93d3bbab536685c96f915f4681a8f55b10c387eb937b5991","data":{"created_slides":0,"remaining_slides":2}}
[2026-07-11T14:20:43] POLL task=task-0f08c7030b39e72e93d3bbab536685c96f915f4681a8f55b10c387eb937b5991 idx=58 status=processing
[2026-07-11T14:20:45] REQUEST GET /api/v1/ppt/presentation/status/task-0f08c7030b39e72e93d3bbab536685c96f915f4681a8f55b10c387eb937b5991 timeout=15s body=
[2026-07-11T14:20:45] RESPONSE GET /api/v1/ppt/presentation/status/task-0f08c7030b39e72e93d3bbab536685c96f915f4681a8f55b10c387eb937b5991 status=200 elapsed=0.023s body={"status":"processing","message":"Selecting layout for each slide","error":null,"created_at":"2026-07-11T12:18:46.991899","updated_at":"2026-07-11T12:19:35.607773","type":"presentation.generate","id":"task-0f08c7030b39e72e93d3bbab536685c96f915f4681a8f55b10c387eb937b5991","data":{"created_slides":0,"remaining_slides":2}}
[2026-07-11T14:20:45] POLL task=task-0f08c7030b39e72e93d3bbab536685c96f915f4681a8f55b10c387eb937b5991 idx=59 status=processing
[2026-07-11T14:20:47] REQUEST GET /api/v1/ppt/presentation/status/task-0f08c7030b39e72e93d3bbab536685c96f915f4681a8f55b10c387eb937b5991 timeout=15s body=
[2026-07-11T14:20:47] RESPONSE GET /api/v1/ppt/presentation/status/task-0f08c7030b39e72e93d3bbab536685c96f915f4681a8f55b10c387eb937b5991 status=200 elapsed=0.015s body={"status":"processing","message":"Selecting layout for each slide","error":null,"created_at":"2026-07-11T12:18:46.991899","updated_at":"2026-07-11T12:19:35.607773","type":"presentation.generate","id":"task-0f08c7030b39e72e93d3bbab536685c96f915f4681a8f55b10c387eb937b5991","data":{"created_slides":0,"remaining_slides":2}}
[2026-07-11T14:20:47] POLL task=task-0f08c7030b39e72e93d3bbab536685c96f915f4681a8f55b10c387eb937b5991 idx=60 status=processing
[2026-07-11T14:20:49] REQUEST GET /api/v1/ppt/presentation/status/task-0f08c7030b39e72e93d3bbab536685c96f915f4681a8f55b10c387eb937b5991 timeout=15s body=
[2026-07-11T14:20:49] RESPONSE GET /api/v1/ppt/presentation/status/task-0f08c7030b39e72e93d3bbab536685c96f915f4681a8f55b10c387eb937b5991 status=200 elapsed=0.022s body={"status":"processing","message":"Selecting layout for each slide","error":null,"created_at":"2026-07-11T12:18:46.991899","updated_at":"2026-07-11T12:19:35.607773","type":"presentation.generate","id":"task-0f08c7030b39e72e93d3bbab536685c96f915f4681a8f55b10c387eb937b5991","data":{"created_slides":0,"remaining_slides":2}}
[2026-07-11T14:20:49] POLL task=task-0f08c7030b39e72e93d3bbab536685c96f915f4681a8f55b10c387eb937b5991 idx=61 status=processing
[2026-07-11T14:20:51] REQUEST GET /api/v1/ppt/presentation/status/task-0f08c7030b39e72e93d3bbab536685c96f915f4681a8f55b10c387eb937b5991 timeout=15s body=
[2026-07-11T14:20:51] RESPONSE GET /api/v1/ppt/presentation/status/task-0f08c7030b39e72e93d3bbab536685c96f915f4681a8f55b10c387eb937b5991 status=200 elapsed=0.045s body={"status":"processing","message":"Generating slides","error":null,"created_at":"2026-07-11T12:18:46.991899","updated_at":"2026-07-11T12:20:50.051394","type":"presentation.generate","id":"task-0f08c7030b39e72e93d3bbab536685c96f915f4681a8f55b10c387eb937b5991","data":{"created_slides":0,"remaining_slides":2}}
[2026-07-11T14:20:51] POLL task=task-0f08c7030b39e72e93d3bbab536685c96f915f4681a8f55b10c387eb937b5991 idx=62 status=processing
[2026-07-11T14:20:53] REQUEST GET /api/v1/ppt/presentation/status/task-0f08c7030b39e72e93d3bbab536685c96f915f4681a8f55b10c387eb937b5991 timeout=15s body=
[2026-07-11T14:20:53] RESPONSE GET /api/v1/ppt/presentation/status/task-0f08c7030b39e72e93d3bbab536685c96f915f4681a8f55b10c387eb937b5991 status=200 elapsed=0.015s body={"status":"processing","message":"Generating slides","error":null,"created_at":"2026-07-11T12:18:46.991899","updated_at":"2026-07-11T12:20:50.051394","type":"presentation.generate","id":"task-0f08c7030b39e72e93d3bbab536685c96f915f4681a8f55b10c387eb937b5991","data":{"created_slides":0,"remaining_slides":2}}
[2026-07-11T14:20:53] POLL task=task-0f08c7030b39e72e93d3bbab536685c96f915f4681a8f55b10c387eb937b5991 idx=63 status=processing
[2026-07-11T14:20:55] REQUEST GET /api/v1/ppt/presentation/status/task-0f08c7030b39e72e93d3bbab536685c96f915f4681a8f55b10c387eb937b5991 timeout=15s body=
[2026-07-11T14:20:55] RESPONSE GET /api/v1/ppt/presentation/status/task-0f08c7030b39e72e93d3bbab536685c96f915f4681a8f55b10c387eb937b5991 status=200 elapsed=0.029s body={"status":"processing","message":"Generating slides","error":null,"created_at":"2026-07-11T12:18:46.991899","updated_at":"2026-07-11T12:20:50.051394","type":"presentation.generate","id":"task-0f08c7030b39e72e93d3bbab536685c96f915f4681a8f55b10c387eb937b5991","data":{"created_slides":0,"remaining_slides":2}}
[2026-07-11T14:20:55] POLL task=task-0f08c7030b39e72e93d3bbab536685c96f915f4681a8f55b10c387eb937b5991 idx=64 status=processing
[2026-07-11T14:20:57] REQUEST GET /api/v1/ppt/presentation/status/task-0f08c7030b39e72e93d3bbab536685c96f915f4681a8f55b10c387eb937b5991 timeout=15s body=
[2026-07-11T14:20:57] RESPONSE GET /api/v1/ppt/presentation/status/task-0f08c7030b39e72e93d3bbab536685c96f915f4681a8f55b10c387eb937b5991 status=200 elapsed=0.024s body={"status":"processing","message":"Generating slides","error":null,"created_at":"2026-07-11T12:18:46.991899","updated_at":"2026-07-11T12:20:50.051394","type":"presentation.generate","id":"task-0f08c7030b39e72e93d3bbab536685c96f915f4681a8f55b10c387eb937b5991","data":{"created_slides":0,"remaining_slides":2}}
[2026-07-11T14:20:57] POLL task=task-0f08c7030b39e72e93d3bbab536685c96f915f4681a8f55b10c387eb937b5991 idx=65 status=processing
[2026-07-11T14:20:59] REQUEST GET /api/v1/ppt/presentation/status/task-0f08c7030b39e72e93d3bbab536685c96f915f4681a8f55b10c387eb937b5991 timeout=15s body=
[2026-07-11T14:20:59] RESPONSE GET /api/v1/ppt/presentation/status/task-0f08c7030b39e72e93d3bbab536685c96f915f4681a8f55b10c387eb937b5991 status=200 elapsed=0.021s body={"status":"processing","message":"Generating slides","error":null,"created_at":"2026-07-11T12:18:46.991899","updated_at":"2026-07-11T12:20:50.051394","type":"presentation.generate","id":"task-0f08c7030b39e72e93d3bbab536685c96f915f4681a8f55b10c387eb937b5991","data":{"created_slides":0,"remaining_slides":2}}
[2026-07-11T14:20:59] POLL task=task-0f08c7030b39e72e93d3bbab536685c96f915f4681a8f55b10c387eb937b5991 idx=66 status=processing
[2026-07-11T14:21:01] REQUEST GET /api/v1/ppt/presentation/status/task-0f08c7030b39e72e93d3bbab536685c96f915f4681a8f55b10c387eb937b5991 timeout=15s body=
[2026-07-11T14:21:01] RESPONSE GET /api/v1/ppt/presentation/status/task-0f08c7030b39e72e93d3bbab536685c96f915f4681a8f55b10c387eb937b5991 status=200 elapsed=0.018s body={"status":"processing","message":"Generating slides","error":null,"created_at":"2026-07-11T12:18:46.991899","updated_at":"2026-07-11T12:20:50.051394","type":"presentation.generate","id":"task-0f08c7030b39e72e93d3bbab536685c96f915f4681a8f55b10c387eb937b5991","data":{"created_slides":0,"remaining_slides":2}}
[2026-07-11T14:21:01] POLL task=task-0f08c7030b39e72e93d3bbab536685c96f915f4681a8f55b10c387eb937b5991 idx=67 status=processing
[2026-07-11T14:21:03] REQUEST GET /api/v1/ppt/presentation/status/task-0f08c7030b39e72e93d3bbab536685c96f915f4681a8f55b10c387eb937b5991 timeout=15s body=
[2026-07-11T14:21:03] RESPONSE GET /api/v1/ppt/presentation/status/task-0f08c7030b39e72e93d3bbab536685c96f915f4681a8f55b10c387eb937b5991 status=200 elapsed=0.025s body={"status":"processing","message":"Generating slides","error":null,"created_at":"2026-07-11T12:18:46.991899","updated_at":"2026-07-11T12:20:50.051394","type":"presentation.generate","id":"task-0f08c7030b39e72e93d3bbab536685c96f915f4681a8f55b10c387eb937b5991","data":{"created_slides":0,"remaining_slides":2}}
[2026-07-11T14:21:03] POLL task=task-0f08c7030b39e72e93d3bbab536685c96f915f4681a8f55b10c387eb937b5991 idx=68 status=processing
[2026-07-11T14:21:05] REQUEST GET /api/v1/ppt/presentation/status/task-0f08c7030b39e72e93d3bbab536685c96f915f4681a8f55b10c387eb937b5991 timeout=15s body=
[2026-07-11T14:21:05] RESPONSE GET /api/v1/ppt/presentation/status/task-0f08c7030b39e72e93d3bbab536685c96f915f4681a8f55b10c387eb937b5991 status=200 elapsed=0.014s body={"status":"processing","message":"Generating slides","error":null,"created_at":"2026-07-11T12:18:46.991899","updated_at":"2026-07-11T12:20:50.051394","type":"presentation.generate","id":"task-0f08c7030b39e72e93d3bbab536685c96f915f4681a8f55b10c387eb937b5991","data":{"created_slides":0,"remaining_slides":2}}
[2026-07-11T14:21:05] POLL task=task-0f08c7030b39e72e93d3bbab536685c96f915f4681a8f55b10c387eb937b5991 idx=69 status=processing
[2026-07-11T14:21:07] REQUEST GET /api/v1/ppt/presentation/status/task-0f08c7030b39e72e93d3bbab536685c96f915f4681a8f55b10c387eb937b5991 timeout=15s body=
[2026-07-11T14:21:07] RESPONSE GET /api/v1/ppt/presentation/status/task-0f08c7030b39e72e93d3bbab536685c96f915f4681a8f55b10c387eb937b5991 status=200 elapsed=0.021s body={"status":"processing","message":"Generating slides","error":null,"created_at":"2026-07-11T12:18:46.991899","updated_at":"2026-07-11T12:20:50.051394","type":"presentation.generate","id":"task-0f08c7030b39e72e93d3bbab536685c96f915f4681a8f55b10c387eb937b5991","data":{"created_slides":0,"remaining_slides":2}}
[2026-07-11T14:21:07] POLL task=task-0f08c7030b39e72e93d3bbab536685c96f915f4681a8f55b10c387eb937b5991 idx=70 status=processing
[2026-07-11T14:21:09] REQUEST GET /api/v1/ppt/presentation/status/task-0f08c7030b39e72e93d3bbab536685c96f915f4681a8f55b10c387eb937b5991 timeout=15s body=
[2026-07-11T14:21:09] RESPONSE GET /api/v1/ppt/presentation/status/task-0f08c7030b39e72e93d3bbab536685c96f915f4681a8f55b10c387eb937b5991 status=200 elapsed=0.019s body={"status":"processing","message":"Generating slides","error":null,"created_at":"2026-07-11T12:18:46.991899","updated_at":"2026-07-11T12:20:50.051394","type":"presentation.generate","id":"task-0f08c7030b39e72e93d3bbab536685c96f915f4681a8f55b10c387eb937b5991","data":{"created_slides":0,"remaining_slides":2}}
[2026-07-11T14:21:09] POLL task=task-0f08c7030b39e72e93d3bbab536685c96f915f4681a8f55b10c387eb937b5991 idx=71 status=processing
[2026-07-11T14:21:11] REQUEST GET /api/v1/ppt/presentation/status/task-0f08c7030b39e72e93d3bbab536685c96f915f4681a8f55b10c387eb937b5991 timeout=15s body=
[2026-07-11T14:21:11] RESPONSE GET /api/v1/ppt/presentation/status/task-0f08c7030b39e72e93d3bbab536685c96f915f4681a8f55b10c387eb937b5991 status=200 elapsed=0.015s body={"status":"processing","message":"Generating slides","error":null,"created_at":"2026-07-11T12:18:46.991899","updated_at":"2026-07-11T12:20:50.051394","type":"presentation.generate","id":"task-0f08c7030b39e72e93d3bbab536685c96f915f4681a8f55b10c387eb937b5991","data":{"created_slides":0,"remaining_slides":2}}
[2026-07-11T14:21:11] POLL task=task-0f08c7030b39e72e93d3bbab536685c96f915f4681a8f55b10c387eb937b5991 idx=72 status=processing
[2026-07-11T14:21:13] REQUEST GET /api/v1/ppt/presentation/status/task-0f08c7030b39e72e93d3bbab536685c96f915f4681a8f55b10c387eb937b5991 timeout=15s body=
[2026-07-11T14:21:13] RESPONSE GET /api/v1/ppt/presentation/status/task-0f08c7030b39e72e93d3bbab536685c96f915f4681a8f55b10c387eb937b5991 status=200 elapsed=0.021s body={"status":"processing","message":"Generating slides","error":null,"created_at":"2026-07-11T12:18:46.991899","updated_at":"2026-07-11T12:20:50.051394","type":"presentation.generate","id":"task-0f08c7030b39e72e93d3bbab536685c96f915f4681a8f55b10c387eb937b5991","data":{"created_slides":0,"remaining_slides":2}}
[2026-07-11T14:21:13] POLL task=task-0f08c7030b39e72e93d3bbab536685c96f915f4681a8f55b10c387eb937b5991 idx=73 status=processing
[2026-07-11T14:21:15] REQUEST GET /api/v1/ppt/presentation/status/task-0f08c7030b39e72e93d3bbab536685c96f915f4681a8f55b10c387eb937b5991 timeout=15s body=
[2026-07-11T14:21:15] RESPONSE GET /api/v1/ppt/presentation/status/task-0f08c7030b39e72e93d3bbab536685c96f915f4681a8f55b10c387eb937b5991 status=200 elapsed=0.015s body={"status":"processing","message":"Generating slides","error":null,"created_at":"2026-07-11T12:18:46.991899","updated_at":"2026-07-11T12:20:50.051394","type":"presentation.generate","id":"task-0f08c7030b39e72e93d3bbab536685c96f915f4681a8f55b10c387eb937b5991","data":{"created_slides":0,"remaining_slides":2}}
[2026-07-11T14:21:15] POLL task=task-0f08c7030b39e72e93d3bbab536685c96f915f4681a8f55b10c387eb937b5991 idx=74 status=processing
[2026-07-11T14:21:17] REQUEST GET /api/v1/ppt/presentation/status/task-0f08c7030b39e72e93d3bbab536685c96f915f4681a8f55b10c387eb937b5991 timeout=15s body=
[2026-07-11T14:21:17] RESPONSE GET /api/v1/ppt/presentation/status/task-0f08c7030b39e72e93d3bbab536685c96f915f4681a8f55b10c387eb937b5991 status=200 elapsed=0.023s body={"status":"processing","message":"Generating slides","error":null,"created_at":"2026-07-11T12:18:46.991899","updated_at":"2026-07-11T12:20:50.051394","type":"presentation.generate","id":"task-0f08c7030b39e72e93d3bbab536685c96f915f4681a8f55b10c387eb937b5991","data":{"created_slides":0,"remaining_slides":2}}
[2026-07-11T14:21:17] POLL task=task-0f08c7030b39e72e93d3bbab536685c96f915f4681a8f55b10c387eb937b5991 idx=75 status=processing
[2026-07-11T14:21:19] REQUEST GET /api/v1/ppt/presentation/status/task-0f08c7030b39e72e93d3bbab536685c96f915f4681a8f55b10c387eb937b5991 timeout=15s body=
[2026-07-11T14:21:19] RESPONSE GET /api/v1/ppt/presentation/status/task-0f08c7030b39e72e93d3bbab536685c96f915f4681a8f55b10c387eb937b5991 status=200 elapsed=0.015s body={"status":"processing","message":"Generating slides","error":null,"created_at":"2026-07-11T12:18:46.991899","updated_at":"2026-07-11T12:20:50.051394","type":"presentation.generate","id":"task-0f08c7030b39e72e93d3bbab536685c96f915f4681a8f55b10c387eb937b5991","data":{"created_slides":0,"remaining_slides":2}}
[2026-07-11T14:21:19] POLL task=task-0f08c7030b39e72e93d3bbab536685c96f915f4681a8f55b10c387eb937b5991 idx=76 status=processing
[2026-07-11T14:21:21] REQUEST GET /api/v1/ppt/presentation/status/task-0f08c7030b39e72e93d3bbab536685c96f915f4681a8f55b10c387eb937b5991 timeout=15s body=
[2026-07-11T14:21:21] RESPONSE GET /api/v1/ppt/presentation/status/task-0f08c7030b39e72e93d3bbab536685c96f915f4681a8f55b10c387eb937b5991 status=200 elapsed=0.025s body={"status":"processing","message":"Generating slides","error":null,"created_at":"2026-07-11T12:18:46.991899","updated_at":"2026-07-11T12:20:50.051394","type":"presentation.generate","id":"task-0f08c7030b39e72e93d3bbab536685c96f915f4681a8f55b10c387eb937b5991","data":{"created_slides":0,"remaining_slides":2}}
[2026-07-11T14:21:21] POLL task=task-0f08c7030b39e72e93d3bbab536685c96f915f4681a8f55b10c387eb937b5991 idx=77 status=processing
[2026-07-11T14:21:23] REQUEST GET /api/v1/ppt/presentation/status/task-0f08c7030b39e72e93d3bbab536685c96f915f4681a8f55b10c387eb937b5991 timeout=15s body=
[2026-07-11T14:21:23] RESPONSE GET /api/v1/ppt/presentation/status/task-0f08c7030b39e72e93d3bbab536685c96f915f4681a8f55b10c387eb937b5991 status=200 elapsed=0.018s body={"status":"processing","message":"Generating slides","error":null,"created_at":"2026-07-11T12:18:46.991899","updated_at":"2026-07-11T12:20:50.051394","type":"presentation.generate","id":"task-0f08c7030b39e72e93d3bbab536685c96f915f4681a8f55b10c387eb937b5991","data":{"created_slides":0,"remaining_slides":2}}
[2026-07-11T14:21:23] POLL task=task-0f08c7030b39e72e93d3bbab536685c96f915f4681a8f55b10c387eb937b5991 idx=78 status=processing
[2026-07-11T14:21:25] REQUEST GET /api/v1/ppt/presentation/status/task-0f08c7030b39e72e93d3bbab536685c96f915f4681a8f55b10c387eb937b5991 timeout=15s body=
[2026-07-11T14:21:25] RESPONSE GET /api/v1/ppt/presentation/status/task-0f08c7030b39e72e93d3bbab536685c96f915f4681a8f55b10c387eb937b5991 status=200 elapsed=0.019s body={"status":"processing","message":"Generating slides","error":null,"created_at":"2026-07-11T12:18:46.991899","updated_at":"2026-07-11T12:20:50.051394","type":"presentation.generate","id":"task-0f08c7030b39e72e93d3bbab536685c96f915f4681a8f55b10c387eb937b5991","data":{"created_slides":0,"remaining_slides":2}}
[2026-07-11T14:21:25] POLL task=task-0f08c7030b39e72e93d3bbab536685c96f915f4681a8f55b10c387eb937b5991 idx=79 status=processing
[2026-07-11T14:21:27] REQUEST GET /api/v1/ppt/presentation/status/task-0f08c7030b39e72e93d3bbab536685c96f915f4681a8f55b10c387eb937b5991 timeout=15s body=
[2026-07-11T14:21:27] RESPONSE GET /api/v1/ppt/presentation/status/task-0f08c7030b39e72e93d3bbab536685c96f915f4681a8f55b10c387eb937b5991 status=200 elapsed=0.023s body={"status":"processing","message":"Generating slides","error":null,"created_at":"2026-07-11T12:18:46.991899","updated_at":"2026-07-11T12:20:50.051394","type":"presentation.generate","id":"task-0f08c7030b39e72e93d3bbab536685c96f915f4681a8f55b10c387eb937b5991","data":{"created_slides":0,"remaining_slides":2}}
[2026-07-11T14:21:27] POLL task=task-0f08c7030b39e72e93d3bbab536685c96f915f4681a8f55b10c387eb937b5991 idx=80 status=processing
[2026-07-11T14:21:29] REQUEST GET /api/v1/ppt/presentation/status/task-0f08c7030b39e72e93d3bbab536685c96f915f4681a8f55b10c387eb937b5991 timeout=15s body=
[2026-07-11T14:21:29] RESPONSE GET /api/v1/ppt/presentation/status/task-0f08c7030b39e72e93d3bbab536685c96f915f4681a8f55b10c387eb937b5991 status=200 elapsed=0.016s body={"status":"processing","message":"Generating slides","error":null,"created_at":"2026-07-11T12:18:46.991899","updated_at":"2026-07-11T12:20:50.051394","type":"presentation.generate","id":"task-0f08c7030b39e72e93d3bbab536685c96f915f4681a8f55b10c387eb937b5991","data":{"created_slides":0,"remaining_slides":2}}
[2026-07-11T14:21:29] POLL task=task-0f08c7030b39e72e93d3bbab536685c96f915f4681a8f55b10c387eb937b5991 idx=81 status=processing
[2026-07-11T14:21:31] REQUEST GET /api/v1/ppt/presentation/status/task-0f08c7030b39e72e93d3bbab536685c96f915f4681a8f55b10c387eb937b5991 timeout=15s body=
[2026-07-11T14:21:31] RESPONSE GET /api/v1/ppt/presentation/status/task-0f08c7030b39e72e93d3bbab536685c96f915f4681a8f55b10c387eb937b5991 status=200 elapsed=0.021s body={"status":"processing","message":"Generating slides","error":null,"created_at":"2026-07-11T12:18:46.991899","updated_at":"2026-07-11T12:20:50.051394","type":"presentation.generate","id":"task-0f08c7030b39e72e93d3bbab536685c96f915f4681a8f55b10c387eb937b5991","data":{"created_slides":0,"remaining_slides":2}}
[2026-07-11T14:21:31] POLL task=task-0f08c7030b39e72e93d3bbab536685c96f915f4681a8f55b10c387eb937b5991 idx=82 status=processing
[2026-07-11T14:21:33] REQUEST GET /api/v1/ppt/presentation/status/task-0f08c7030b39e72e93d3bbab536685c96f915f4681a8f55b10c387eb937b5991 timeout=15s body=
[2026-07-11T14:21:33] RESPONSE GET /api/v1/ppt/presentation/status/task-0f08c7030b39e72e93d3bbab536685c96f915f4681a8f55b10c387eb937b5991 status=200 elapsed=0.011s body={"status":"processing","message":"Generating slides","error":null,"created_at":"2026-07-11T12:18:46.991899","updated_at":"2026-07-11T12:20:50.051394","type":"presentation.generate","id":"task-0f08c7030b39e72e93d3bbab536685c96f915f4681a8f55b10c387eb937b5991","data":{"created_slides":0,"remaining_slides":2}}
[2026-07-11T14:21:33] POLL task=task-0f08c7030b39e72e93d3bbab536685c96f915f4681a8f55b10c387eb937b5991 idx=83 status=processing
[2026-07-11T14:21:35] REQUEST GET /api/v1/ppt/presentation/status/task-0f08c7030b39e72e93d3bbab536685c96f915f4681a8f55b10c387eb937b5991 timeout=15s body=
[2026-07-11T14:21:35] RESPONSE GET /api/v1/ppt/presentation/status/task-0f08c7030b39e72e93d3bbab536685c96f915f4681a8f55b10c387eb937b5991 status=200 elapsed=0.02s body={"status":"processing","message":"Generating slides","error":null,"created_at":"2026-07-11T12:18:46.991899","updated_at":"2026-07-11T12:20:50.051394","type":"presentation.generate","id":"task-0f08c7030b39e72e93d3bbab536685c96f915f4681a8f55b10c387eb937b5991","data":{"created_slides":0,"remaining_slides":2}}
[2026-07-11T14:21:35] POLL task=task-0f08c7030b39e72e93d3bbab536685c96f915f4681a8f55b10c387eb937b5991 idx=84 status=processing
[2026-07-11T14:21:37] REQUEST GET /api/v1/ppt/presentation/status/task-0f08c7030b39e72e93d3bbab536685c96f915f4681a8f55b10c387eb937b5991 timeout=15s body=
[2026-07-11T14:21:37] RESPONSE GET /api/v1/ppt/presentation/status/task-0f08c7030b39e72e93d3bbab536685c96f915f4681a8f55b10c387eb937b5991 status=200 elapsed=0.024s body={"status":"processing","message":"Generating slides","error":null,"created_at":"2026-07-11T12:18:46.991899","updated_at":"2026-07-11T12:20:50.051394","type":"presentation.generate","id":"task-0f08c7030b39e72e93d3bbab536685c96f915f4681a8f55b10c387eb937b5991","data":{"created_slides":0,"remaining_slides":2}}
[2026-07-11T14:21:37] POLL task=task-0f08c7030b39e72e93d3bbab536685c96f915f4681a8f55b10c387eb937b5991 idx=85 status=processing
[2026-07-11T14:21:39] REQUEST GET /api/v1/ppt/presentation/status/task-0f08c7030b39e72e93d3bbab536685c96f915f4681a8f55b10c387eb937b5991 timeout=15s body=
[2026-07-11T14:21:39] RESPONSE GET /api/v1/ppt/presentation/status/task-0f08c7030b39e72e93d3bbab536685c96f915f4681a8f55b10c387eb937b5991 status=200 elapsed=0.07s body={"status":"processing","message":"Generating slides","error":null,"created_at":"2026-07-11T12:18:46.991899","updated_at":"2026-07-11T12:20:50.051394","type":"presentation.generate","id":"task-0f08c7030b39e72e93d3bbab536685c96f915f4681a8f55b10c387eb937b5991","data":{"created_slides":0,"remaining_slides":2}}
[2026-07-11T14:21:39] POLL task=task-0f08c7030b39e72e93d3bbab536685c96f915f4681a8f55b10c387eb937b5991 idx=86 status=processing
[2026-07-11T14:21:41] REQUEST GET /api/v1/ppt/presentation/status/task-0f08c7030b39e72e93d3bbab536685c96f915f4681a8f55b10c387eb937b5991 timeout=15s body=
[2026-07-11T14:21:41] RESPONSE GET /api/v1/ppt/presentation/status/task-0f08c7030b39e72e93d3bbab536685c96f915f4681a8f55b10c387eb937b5991 status=200 elapsed=0.02s body={"status":"processing","message":"Generating slides","error":null,"created_at":"2026-07-11T12:18:46.991899","updated_at":"2026-07-11T12:20:50.051394","type":"presentation.generate","id":"task-0f08c7030b39e72e93d3bbab536685c96f915f4681a8f55b10c387eb937b5991","data":{"created_slides":0,"remaining_slides":2}}
[2026-07-11T14:21:41] POLL task=task-0f08c7030b39e72e93d3bbab536685c96f915f4681a8f55b10c387eb937b5991 idx=87 status=processing
[2026-07-11T14:21:43] REQUEST GET /api/v1/ppt/presentation/status/task-0f08c7030b39e72e93d3bbab536685c96f915f4681a8f55b10c387eb937b5991 timeout=15s body=
[2026-07-11T14:21:43] RESPONSE GET /api/v1/ppt/presentation/status/task-0f08c7030b39e72e93d3bbab536685c96f915f4681a8f55b10c387eb937b5991 status=200 elapsed=0.024s body={"status":"processing","message":"Generating slides","error":null,"created_at":"2026-07-11T12:18:46.991899","updated_at":"2026-07-11T12:20:50.051394","type":"presentation.generate","id":"task-0f08c7030b39e72e93d3bbab536685c96f915f4681a8f55b10c387eb937b5991","data":{"created_slides":0,"remaining_slides":2}}
[2026-07-11T14:21:43] POLL task=task-0f08c7030b39e72e93d3bbab536685c96f915f4681a8f55b10c387eb937b5991 idx=88 status=processing
[2026-07-11T14:21:45] REQUEST GET /api/v1/ppt/presentation/status/task-0f08c7030b39e72e93d3bbab536685c96f915f4681a8f55b10c387eb937b5991 timeout=15s body=
[2026-07-11T14:21:45] RESPONSE GET /api/v1/ppt/presentation/status/task-0f08c7030b39e72e93d3bbab536685c96f915f4681a8f55b10c387eb937b5991 status=200 elapsed=0.025s body={"status":"processing","message":"Generating slides","error":null,"created_at":"2026-07-11T12:18:46.991899","updated_at":"2026-07-11T12:20:50.051394","type":"presentation.generate","id":"task-0f08c7030b39e72e93d3bbab536685c96f915f4681a8f55b10c387eb937b5991","data":{"created_slides":0,"remaining_slides":2}}
[2026-07-11T14:21:45] POLL task=task-0f08c7030b39e72e93d3bbab536685c96f915f4681a8f55b10c387eb937b5991 idx=89 status=processing
[2026-07-11T14:21:47] REQUEST GET /api/v1/ppt/presentation/status/task-0f08c7030b39e72e93d3bbab536685c96f915f4681a8f55b10c387eb937b5991 timeout=15s body=
[2026-07-11T14:21:47] RESPONSE GET /api/v1/ppt/presentation/status/task-0f08c7030b39e72e93d3bbab536685c96f915f4681a8f55b10c387eb937b5991 status=200 elapsed=0.02s body={"status":"processing","message":"Generating slides","error":null,"created_at":"2026-07-11T12:18:46.991899","updated_at":"2026-07-11T12:20:50.051394","type":"presentation.generate","id":"task-0f08c7030b39e72e93d3bbab536685c96f915f4681a8f55b10c387eb937b5991","data":{"created_slides":0,"remaining_slides":2}}
[2026-07-11T14:21:47] POLL task=task-0f08c7030b39e72e93d3bbab536685c96f915f4681a8f55b10c387eb937b5991 idx=90 status=processing
[2026-07-11T14:21:49] REQUEST GET /api/v1/ppt/presentation/status/task-0f08c7030b39e72e93d3bbab536685c96f915f4681a8f55b10c387eb937b5991 timeout=15s body=
[2026-07-11T14:21:49] RESPONSE GET /api/v1/ppt/presentation/status/task-0f08c7030b39e72e93d3bbab536685c96f915f4681a8f55b10c387eb937b5991 status=200 elapsed=0.02s body={"status":"processing","message":"Generating slides","error":null,"created_at":"2026-07-11T12:18:46.991899","updated_at":"2026-07-11T12:20:50.051394","type":"presentation.generate","id":"task-0f08c7030b39e72e93d3bbab536685c96f915f4681a8f55b10c387eb937b5991","data":{"created_slides":0,"remaining_slides":2}}
[2026-07-11T14:21:49] POLL task=task-0f08c7030b39e72e93d3bbab536685c96f915f4681a8f55b10c387eb937b5991 idx=91 status=processing
[2026-07-11T14:21:51] REQUEST GET /api/v1/ppt/presentation/status/task-0f08c7030b39e72e93d3bbab536685c96f915f4681a8f55b10c387eb937b5991 timeout=15s body=
[2026-07-11T14:21:52] RESPONSE GET /api/v1/ppt/presentation/status/task-0f08c7030b39e72e93d3bbab536685c96f915f4681a8f55b10c387eb937b5991 status=200 elapsed=0.043s body={"status":"processing","message":"Generating slides","error":null,"created_at":"2026-07-11T12:18:46.991899","updated_at":"2026-07-11T12:20:50.051394","type":"presentation.generate","id":"task-0f08c7030b39e72e93d3bbab536685c96f915f4681a8f55b10c387eb937b5991","data":{"created_slides":0,"remaining_slides":2}}
[2026-07-11T14:21:52] POLL task=task-0f08c7030b39e72e93d3bbab536685c96f915f4681a8f55b10c387eb937b5991 idx=92 status=processing
[2026-07-11T14:21:54] REQUEST GET /api/v1/ppt/presentation/status/task-0f08c7030b39e72e93d3bbab536685c96f915f4681a8f55b10c387eb937b5991 timeout=15s body=
[2026-07-11T14:21:54] RESPONSE GET /api/v1/ppt/presentation/status/task-0f08c7030b39e72e93d3bbab536685c96f915f4681a8f55b10c387eb937b5991 status=200 elapsed=0.026s body={"status":"processing","message":"Generating slides","error":null,"created_at":"2026-07-11T12:18:46.991899","updated_at":"2026-07-11T12:20:50.051394","type":"presentation.generate","id":"task-0f08c7030b39e72e93d3bbab536685c96f915f4681a8f55b10c387eb937b5991","data":{"created_slides":0,"remaining_slides":2}}
[2026-07-11T14:21:54] POLL task=task-0f08c7030b39e72e93d3bbab536685c96f915f4681a8f55b10c387eb937b5991 idx=93 status=processing
[2026-07-11T14:21:56] REQUEST GET /api/v1/ppt/presentation/status/task-0f08c7030b39e72e93d3bbab536685c96f915f4681a8f55b10c387eb937b5991 timeout=15s body=
[2026-07-11T14:21:56] RESPONSE GET /api/v1/ppt/presentation/status/task-0f08c7030b39e72e93d3bbab536685c96f915f4681a8f55b10c387eb937b5991 status=200 elapsed=0.033s body={"status":"processing","message":"Generating slides","error":null,"created_at":"2026-07-11T12:18:46.991899","updated_at":"2026-07-11T12:20:50.051394","type":"presentation.generate","id":"task-0f08c7030b39e72e93d3bbab536685c96f915f4681a8f55b10c387eb937b5991","data":{"created_slides":0,"remaining_slides":2}}
[2026-07-11T14:21:56] POLL task=task-0f08c7030b39e72e93d3bbab536685c96f915f4681a8f55b10c387eb937b5991 idx=94 status=processing
[2026-07-11T14:21:58] REQUEST GET /api/v1/ppt/presentation/status/task-0f08c7030b39e72e93d3bbab536685c96f915f4681a8f55b10c387eb937b5991 timeout=15s body=
[2026-07-11T14:21:58] RESPONSE GET /api/v1/ppt/presentation/status/task-0f08c7030b39e72e93d3bbab536685c96f915f4681a8f55b10c387eb937b5991 status=200 elapsed=0.028s body={"status":"processing","message":"Generating slides","error":null,"created_at":"2026-07-11T12:18:46.991899","updated_at":"2026-07-11T12:20:50.051394","type":"presentation.generate","id":"task-0f08c7030b39e72e93d3bbab536685c96f915f4681a8f55b10c387eb937b5991","data":{"created_slides":0,"remaining_slides":2}}
[2026-07-11T14:21:58] POLL task=task-0f08c7030b39e72e93d3bbab536685c96f915f4681a8f55b10c387eb937b5991 idx=95 status=processing
[2026-07-11T14:22:00] REQUEST GET /api/v1/ppt/presentation/status/task-0f08c7030b39e72e93d3bbab536685c96f915f4681a8f55b10c387eb937b5991 timeout=15s body=
[2026-07-11T14:22:00] RESPONSE GET /api/v1/ppt/presentation/status/task-0f08c7030b39e72e93d3bbab536685c96f915f4681a8f55b10c387eb937b5991 status=200 elapsed=0.018s body={"status":"processing","message":"Generating slides","error":null,"created_at":"2026-07-11T12:18:46.991899","updated_at":"2026-07-11T12:20:50.051394","type":"presentation.generate","id":"task-0f08c7030b39e72e93d3bbab536685c96f915f4681a8f55b10c387eb937b5991","data":{"created_slides":0,"remaining_slides":2}}
[2026-07-11T14:22:00] POLL task=task-0f08c7030b39e72e93d3bbab536685c96f915f4681a8f55b10c387eb937b5991 idx=96 status=processing
[2026-07-11T14:22:02] REQUEST GET /api/v1/ppt/presentation/status/task-0f08c7030b39e72e93d3bbab536685c96f915f4681a8f55b10c387eb937b5991 timeout=15s body=
[2026-07-11T14:22:02] RESPONSE GET /api/v1/ppt/presentation/status/task-0f08c7030b39e72e93d3bbab536685c96f915f4681a8f55b10c387eb937b5991 status=200 elapsed=0.025s body={"status":"processing","message":"Generating slides","error":null,"created_at":"2026-07-11T12:18:46.991899","updated_at":"2026-07-11T12:20:50.051394","type":"presentation.generate","id":"task-0f08c7030b39e72e93d3bbab536685c96f915f4681a8f55b10c387eb937b5991","data":{"created_slides":0,"remaining_slides":2}}
[2026-07-11T14:22:02] POLL task=task-0f08c7030b39e72e93d3bbab536685c96f915f4681a8f55b10c387eb937b5991 idx=97 status=processing
[2026-07-11T14:22:04] REQUEST GET /api/v1/ppt/presentation/status/task-0f08c7030b39e72e93d3bbab536685c96f915f4681a8f55b10c387eb937b5991 timeout=15s body=
[2026-07-11T14:22:04] RESPONSE GET /api/v1/ppt/presentation/status/task-0f08c7030b39e72e93d3bbab536685c96f915f4681a8f55b10c387eb937b5991 status=200 elapsed=0.02s body={"status":"processing","message":"Generating slides","error":null,"created_at":"2026-07-11T12:18:46.991899","updated_at":"2026-07-11T12:20:50.051394","type":"presentation.generate","id":"task-0f08c7030b39e72e93d3bbab536685c96f915f4681a8f55b10c387eb937b5991","data":{"created_slides":0,"remaining_slides":2}}
[2026-07-11T14:22:04] POLL task=task-0f08c7030b39e72e93d3bbab536685c96f915f4681a8f55b10c387eb937b5991 idx=98 status=processing
[2026-07-11T14:22:06] REQUEST GET /api/v1/ppt/presentation/status/task-0f08c7030b39e72e93d3bbab536685c96f915f4681a8f55b10c387eb937b5991 timeout=15s body=
[2026-07-11T14:22:06] RESPONSE GET /api/v1/ppt/presentation/status/task-0f08c7030b39e72e93d3bbab536685c96f915f4681a8f55b10c387eb937b5991 status=200 elapsed=0.021s body={"status":"processing","message":"Generating slides","error":null,"created_at":"2026-07-11T12:18:46.991899","updated_at":"2026-07-11T12:20:50.051394","type":"presentation.generate","id":"task-0f08c7030b39e72e93d3bbab536685c96f915f4681a8f55b10c387eb937b5991","data":{"created_slides":0,"remaining_slides":2}}
[2026-07-11T14:22:06] POLL task=task-0f08c7030b39e72e93d3bbab536685c96f915f4681a8f55b10c387eb937b5991 idx=99 status=processing
[2026-07-11T14:22:08] REQUEST GET /api/v1/ppt/presentation/status/task-0f08c7030b39e72e93d3bbab536685c96f915f4681a8f55b10c387eb937b5991 timeout=15s body=
[2026-07-11T14:22:08] RESPONSE GET /api/v1/ppt/presentation/status/task-0f08c7030b39e72e93d3bbab536685c96f915f4681a8f55b10c387eb937b5991 status=200 elapsed=0.019s body={"status":"processing","message":"Generating slides","error":null,"created_at":"2026-07-11T12:18:46.991899","updated_at":"2026-07-11T12:20:50.051394","type":"presentation.generate","id":"task-0f08c7030b39e72e93d3bbab536685c96f915f4681a8f55b10c387eb937b5991","data":{"created_slides":0,"remaining_slides":2}}
[2026-07-11T14:22:08] POLL task=task-0f08c7030b39e72e93d3bbab536685c96f915f4681a8f55b10c387eb937b5991 idx=100 status=processing
[2026-07-11T14:22:10] REQUEST GET /api/v1/ppt/presentation/status/task-0f08c7030b39e72e93d3bbab536685c96f915f4681a8f55b10c387eb937b5991 timeout=15s body=
[2026-07-11T14:22:10] RESPONSE GET /api/v1/ppt/presentation/status/task-0f08c7030b39e72e93d3bbab536685c96f915f4681a8f55b10c387eb937b5991 status=200 elapsed=0.026s body={"status":"processing","message":"Generating slides","error":null,"created_at":"2026-07-11T12:18:46.991899","updated_at":"2026-07-11T12:20:50.051394","type":"presentation.generate","id":"task-0f08c7030b39e72e93d3bbab536685c96f915f4681a8f55b10c387eb937b5991","data":{"created_slides":0,"remaining_slides":2}}
[2026-07-11T14:22:10] POLL task=task-0f08c7030b39e72e93d3bbab536685c96f915f4681a8f55b10c387eb937b5991 idx=101 status=processing
[2026-07-11T14:22:12] REQUEST GET /api/v1/ppt/presentation/status/task-0f08c7030b39e72e93d3bbab536685c96f915f4681a8f55b10c387eb937b5991 timeout=15s body=
[2026-07-11T14:22:12] RESPONSE GET /api/v1/ppt/presentation/status/task-0f08c7030b39e72e93d3bbab536685c96f915f4681a8f55b10c387eb937b5991 status=200 elapsed=0.02s body={"status":"processing","message":"Generating slides","error":null,"created_at":"2026-07-11T12:18:46.991899","updated_at":"2026-07-11T12:20:50.051394","type":"presentation.generate","id":"task-0f08c7030b39e72e93d3bbab536685c96f915f4681a8f55b10c387eb937b5991","data":{"created_slides":0,"remaining_slides":2}}
[2026-07-11T14:22:12] POLL task=task-0f08c7030b39e72e93d3bbab536685c96f915f4681a8f55b10c387eb937b5991 idx=102 status=processing
[2026-07-11T14:22:14] REQUEST GET /api/v1/ppt/presentation/status/task-0f08c7030b39e72e93d3bbab536685c96f915f4681a8f55b10c387eb937b5991 timeout=15s body=
[2026-07-11T14:22:14] RESPONSE GET /api/v1/ppt/presentation/status/task-0f08c7030b39e72e93d3bbab536685c96f915f4681a8f55b10c387eb937b5991 status=200 elapsed=0.018s body={"status":"processing","message":"Generating slides","error":null,"created_at":"2026-07-11T12:18:46.991899","updated_at":"2026-07-11T12:20:50.051394","type":"presentation.generate","id":"task-0f08c7030b39e72e93d3bbab536685c96f915f4681a8f55b10c387eb937b5991","data":{"created_slides":0,"remaining_slides":2}}
[2026-07-11T14:22:14] POLL task=task-0f08c7030b39e72e93d3bbab536685c96f915f4681a8f55b10c387eb937b5991 idx=103 status=processing
[2026-07-11T14:22:16] REQUEST GET /api/v1/ppt/presentation/status/task-0f08c7030b39e72e93d3bbab536685c96f915f4681a8f55b10c387eb937b5991 timeout=15s body=
[2026-07-11T14:22:16] RESPONSE GET /api/v1/ppt/presentation/status/task-0f08c7030b39e72e93d3bbab536685c96f915f4681a8f55b10c387eb937b5991 status=200 elapsed=0.02s body={"status":"processing","message":"Generating slides","error":null,"created_at":"2026-07-11T12:18:46.991899","updated_at":"2026-07-11T12:20:50.051394","type":"presentation.generate","id":"task-0f08c7030b39e72e93d3bbab536685c96f915f4681a8f55b10c387eb937b5991","data":{"created_slides":0,"remaining_slides":2}}
[2026-07-11T14:22:16] POLL task=task-0f08c7030b39e72e93d3bbab536685c96f915f4681a8f55b10c387eb937b5991 idx=104 status=processing
[2026-07-11T14:22:18] REQUEST GET /api/v1/ppt/presentation/status/task-0f08c7030b39e72e93d3bbab536685c96f915f4681a8f55b10c387eb937b5991 timeout=15s body=
[2026-07-11T14:22:18] RESPONSE GET /api/v1/ppt/presentation/status/task-0f08c7030b39e72e93d3bbab536685c96f915f4681a8f55b10c387eb937b5991 status=200 elapsed=0.014s body={"status":"processing","message":"Generating slides","error":null,"created_at":"2026-07-11T12:18:46.991899","updated_at":"2026-07-11T12:20:50.051394","type":"presentation.generate","id":"task-0f08c7030b39e72e93d3bbab536685c96f915f4681a8f55b10c387eb937b5991","data":{"created_slides":0,"remaining_slides":2}}
[2026-07-11T14:22:18] POLL task=task-0f08c7030b39e72e93d3bbab536685c96f915f4681a8f55b10c387eb937b5991 idx=105 status=processing
[2026-07-11T14:22:20] REQUEST GET /api/v1/ppt/presentation/status/task-0f08c7030b39e72e93d3bbab536685c96f915f4681a8f55b10c387eb937b5991 timeout=15s body=
[2026-07-11T14:22:20] RESPONSE GET /api/v1/ppt/presentation/status/task-0f08c7030b39e72e93d3bbab536685c96f915f4681a8f55b10c387eb937b5991 status=200 elapsed=0.021s body={"status":"processing","message":"Generating slides","error":null,"created_at":"2026-07-11T12:18:46.991899","updated_at":"2026-07-11T12:20:50.051394","type":"presentation.generate","id":"task-0f08c7030b39e72e93d3bbab536685c96f915f4681a8f55b10c387eb937b5991","data":{"created_slides":0,"remaining_slides":2}}
[2026-07-11T14:22:20] POLL task=task-0f08c7030b39e72e93d3bbab536685c96f915f4681a8f55b10c387eb937b5991 idx=106 status=processing
[2026-07-11T14:22:22] REQUEST GET /api/v1/ppt/presentation/status/task-0f08c7030b39e72e93d3bbab536685c96f915f4681a8f55b10c387eb937b5991 timeout=15s body=
[2026-07-11T14:22:22] RESPONSE GET /api/v1/ppt/presentation/status/task-0f08c7030b39e72e93d3bbab536685c96f915f4681a8f55b10c387eb937b5991 status=200 elapsed=0.016s body={"status":"processing","message":"Generating slides","error":null,"created_at":"2026-07-11T12:18:46.991899","updated_at":"2026-07-11T12:20:50.051394","type":"presentation.generate","id":"task-0f08c7030b39e72e93d3bbab536685c96f915f4681a8f55b10c387eb937b5991","data":{"created_slides":0,"remaining_slides":2}}
[2026-07-11T14:22:22] POLL task=task-0f08c7030b39e72e93d3bbab536685c96f915f4681a8f55b10c387eb937b5991 idx=107 status=processing
[2026-07-11T14:22:24] REQUEST GET /api/v1/ppt/presentation/status/task-0f08c7030b39e72e93d3bbab536685c96f915f4681a8f55b10c387eb937b5991 timeout=15s body=
[2026-07-11T14:22:24] RESPONSE GET /api/v1/ppt/presentation/status/task-0f08c7030b39e72e93d3bbab536685c96f915f4681a8f55b10c387eb937b5991 status=200 elapsed=0.02s body={"status":"processing","message":"Generating slides","error":null,"created_at":"2026-07-11T12:18:46.991899","updated_at":"2026-07-11T12:20:50.051394","type":"presentation.generate","id":"task-0f08c7030b39e72e93d3bbab536685c96f915f4681a8f55b10c387eb937b5991","data":{"created_slides":0,"remaining_slides":2}}
[2026-07-11T14:22:24] POLL task=task-0f08c7030b39e72e93d3bbab536685c96f915f4681a8f55b10c387eb937b5991 idx=108 status=processing
[2026-07-11T14:22:26] REQUEST GET /api/v1/ppt/presentation/status/task-0f08c7030b39e72e93d3bbab536685c96f915f4681a8f55b10c387eb937b5991 timeout=15s body=
[2026-07-11T14:22:26] RESPONSE GET /api/v1/ppt/presentation/status/task-0f08c7030b39e72e93d3bbab536685c96f915f4681a8f55b10c387eb937b5991 status=200 elapsed=0.018s body={"status":"processing","message":"Generating slides","error":null,"created_at":"2026-07-11T12:18:46.991899","updated_at":"2026-07-11T12:20:50.051394","type":"presentation.generate","id":"task-0f08c7030b39e72e93d3bbab536685c96f915f4681a8f55b10c387eb937b5991","data":{"created_slides":0,"remaining_slides":2}}
[2026-07-11T14:22:26] POLL task=task-0f08c7030b39e72e93d3bbab536685c96f915f4681a8f55b10c387eb937b5991 idx=109 status=processing
[2026-07-11T14:22:28] REQUEST GET /api/v1/ppt/presentation/status/task-0f08c7030b39e72e93d3bbab536685c96f915f4681a8f55b10c387eb937b5991 timeout=15s body=
[2026-07-11T14:22:28] RESPONSE GET /api/v1/ppt/presentation/status/task-0f08c7030b39e72e93d3bbab536685c96f915f4681a8f55b10c387eb937b5991 status=200 elapsed=0.026s body={"status":"processing","message":"Generating slides","error":null,"created_at":"2026-07-11T12:18:46.991899","updated_at":"2026-07-11T12:20:50.051394","type":"presentation.generate","id":"task-0f08c7030b39e72e93d3bbab536685c96f915f4681a8f55b10c387eb937b5991","data":{"created_slides":0,"remaining_slides":2}}
[2026-07-11T14:22:28] POLL task=task-0f08c7030b39e72e93d3bbab536685c96f915f4681a8f55b10c387eb937b5991 idx=110 status=processing
[2026-07-11T14:22:30] REQUEST GET /api/v1/ppt/presentation/status/task-0f08c7030b39e72e93d3bbab536685c96f915f4681a8f55b10c387eb937b5991 timeout=15s body=
[2026-07-11T14:22:30] RESPONSE GET /api/v1/ppt/presentation/status/task-0f08c7030b39e72e93d3bbab536685c96f915f4681a8f55b10c387eb937b5991 status=200 elapsed=0.015s body={"status":"processing","message":"Generating slides","error":null,"created_at":"2026-07-11T12:18:46.991899","updated_at":"2026-07-11T12:20:50.051394","type":"presentation.generate","id":"task-0f08c7030b39e72e93d3bbab536685c96f915f4681a8f55b10c387eb937b5991","data":{"created_slides":0,"remaining_slides":2}}
[2026-07-11T14:22:30] POLL task=task-0f08c7030b39e72e93d3bbab536685c96f915f4681a8f55b10c387eb937b5991 idx=111 status=processing
[2026-07-11T14:22:32] REQUEST GET /api/v1/ppt/presentation/status/task-0f08c7030b39e72e93d3bbab536685c96f915f4681a8f55b10c387eb937b5991 timeout=15s body=
[2026-07-11T14:22:32] RESPONSE GET /api/v1/ppt/presentation/status/task-0f08c7030b39e72e93d3bbab536685c96f915f4681a8f55b10c387eb937b5991 status=200 elapsed=0.021s body={"status":"processing","message":"Generating slides","error":null,"created_at":"2026-07-11T12:18:46.991899","updated_at":"2026-07-11T12:20:50.051394","type":"presentation.generate","id":"task-0f08c7030b39e72e93d3bbab536685c96f915f4681a8f55b10c387eb937b5991","data":{"created_slides":0,"remaining_slides":2}}
[2026-07-11T14:22:32] POLL task=task-0f08c7030b39e72e93d3bbab536685c96f915f4681a8f55b10c387eb937b5991 idx=112 status=processing
[2026-07-11T14:22:34] REQUEST GET /api/v1/ppt/presentation/status/task-0f08c7030b39e72e93d3bbab536685c96f915f4681a8f55b10c387eb937b5991 timeout=15s body=
[2026-07-11T14:22:34] RESPONSE GET /api/v1/ppt/presentation/status/task-0f08c7030b39e72e93d3bbab536685c96f915f4681a8f55b10c387eb937b5991 status=200 elapsed=0.021s body={"status":"processing","message":"Generating slides","error":null,"created_at":"2026-07-11T12:18:46.991899","updated_at":"2026-07-11T12:20:50.051394","type":"presentation.generate","id":"task-0f08c7030b39e72e93d3bbab536685c96f915f4681a8f55b10c387eb937b5991","data":{"created_slides":0,"remaining_slides":2}}
[2026-07-11T14:22:34] POLL task=task-0f08c7030b39e72e93d3bbab536685c96f915f4681a8f55b10c387eb937b5991 idx=113 status=processing
[2026-07-11T14:22:36] REQUEST GET /api/v1/ppt/presentation/status/task-0f08c7030b39e72e93d3bbab536685c96f915f4681a8f55b10c387eb937b5991 timeout=15s body=
[2026-07-11T14:22:36] RESPONSE GET /api/v1/ppt/presentation/status/task-0f08c7030b39e72e93d3bbab536685c96f915f4681a8f55b10c387eb937b5991 status=200 elapsed=0.021s body={"status":"processing","message":"Generating slides","error":null,"created_at":"2026-07-11T12:18:46.991899","updated_at":"2026-07-11T12:20:50.051394","type":"presentation.generate","id":"task-0f08c7030b39e72e93d3bbab536685c96f915f4681a8f55b10c387eb937b5991","data":{"created_slides":0,"remaining_slides":2}}
[2026-07-11T14:22:36] POLL task=task-0f08c7030b39e72e93d3bbab536685c96f915f4681a8f55b10c387eb937b5991 idx=114 status=processing
[2026-07-11T14:22:38] REQUEST GET /api/v1/ppt/presentation/status/task-0f08c7030b39e72e93d3bbab536685c96f915f4681a8f55b10c387eb937b5991 timeout=15s body=
[2026-07-11T14:22:38] RESPONSE GET /api/v1/ppt/presentation/status/task-0f08c7030b39e72e93d3bbab536685c96f915f4681a8f55b10c387eb937b5991 status=200 elapsed=0.015s body={"status":"processing","message":"Generating slides","error":null,"created_at":"2026-07-11T12:18:46.991899","updated_at":"2026-07-11T12:20:50.051394","type":"presentation.generate","id":"task-0f08c7030b39e72e93d3bbab536685c96f915f4681a8f55b10c387eb937b5991","data":{"created_slides":0,"remaining_slides":2}}
[2026-07-11T14:22:38] POLL task=task-0f08c7030b39e72e93d3bbab536685c96f915f4681a8f55b10c387eb937b5991 idx=115 status=processing
[2026-07-11T14:22:40] REQUEST GET /api/v1/ppt/presentation/status/task-0f08c7030b39e72e93d3bbab536685c96f915f4681a8f55b10c387eb937b5991 timeout=15s body=
[2026-07-11T14:22:40] RESPONSE GET /api/v1/ppt/presentation/status/task-0f08c7030b39e72e93d3bbab536685c96f915f4681a8f55b10c387eb937b5991 status=200 elapsed=0.039s body={"status":"processing","message":"Generating slides","error":null,"created_at":"2026-07-11T12:18:46.991899","updated_at":"2026-07-11T12:20:50.051394","type":"presentation.generate","id":"task-0f08c7030b39e72e93d3bbab536685c96f915f4681a8f55b10c387eb937b5991","data":{"created_slides":0,"remaining_slides":2}}
[2026-07-11T14:22:40] POLL task=task-0f08c7030b39e72e93d3bbab536685c96f915f4681a8f55b10c387eb937b5991 idx=116 status=processing
[2026-07-11T14:22:42] REQUEST GET /api/v1/ppt/presentation/status/task-0f08c7030b39e72e93d3bbab536685c96f915f4681a8f55b10c387eb937b5991 timeout=15s body=
[2026-07-11T14:22:42] RESPONSE GET /api/v1/ppt/presentation/status/task-0f08c7030b39e72e93d3bbab536685c96f915f4681a8f55b10c387eb937b5991 status=200 elapsed=0.03s body={"status":"processing","message":"Generating slides","error":null,"created_at":"2026-07-11T12:18:46.991899","updated_at":"2026-07-11T12:20:50.051394","type":"presentation.generate","id":"task-0f08c7030b39e72e93d3bbab536685c96f915f4681a8f55b10c387eb937b5991","data":{"created_slides":0,"remaining_slides":2}}
[2026-07-11T14:22:42] POLL task=task-0f08c7030b39e72e93d3bbab536685c96f915f4681a8f55b10c387eb937b5991 idx=117 status=processing
[2026-07-11T14:22:44] REQUEST GET /api/v1/ppt/presentation/status/task-0f08c7030b39e72e93d3bbab536685c96f915f4681a8f55b10c387eb937b5991 timeout=15s body=
[2026-07-11T14:22:44] RESPONSE GET /api/v1/ppt/presentation/status/task-0f08c7030b39e72e93d3bbab536685c96f915f4681a8f55b10c387eb937b5991 status=200 elapsed=0.017s body={"status":"processing","message":"Generating slides","error":null,"created_at":"2026-07-11T12:18:46.991899","updated_at":"2026-07-11T12:20:50.051394","type":"presentation.generate","id":"task-0f08c7030b39e72e93d3bbab536685c96f915f4681a8f55b10c387eb937b5991","data":{"created_slides":0,"remaining_slides":2}}
[2026-07-11T14:22:44] POLL task=task-0f08c7030b39e72e93d3bbab536685c96f915f4681a8f55b10c387eb937b5991 idx=118 status=processing
[2026-07-11T14:22:46] REQUEST GET /api/v1/ppt/presentation/status/task-0f08c7030b39e72e93d3bbab536685c96f915f4681a8f55b10c387eb937b5991 timeout=15s body=
[2026-07-11T14:22:46] RESPONSE GET /api/v1/ppt/presentation/status/task-0f08c7030b39e72e93d3bbab536685c96f915f4681a8f55b10c387eb937b5991 status=200 elapsed=0.023s body={"status":"processing","message":"Generating slides","error":null,"created_at":"2026-07-11T12:18:46.991899","updated_at":"2026-07-11T12:20:50.051394","type":"presentation.generate","id":"task-0f08c7030b39e72e93d3bbab536685c96f915f4681a8f55b10c387eb937b5991","data":{"created_slides":0,"remaining_slides":2}}
[2026-07-11T14:22:46] POLL task=task-0f08c7030b39e72e93d3bbab536685c96f915f4681a8f55b10c387eb937b5991 idx=119 status=processing
[2026-07-11T14:22:48] REQUEST GET /api/v1/ppt/presentation/status/task-0f08c7030b39e72e93d3bbab536685c96f915f4681a8f55b10c387eb937b5991 timeout=15s body=
[2026-07-11T14:22:48] RESPONSE GET /api/v1/ppt/presentation/status/task-0f08c7030b39e72e93d3bbab536685c96f915f4681a8f55b10c387eb937b5991 status=200 elapsed=0.048s body={"status":"processing","message":"Generating slides","error":null,"created_at":"2026-07-11T12:18:46.991899","updated_at":"2026-07-11T12:20:50.051394","type":"presentation.generate","id":"task-0f08c7030b39e72e93d3bbab536685c96f915f4681a8f55b10c387eb937b5991","data":{"created_slides":0,"remaining_slides":2}}
[2026-07-11T14:22:48] POLL task=task-0f08c7030b39e72e93d3bbab536685c96f915f4681a8f55b10c387eb937b5991 idx=120 status=processing
[2026-07-11T14:22:50] REQUEST GET /api/v1/ppt/presentation/status/task-0f08c7030b39e72e93d3bbab536685c96f915f4681a8f55b10c387eb937b5991 timeout=15s body=
[2026-07-11T14:22:50] RESPONSE GET /api/v1/ppt/presentation/status/task-0f08c7030b39e72e93d3bbab536685c96f915f4681a8f55b10c387eb937b5991 status=200 elapsed=0.019s body={"status":"processing","message":"Generating slides","error":null,"created_at":"2026-07-11T12:18:46.991899","updated_at":"2026-07-11T12:20:50.051394","type":"presentation.generate","id":"task-0f08c7030b39e72e93d3bbab536685c96f915f4681a8f55b10c387eb937b5991","data":{"created_slides":0,"remaining_slides":2}}
[2026-07-11T14:22:50] POLL task=task-0f08c7030b39e72e93d3bbab536685c96f915f4681a8f55b10c387eb937b5991 idx=121 status=processing
[2026-07-11T14:22:52] REQUEST GET /api/v1/ppt/presentation/status/task-0f08c7030b39e72e93d3bbab536685c96f915f4681a8f55b10c387eb937b5991 timeout=15s body=
[2026-07-11T14:22:52] RESPONSE GET /api/v1/ppt/presentation/status/task-0f08c7030b39e72e93d3bbab536685c96f915f4681a8f55b10c387eb937b5991 status=200 elapsed=0.025s body={"status":"processing","message":"Generating slides","error":null,"created_at":"2026-07-11T12:18:46.991899","updated_at":"2026-07-11T12:20:50.051394","type":"presentation.generate","id":"task-0f08c7030b39e72e93d3bbab536685c96f915f4681a8f55b10c387eb937b5991","data":{"created_slides":0,"remaining_slides":2}}
[2026-07-11T14:22:52] POLL task=task-0f08c7030b39e72e93d3bbab536685c96f915f4681a8f55b10c387eb937b5991 idx=122 status=processing
[2026-07-11T14:22:54] REQUEST GET /api/v1/ppt/presentation/status/task-0f08c7030b39e72e93d3bbab536685c96f915f4681a8f55b10c387eb937b5991 timeout=15s body=
[2026-07-11T14:22:54] RESPONSE GET /api/v1/ppt/presentation/status/task-0f08c7030b39e72e93d3bbab536685c96f915f4681a8f55b10c387eb937b5991 status=200 elapsed=0.012s body={"status":"processing","message":"Generating slides","error":null,"created_at":"2026-07-11T12:18:46.991899","updated_at":"2026-07-11T12:20:50.051394","type":"presentation.generate","id":"task-0f08c7030b39e72e93d3bbab536685c96f915f4681a8f55b10c387eb937b5991","data":{"created_slides":0,"remaining_slides":2}}
[2026-07-11T14:22:54] POLL task=task-0f08c7030b39e72e93d3bbab536685c96f915f4681a8f55b10c387eb937b5991 idx=123 status=processing
[2026-07-11T14:22:56] REQUEST GET /api/v1/ppt/presentation/status/task-0f08c7030b39e72e93d3bbab536685c96f915f4681a8f55b10c387eb937b5991 timeout=15s body=
[2026-07-11T14:22:56] RESPONSE GET /api/v1/ppt/presentation/status/task-0f08c7030b39e72e93d3bbab536685c96f915f4681a8f55b10c387eb937b5991 status=200 elapsed=0.016s body={"status":"processing","message":"Generating slides","error":null,"created_at":"2026-07-11T12:18:46.991899","updated_at":"2026-07-11T12:20:50.051394","type":"presentation.generate","id":"task-0f08c7030b39e72e93d3bbab536685c96f915f4681a8f55b10c387eb937b5991","data":{"created_slides":0,"remaining_slides":2}}
[2026-07-11T14:22:56] POLL task=task-0f08c7030b39e72e93d3bbab536685c96f915f4681a8f55b10c387eb937b5991 idx=124 status=processing
[2026-07-11T14:22:58] REQUEST GET /api/v1/ppt/presentation/status/task-0f08c7030b39e72e93d3bbab536685c96f915f4681a8f55b10c387eb937b5991 timeout=15s body=
[2026-07-11T14:22:58] RESPONSE GET /api/v1/ppt/presentation/status/task-0f08c7030b39e72e93d3bbab536685c96f915f4681a8f55b10c387eb937b5991 status=200 elapsed=0.059s body={"status":"processing","message":"Generating slides","error":null,"created_at":"2026-07-11T12:18:46.991899","updated_at":"2026-07-11T12:20:50.051394","type":"presentation.generate","id":"task-0f08c7030b39e72e93d3bbab536685c96f915f4681a8f55b10c387eb937b5991","data":{"created_slides":0,"remaining_slides":2}}
[2026-07-11T14:22:58] POLL task=task-0f08c7030b39e72e93d3bbab536685c96f915f4681a8f55b10c387eb937b5991 idx=125 status=processing
[2026-07-11T14:23:00] REQUEST GET /api/v1/ppt/presentation/status/task-0f08c7030b39e72e93d3bbab536685c96f915f4681a8f55b10c387eb937b5991 timeout=15s body=
[2026-07-11T14:23:00] RESPONSE GET /api/v1/ppt/presentation/status/task-0f08c7030b39e72e93d3bbab536685c96f915f4681a8f55b10c387eb937b5991 status=200 elapsed=0.014s body={"status":"processing","message":"Generating slides","error":null,"created_at":"2026-07-11T12:18:46.991899","updated_at":"2026-07-11T12:20:50.051394","type":"presentation.generate","id":"task-0f08c7030b39e72e93d3bbab536685c96f915f4681a8f55b10c387eb937b5991","data":{"created_slides":0,"remaining_slides":2}}
[2026-07-11T14:23:00] POLL task=task-0f08c7030b39e72e93d3bbab536685c96f915f4681a8f55b10c387eb937b5991 idx=126 status=processing
[2026-07-11T14:23:02] REQUEST GET /api/v1/ppt/presentation/status/task-0f08c7030b39e72e93d3bbab536685c96f915f4681a8f55b10c387eb937b5991 timeout=15s body=
[2026-07-11T14:23:03] RESPONSE GET /api/v1/ppt/presentation/status/task-0f08c7030b39e72e93d3bbab536685c96f915f4681a8f55b10c387eb937b5991 status=200 elapsed=0.02s body={"status":"processing","message":"Generating slides","error":null,"created_at":"2026-07-11T12:18:46.991899","updated_at":"2026-07-11T12:20:50.051394","type":"presentation.generate","id":"task-0f08c7030b39e72e93d3bbab536685c96f915f4681a8f55b10c387eb937b5991","data":{"created_slides":0,"remaining_slides":2}}
[2026-07-11T14:23:03] POLL task=task-0f08c7030b39e72e93d3bbab536685c96f915f4681a8f55b10c387eb937b5991 idx=127 status=processing
[2026-07-11T14:23:05] REQUEST GET /api/v1/ppt/presentation/status/task-0f08c7030b39e72e93d3bbab536685c96f915f4681a8f55b10c387eb937b5991 timeout=15s body=
[2026-07-11T14:23:05] RESPONSE GET /api/v1/ppt/presentation/status/task-0f08c7030b39e72e93d3bbab536685c96f915f4681a8f55b10c387eb937b5991 status=200 elapsed=0.018s body={"status":"processing","message":"Generating slides","error":null,"created_at":"2026-07-11T12:18:46.991899","updated_at":"2026-07-11T12:20:50.051394","type":"presentation.generate","id":"task-0f08c7030b39e72e93d3bbab536685c96f915f4681a8f55b10c387eb937b5991","data":{"created_slides":0,"remaining_slides":2}}
[2026-07-11T14:23:05] POLL task=task-0f08c7030b39e72e93d3bbab536685c96f915f4681a8f55b10c387eb937b5991 idx=128 status=processing
[2026-07-11T14:23:07] REQUEST GET /api/v1/ppt/presentation/status/task-0f08c7030b39e72e93d3bbab536685c96f915f4681a8f55b10c387eb937b5991 timeout=15s body=
[2026-07-11T14:23:07] RESPONSE GET /api/v1/ppt/presentation/status/task-0f08c7030b39e72e93d3bbab536685c96f915f4681a8f55b10c387eb937b5991 status=200 elapsed=0.022s body={"status":"processing","message":"Generating slides","error":null,"created_at":"2026-07-11T12:18:46.991899","updated_at":"2026-07-11T12:20:50.051394","type":"presentation.generate","id":"task-0f08c7030b39e72e93d3bbab536685c96f915f4681a8f55b10c387eb937b5991","data":{"created_slides":0,"remaining_slides":2}}
[2026-07-11T14:23:07] POLL task=task-0f08c7030b39e72e93d3bbab536685c96f915f4681a8f55b10c387eb937b5991 idx=129 status=processing
[2026-07-11T14:23:09] REQUEST GET /api/v1/ppt/presentation/status/task-0f08c7030b39e72e93d3bbab536685c96f915f4681a8f55b10c387eb937b5991 timeout=15s body=
[2026-07-11T14:23:09] RESPONSE GET /api/v1/ppt/presentation/status/task-0f08c7030b39e72e93d3bbab536685c96f915f4681a8f55b10c387eb937b5991 status=200 elapsed=0.024s body={"status":"processing","message":"Generating slides","error":null,"created_at":"2026-07-11T12:18:46.991899","updated_at":"2026-07-11T12:20:50.051394","type":"presentation.generate","id":"task-0f08c7030b39e72e93d3bbab536685c96f915f4681a8f55b10c387eb937b5991","data":{"created_slides":0,"remaining_slides":2}}
[2026-07-11T14:23:09] POLL task=task-0f08c7030b39e72e93d3bbab536685c96f915f4681a8f55b10c387eb937b5991 idx=130 status=processing
[2026-07-11T14:23:11] REQUEST GET /api/v1/ppt/presentation/status/task-0f08c7030b39e72e93d3bbab536685c96f915f4681a8f55b10c387eb937b5991 timeout=15s body=
[2026-07-11T14:23:11] RESPONSE GET /api/v1/ppt/presentation/status/task-0f08c7030b39e72e93d3bbab536685c96f915f4681a8f55b10c387eb937b5991 status=200 elapsed=0.018s body={"status":"processing","message":"Generating slides","error":null,"created_at":"2026-07-11T12:18:46.991899","updated_at":"2026-07-11T12:20:50.051394","type":"presentation.generate","id":"task-0f08c7030b39e72e93d3bbab536685c96f915f4681a8f55b10c387eb937b5991","data":{"created_slides":0,"remaining_slides":2}}
[2026-07-11T14:23:11] POLL task=task-0f08c7030b39e72e93d3bbab536685c96f915f4681a8f55b10c387eb937b5991 idx=131 status=processing
[2026-07-11T14:23:13] REQUEST GET /api/v1/ppt/presentation/status/task-0f08c7030b39e72e93d3bbab536685c96f915f4681a8f55b10c387eb937b5991 timeout=15s body=
[2026-07-11T14:23:13] RESPONSE GET /api/v1/ppt/presentation/status/task-0f08c7030b39e72e93d3bbab536685c96f915f4681a8f55b10c387eb937b5991 status=200 elapsed=0.017s body={"status":"processing","message":"Generating slides","error":null,"created_at":"2026-07-11T12:18:46.991899","updated_at":"2026-07-11T12:20:50.051394","type":"presentation.generate","id":"task-0f08c7030b39e72e93d3bbab536685c96f915f4681a8f55b10c387eb937b5991","data":{"created_slides":0,"remaining_slides":2}}
[2026-07-11T14:23:13] POLL task=task-0f08c7030b39e72e93d3bbab536685c96f915f4681a8f55b10c387eb937b5991 idx=132 status=processing
[2026-07-11T14:23:15] REQUEST GET /api/v1/ppt/presentation/status/task-0f08c7030b39e72e93d3bbab536685c96f915f4681a8f55b10c387eb937b5991 timeout=15s body=
[2026-07-11T14:23:15] RESPONSE GET /api/v1/ppt/presentation/status/task-0f08c7030b39e72e93d3bbab536685c96f915f4681a8f55b10c387eb937b5991 status=200 elapsed=0.068s body={"status":"processing","message":"Generating slides","error":null,"created_at":"2026-07-11T12:18:46.991899","updated_at":"2026-07-11T12:20:50.051394","type":"presentation.generate","id":"task-0f08c7030b39e72e93d3bbab536685c96f915f4681a8f55b10c387eb937b5991","data":{"created_slides":0,"remaining_slides":2}}
[2026-07-11T14:23:15] POLL task=task-0f08c7030b39e72e93d3bbab536685c96f915f4681a8f55b10c387eb937b5991 idx=133 status=processing
[2026-07-11T14:23:17] REQUEST GET /api/v1/ppt/presentation/status/task-0f08c7030b39e72e93d3bbab536685c96f915f4681a8f55b10c387eb937b5991 timeout=15s body=
[2026-07-11T14:23:17] RESPONSE GET /api/v1/ppt/presentation/status/task-0f08c7030b39e72e93d3bbab536685c96f915f4681a8f55b10c387eb937b5991 status=200 elapsed=0.018s body={"status":"processing","message":"Generating slides","error":null,"created_at":"2026-07-11T12:18:46.991899","updated_at":"2026-07-11T12:20:50.051394","type":"presentation.generate","id":"task-0f08c7030b39e72e93d3bbab536685c96f915f4681a8f55b10c387eb937b5991","data":{"created_slides":0,"remaining_slides":2}}
[2026-07-11T14:23:17] POLL task=task-0f08c7030b39e72e93d3bbab536685c96f915f4681a8f55b10c387eb937b5991 idx=134 status=processing
[2026-07-11T14:23:19] REQUEST GET /api/v1/ppt/presentation/status/task-0f08c7030b39e72e93d3bbab536685c96f915f4681a8f55b10c387eb937b5991 timeout=15s body=
[2026-07-11T14:23:19] RESPONSE GET /api/v1/ppt/presentation/status/task-0f08c7030b39e72e93d3bbab536685c96f915f4681a8f55b10c387eb937b5991 status=200 elapsed=0.014s body={"status":"processing","message":"Generating slides","error":null,"created_at":"2026-07-11T12:18:46.991899","updated_at":"2026-07-11T12:20:50.051394","type":"presentation.generate","id":"task-0f08c7030b39e72e93d3bbab536685c96f915f4681a8f55b10c387eb937b5991","data":{"created_slides":0,"remaining_slides":2}}
[2026-07-11T14:23:19] POLL task=task-0f08c7030b39e72e93d3bbab536685c96f915f4681a8f55b10c387eb937b5991 idx=135 status=processing
[2026-07-11T14:23:21] REQUEST GET /api/v1/ppt/presentation/status/task-0f08c7030b39e72e93d3bbab536685c96f915f4681a8f55b10c387eb937b5991 timeout=15s body=
[2026-07-11T14:23:21] RESPONSE GET /api/v1/ppt/presentation/status/task-0f08c7030b39e72e93d3bbab536685c96f915f4681a8f55b10c387eb937b5991 status=200 elapsed=0.016s body={"status":"processing","message":"Generating slides","error":null,"created_at":"2026-07-11T12:18:46.991899","updated_at":"2026-07-11T12:20:50.051394","type":"presentation.generate","id":"task-0f08c7030b39e72e93d3bbab536685c96f915f4681a8f55b10c387eb937b5991","data":{"created_slides":0,"remaining_slides":2}}
[2026-07-11T14:23:21] POLL task=task-0f08c7030b39e72e93d3bbab536685c96f915f4681a8f55b10c387eb937b5991 idx=136 status=processing
[2026-07-11T14:23:23] REQUEST GET /api/v1/ppt/presentation/status/task-0f08c7030b39e72e93d3bbab536685c96f915f4681a8f55b10c387eb937b5991 timeout=15s body=
[2026-07-11T14:23:23] RESPONSE GET /api/v1/ppt/presentation/status/task-0f08c7030b39e72e93d3bbab536685c96f915f4681a8f55b10c387eb937b5991 status=200 elapsed=0.021s body={"status":"processing","message":"Generating slides","error":null,"created_at":"2026-07-11T12:18:46.991899","updated_at":"2026-07-11T12:20:50.051394","type":"presentation.generate","id":"task-0f08c7030b39e72e93d3bbab536685c96f915f4681a8f55b10c387eb937b5991","data":{"created_slides":0,"remaining_slides":2}}
[2026-07-11T14:23:23] POLL task=task-0f08c7030b39e72e93d3bbab536685c96f915f4681a8f55b10c387eb937b5991 idx=137 status=processing
[2026-07-11T14:23:25] REQUEST GET /api/v1/ppt/presentation/status/task-0f08c7030b39e72e93d3bbab536685c96f915f4681a8f55b10c387eb937b5991 timeout=15s body=
[2026-07-11T14:23:25] RESPONSE GET /api/v1/ppt/presentation/status/task-0f08c7030b39e72e93d3bbab536685c96f915f4681a8f55b10c387eb937b5991 status=200 elapsed=0.028s body={"status":"processing","message":"Generating slides","error":null,"created_at":"2026-07-11T12:18:46.991899","updated_at":"2026-07-11T12:20:50.051394","type":"presentation.generate","id":"task-0f08c7030b39e72e93d3bbab536685c96f915f4681a8f55b10c387eb937b5991","data":{"created_slides":0,"remaining_slides":2}}
[2026-07-11T14:23:25] POLL task=task-0f08c7030b39e72e93d3bbab536685c96f915f4681a8f55b10c387eb937b5991 idx=138 status=processing
[2026-07-11T14:23:27] REQUEST GET /api/v1/ppt/presentation/status/task-0f08c7030b39e72e93d3bbab536685c96f915f4681a8f55b10c387eb937b5991 timeout=15s body=
[2026-07-11T14:23:27] RESPONSE GET /api/v1/ppt/presentation/status/task-0f08c7030b39e72e93d3bbab536685c96f915f4681a8f55b10c387eb937b5991 status=200 elapsed=0.013s body={"status":"processing","message":"Generating slides","error":null,"created_at":"2026-07-11T12:18:46.991899","updated_at":"2026-07-11T12:20:50.051394","type":"presentation.generate","id":"task-0f08c7030b39e72e93d3bbab536685c96f915f4681a8f55b10c387eb937b5991","data":{"created_slides":0,"remaining_slides":2}}
[2026-07-11T14:23:27] POLL task=task-0f08c7030b39e72e93d3bbab536685c96f915f4681a8f55b10c387eb937b5991 idx=139 status=processing
[2026-07-11T14:23:29] REQUEST GET /api/v1/ppt/presentation/status/task-0f08c7030b39e72e93d3bbab536685c96f915f4681a8f55b10c387eb937b5991 timeout=15s body=
[2026-07-11T14:23:29] RESPONSE GET /api/v1/ppt/presentation/status/task-0f08c7030b39e72e93d3bbab536685c96f915f4681a8f55b10c387eb937b5991 status=200 elapsed=0.016s body={"status":"processing","message":"Generating slides","error":null,"created_at":"2026-07-11T12:18:46.991899","updated_at":"2026-07-11T12:20:50.051394","type":"presentation.generate","id":"task-0f08c7030b39e72e93d3bbab536685c96f915f4681a8f55b10c387eb937b5991","data":{"created_slides":0,"remaining_slides":2}}
[2026-07-11T14:23:29] POLL task=task-0f08c7030b39e72e93d3bbab536685c96f915f4681a8f55b10c387eb937b5991 idx=140 status=processing
[2026-07-11T14:23:31] REQUEST GET /api/v1/ppt/presentation/status/task-0f08c7030b39e72e93d3bbab536685c96f915f4681a8f55b10c387eb937b5991 timeout=15s body=
[2026-07-11T14:23:31] RESPONSE GET /api/v1/ppt/presentation/status/task-0f08c7030b39e72e93d3bbab536685c96f915f4681a8f55b10c387eb937b5991 status=200 elapsed=0.016s body={"status":"processing","message":"Generating slides","error":null,"created_at":"2026-07-11T12:18:46.991899","updated_at":"2026-07-11T12:20:50.051394","type":"presentation.generate","id":"task-0f08c7030b39e72e93d3bbab536685c96f915f4681a8f55b10c387eb937b5991","data":{"created_slides":0,"remaining_slides":2}}
[2026-07-11T14:23:31] POLL task=task-0f08c7030b39e72e93d3bbab536685c96f915f4681a8f55b10c387eb937b5991 idx=141 status=processing
[2026-07-11T14:23:33] REQUEST GET /api/v1/ppt/presentation/status/task-0f08c7030b39e72e93d3bbab536685c96f915f4681a8f55b10c387eb937b5991 timeout=15s body=
[2026-07-11T14:23:33] RESPONSE GET /api/v1/ppt/presentation/status/task-0f08c7030b39e72e93d3bbab536685c96f915f4681a8f55b10c387eb937b5991 status=200 elapsed=0.016s body={"status":"processing","message":"Generating slides","error":null,"created_at":"2026-07-11T12:18:46.991899","updated_at":"2026-07-11T12:20:50.051394","type":"presentation.generate","id":"task-0f08c7030b39e72e93d3bbab536685c96f915f4681a8f55b10c387eb937b5991","data":{"created_slides":0,"remaining_slides":2}}
[2026-07-11T14:23:33] POLL task=task-0f08c7030b39e72e93d3bbab536685c96f915f4681a8f55b10c387eb937b5991 idx=142 status=processing
[2026-07-11T14:23:35] REQUEST GET /api/v1/ppt/presentation/status/task-0f08c7030b39e72e93d3bbab536685c96f915f4681a8f55b10c387eb937b5991 timeout=15s body=
[2026-07-11T14:23:35] RESPONSE GET /api/v1/ppt/presentation/status/task-0f08c7030b39e72e93d3bbab536685c96f915f4681a8f55b10c387eb937b5991 status=200 elapsed=0.016s body={"status":"processing","message":"Generating slides","error":null,"created_at":"2026-07-11T12:18:46.991899","updated_at":"2026-07-11T12:20:50.051394","type":"presentation.generate","id":"task-0f08c7030b39e72e93d3bbab536685c96f915f4681a8f55b10c387eb937b5991","data":{"created_slides":0,"remaining_slides":2}}
[2026-07-11T14:23:35] POLL task=task-0f08c7030b39e72e93d3bbab536685c96f915f4681a8f55b10c387eb937b5991 idx=143 status=processing
[2026-07-11T14:23:37] REQUEST GET /api/v1/ppt/presentation/status/task-0f08c7030b39e72e93d3bbab536685c96f915f4681a8f55b10c387eb937b5991 timeout=15s body=
[2026-07-11T14:23:37] RESPONSE GET /api/v1/ppt/presentation/status/task-0f08c7030b39e72e93d3bbab536685c96f915f4681a8f55b10c387eb937b5991 status=200 elapsed=0.029s body={"status":"processing","message":"Generating slides","error":null,"created_at":"2026-07-11T12:18:46.991899","updated_at":"2026-07-11T12:20:50.051394","type":"presentation.generate","id":"task-0f08c7030b39e72e93d3bbab536685c96f915f4681a8f55b10c387eb937b5991","data":{"created_slides":0,"remaining_slides":2}}
[2026-07-11T14:23:37] POLL task=task-0f08c7030b39e72e93d3bbab536685c96f915f4681a8f55b10c387eb937b5991 idx=144 status=processing
[2026-07-11T14:23:39] REQUEST GET /api/v1/ppt/presentation/status/task-0f08c7030b39e72e93d3bbab536685c96f915f4681a8f55b10c387eb937b5991 timeout=15s body=
[2026-07-11T14:23:39] RESPONSE GET /api/v1/ppt/presentation/status/task-0f08c7030b39e72e93d3bbab536685c96f915f4681a8f55b10c387eb937b5991 status=200 elapsed=0.026s body={"status":"processing","message":"Generating slides","error":null,"created_at":"2026-07-11T12:18:46.991899","updated_at":"2026-07-11T12:20:50.051394","type":"presentation.generate","id":"task-0f08c7030b39e72e93d3bbab536685c96f915f4681a8f55b10c387eb937b5991","data":{"created_slides":0,"remaining_slides":2}}
[2026-07-11T14:23:39] POLL task=task-0f08c7030b39e72e93d3bbab536685c96f915f4681a8f55b10c387eb937b5991 idx=145 status=processing
[2026-07-11T14:23:41] REQUEST GET /api/v1/ppt/presentation/status/task-0f08c7030b39e72e93d3bbab536685c96f915f4681a8f55b10c387eb937b5991 timeout=15s body=
[2026-07-11T14:23:41] RESPONSE GET /api/v1/ppt/presentation/status/task-0f08c7030b39e72e93d3bbab536685c96f915f4681a8f55b10c387eb937b5991 status=200 elapsed=0.026s body={"status":"processing","message":"Generating slides","error":null,"created_at":"2026-07-11T12:18:46.991899","updated_at":"2026-07-11T12:20:50.051394","type":"presentation.generate","id":"task-0f08c7030b39e72e93d3bbab536685c96f915f4681a8f55b10c387eb937b5991","data":{"created_slides":0,"remaining_slides":2}}
[2026-07-11T14:23:41] POLL task=task-0f08c7030b39e72e93d3bbab536685c96f915f4681a8f55b10c387eb937b5991 idx=146 status=processing
[2026-07-11T14:23:43] REQUEST GET /api/v1/ppt/presentation/status/task-0f08c7030b39e72e93d3bbab536685c96f915f4681a8f55b10c387eb937b5991 timeout=15s body=
[2026-07-11T14:23:43] RESPONSE GET /api/v1/ppt/presentation/status/task-0f08c7030b39e72e93d3bbab536685c96f915f4681a8f55b10c387eb937b5991 status=200 elapsed=0.023s body={"status":"processing","message":"Generating slides","error":null,"created_at":"2026-07-11T12:18:46.991899","updated_at":"2026-07-11T12:20:50.051394","type":"presentation.generate","id":"task-0f08c7030b39e72e93d3bbab536685c96f915f4681a8f55b10c387eb937b5991","data":{"created_slides":0,"remaining_slides":2}}
[2026-07-11T14:23:43] POLL task=task-0f08c7030b39e72e93d3bbab536685c96f915f4681a8f55b10c387eb937b5991 idx=147 status=processing
[2026-07-11T14:23:45] REQUEST GET /api/v1/ppt/presentation/status/task-0f08c7030b39e72e93d3bbab536685c96f915f4681a8f55b10c387eb937b5991 timeout=15s body=
[2026-07-11T14:23:45] RESPONSE GET /api/v1/ppt/presentation/status/task-0f08c7030b39e72e93d3bbab536685c96f915f4681a8f55b10c387eb937b5991 status=200 elapsed=0.02s body={"status":"processing","message":"Generating slides","error":null,"created_at":"2026-07-11T12:18:46.991899","updated_at":"2026-07-11T12:20:50.051394","type":"presentation.generate","id":"task-0f08c7030b39e72e93d3bbab536685c96f915f4681a8f55b10c387eb937b5991","data":{"created_slides":0,"remaining_slides":2}}
[2026-07-11T14:23:45] POLL task=task-0f08c7030b39e72e93d3bbab536685c96f915f4681a8f55b10c387eb937b5991 idx=148 status=processing
[2026-07-11T14:23:47] REQUEST GET /api/v1/ppt/presentation/status/task-0f08c7030b39e72e93d3bbab536685c96f915f4681a8f55b10c387eb937b5991 timeout=15s body=
[2026-07-11T14:23:47] RESPONSE GET /api/v1/ppt/presentation/status/task-0f08c7030b39e72e93d3bbab536685c96f915f4681a8f55b10c387eb937b5991 status=200 elapsed=0.018s body={"status":"processing","message":"Generating slides","error":null,"created_at":"2026-07-11T12:18:46.991899","updated_at":"2026-07-11T12:20:50.051394","type":"presentation.generate","id":"task-0f08c7030b39e72e93d3bbab536685c96f915f4681a8f55b10c387eb937b5991","data":{"created_slides":0,"remaining_slides":2}}
[2026-07-11T14:23:47] POLL task=task-0f08c7030b39e72e93d3bbab536685c96f915f4681a8f55b10c387eb937b5991 idx=149 status=processing
[2026-07-11T14:23:49] REQUEST GET /api/v1/ppt/presentation/status/task-0f08c7030b39e72e93d3bbab536685c96f915f4681a8f55b10c387eb937b5991 timeout=15s body=
[2026-07-11T14:23:49] RESPONSE GET /api/v1/ppt/presentation/status/task-0f08c7030b39e72e93d3bbab536685c96f915f4681a8f55b10c387eb937b5991 status=200 elapsed=0.015s body={"status":"processing","message":"Generating slides","error":null,"created_at":"2026-07-11T12:18:46.991899","updated_at":"2026-07-11T12:20:50.051394","type":"presentation.generate","id":"task-0f08c7030b39e72e93d3bbab536685c96f915f4681a8f55b10c387eb937b5991","data":{"created_slides":0,"remaining_slides":2}}
[2026-07-11T14:23:49] POLL task=task-0f08c7030b39e72e93d3bbab536685c96f915f4681a8f55b10c387eb937b5991 idx=150 status=processing
[2026-07-11T14:23:51] REQUEST GET /api/v1/ppt/presentation/status/task-0f08c7030b39e72e93d3bbab536685c96f915f4681a8f55b10c387eb937b5991 timeout=15s body=
[2026-07-11T14:23:51] RESPONSE GET /api/v1/ppt/presentation/status/task-0f08c7030b39e72e93d3bbab536685c96f915f4681a8f55b10c387eb937b5991 status=200 elapsed=0.029s body={"status":"processing","message":"Generating slides","error":null,"created_at":"2026-07-11T12:18:46.991899","updated_at":"2026-07-11T12:20:50.051394","type":"presentation.generate","id":"task-0f08c7030b39e72e93d3bbab536685c96f915f4681a8f55b10c387eb937b5991","data":{"created_slides":0,"remaining_slides":2}}
[2026-07-11T14:23:51] POLL task=task-0f08c7030b39e72e93d3bbab536685c96f915f4681a8f55b10c387eb937b5991 idx=151 status=processing
[2026-07-11T14:23:53] REQUEST GET /api/v1/ppt/presentation/status/task-0f08c7030b39e72e93d3bbab536685c96f915f4681a8f55b10c387eb937b5991 timeout=15s body=
[2026-07-11T14:23:53] RESPONSE GET /api/v1/ppt/presentation/status/task-0f08c7030b39e72e93d3bbab536685c96f915f4681a8f55b10c387eb937b5991 status=200 elapsed=0.017s body={"status":"processing","message":"Generating slides","error":null,"created_at":"2026-07-11T12:18:46.991899","updated_at":"2026-07-11T12:20:50.051394","type":"presentation.generate","id":"task-0f08c7030b39e72e93d3bbab536685c96f915f4681a8f55b10c387eb937b5991","data":{"created_slides":0,"remaining_slides":2}}
[2026-07-11T14:23:53] POLL task=task-0f08c7030b39e72e93d3bbab536685c96f915f4681a8f55b10c387eb937b5991 idx=152 status=processing
[2026-07-11T14:23:55] REQUEST GET /api/v1/ppt/presentation/status/task-0f08c7030b39e72e93d3bbab536685c96f915f4681a8f55b10c387eb937b5991 timeout=15s body=
[2026-07-11T14:23:55] RESPONSE GET /api/v1/ppt/presentation/status/task-0f08c7030b39e72e93d3bbab536685c96f915f4681a8f55b10c387eb937b5991 status=200 elapsed=0.036s body={"status":"processing","message":"Generating slides","error":null,"created_at":"2026-07-11T12:18:46.991899","updated_at":"2026-07-11T12:20:50.051394","type":"presentation.generate","id":"task-0f08c7030b39e72e93d3bbab536685c96f915f4681a8f55b10c387eb937b5991","data":{"created_slides":0,"remaining_slides":2}}
[2026-07-11T14:23:55] POLL task=task-0f08c7030b39e72e93d3bbab536685c96f915f4681a8f55b10c387eb937b5991 idx=153 status=processing
[2026-07-11T14:23:57] REQUEST GET /api/v1/ppt/presentation/status/task-0f08c7030b39e72e93d3bbab536685c96f915f4681a8f55b10c387eb937b5991 timeout=15s body=
[2026-07-11T14:23:57] RESPONSE GET /api/v1/ppt/presentation/status/task-0f08c7030b39e72e93d3bbab536685c96f915f4681a8f55b10c387eb937b5991 status=200 elapsed=0.017s body={"status":"processing","message":"Generating slides","error":null,"created_at":"2026-07-11T12:18:46.991899","updated_at":"2026-07-11T12:20:50.051394","type":"presentation.generate","id":"task-0f08c7030b39e72e93d3bbab536685c96f915f4681a8f55b10c387eb937b5991","data":{"created_slides":0,"remaining_slides":2}}
[2026-07-11T14:23:57] POLL task=task-0f08c7030b39e72e93d3bbab536685c96f915f4681a8f55b10c387eb937b5991 idx=154 status=processing
[2026-07-11T14:23:59] REQUEST GET /api/v1/ppt/presentation/status/task-0f08c7030b39e72e93d3bbab536685c96f915f4681a8f55b10c387eb937b5991 timeout=15s body=
[2026-07-11T14:23:59] RESPONSE GET /api/v1/ppt/presentation/status/task-0f08c7030b39e72e93d3bbab536685c96f915f4681a8f55b10c387eb937b5991 status=200 elapsed=0.019s body={"status":"processing","message":"Generating slides","error":null,"created_at":"2026-07-11T12:18:46.991899","updated_at":"2026-07-11T12:20:50.051394","type":"presentation.generate","id":"task-0f08c7030b39e72e93d3bbab536685c96f915f4681a8f55b10c387eb937b5991","data":{"created_slides":0,"remaining_slides":2}}
[2026-07-11T14:23:59] POLL task=task-0f08c7030b39e72e93d3bbab536685c96f915f4681a8f55b10c387eb937b5991 idx=155 status=processing
[2026-07-11T14:24:01] REQUEST GET /api/v1/ppt/presentation/status/task-0f08c7030b39e72e93d3bbab536685c96f915f4681a8f55b10c387eb937b5991 timeout=15s body=
[2026-07-11T14:24:01] RESPONSE GET /api/v1/ppt/presentation/status/task-0f08c7030b39e72e93d3bbab536685c96f915f4681a8f55b10c387eb937b5991 status=200 elapsed=0.018s body={"status":"processing","message":"Generating slides","error":null,"created_at":"2026-07-11T12:18:46.991899","updated_at":"2026-07-11T12:20:50.051394","type":"presentation.generate","id":"task-0f08c7030b39e72e93d3bbab536685c96f915f4681a8f55b10c387eb937b5991","data":{"created_slides":0,"remaining_slides":2}}
[2026-07-11T14:24:01] POLL task=task-0f08c7030b39e72e93d3bbab536685c96f915f4681a8f55b10c387eb937b5991 idx=156 status=processing
[2026-07-11T14:24:03] REQUEST GET /api/v1/ppt/presentation/status/task-0f08c7030b39e72e93d3bbab536685c96f915f4681a8f55b10c387eb937b5991 timeout=15s body=
[2026-07-11T14:24:03] RESPONSE GET /api/v1/ppt/presentation/status/task-0f08c7030b39e72e93d3bbab536685c96f915f4681a8f55b10c387eb937b5991 status=200 elapsed=0.046s body={"status":"processing","message":"Generating slides","error":null,"created_at":"2026-07-11T12:18:46.991899","updated_at":"2026-07-11T12:20:50.051394","type":"presentation.generate","id":"task-0f08c7030b39e72e93d3bbab536685c96f915f4681a8f55b10c387eb937b5991","data":{"created_slides":0,"remaining_slides":2}}
[2026-07-11T14:24:03] POLL task=task-0f08c7030b39e72e93d3bbab536685c96f915f4681a8f55b10c387eb937b5991 idx=157 status=processing
[2026-07-11T14:24:05] REQUEST GET /api/v1/ppt/presentation/status/task-0f08c7030b39e72e93d3bbab536685c96f915f4681a8f55b10c387eb937b5991 timeout=15s body=
[2026-07-11T14:24:05] RESPONSE GET /api/v1/ppt/presentation/status/task-0f08c7030b39e72e93d3bbab536685c96f915f4681a8f55b10c387eb937b5991 status=200 elapsed=0.025s body={"status":"processing","message":"Generating slides","error":null,"created_at":"2026-07-11T12:18:46.991899","updated_at":"2026-07-11T12:20:50.051394","type":"presentation.generate","id":"task-0f08c7030b39e72e93d3bbab536685c96f915f4681a8f55b10c387eb937b5991","data":{"created_slides":0,"remaining_slides":2}}
[2026-07-11T14:24:05] POLL task=task-0f08c7030b39e72e93d3bbab536685c96f915f4681a8f55b10c387eb937b5991 idx=158 status=processing
[2026-07-11T14:24:07] REQUEST GET /api/v1/ppt/presentation/status/task-0f08c7030b39e72e93d3bbab536685c96f915f4681a8f55b10c387eb937b5991 timeout=15s body=
[2026-07-11T14:24:07] RESPONSE GET /api/v1/ppt/presentation/status/task-0f08c7030b39e72e93d3bbab536685c96f915f4681a8f55b10c387eb937b5991 status=200 elapsed=0.024s body={"status":"processing","message":"Generating slides","error":null,"created_at":"2026-07-11T12:18:46.991899","updated_at":"2026-07-11T12:20:50.051394","type":"presentation.generate","id":"task-0f08c7030b39e72e93d3bbab536685c96f915f4681a8f55b10c387eb937b5991","data":{"created_slides":0,"remaining_slides":2}}
[2026-07-11T14:24:07] POLL task=task-0f08c7030b39e72e93d3bbab536685c96f915f4681a8f55b10c387eb937b5991 idx=159 status=processing
[2026-07-11T14:24:09] REQUEST GET /api/v1/ppt/presentation/status/task-0f08c7030b39e72e93d3bbab536685c96f915f4681a8f55b10c387eb937b5991 timeout=15s body=
[2026-07-11T14:24:09] RESPONSE GET /api/v1/ppt/presentation/status/task-0f08c7030b39e72e93d3bbab536685c96f915f4681a8f55b10c387eb937b5991 status=200 elapsed=0.018s body={"status":"processing","message":"Generating slides","error":null,"created_at":"2026-07-11T12:18:46.991899","updated_at":"2026-07-11T12:20:50.051394","type":"presentation.generate","id":"task-0f08c7030b39e72e93d3bbab536685c96f915f4681a8f55b10c387eb937b5991","data":{"created_slides":0,"remaining_slides":2}}
[2026-07-11T14:24:09] POLL task=task-0f08c7030b39e72e93d3bbab536685c96f915f4681a8f55b10c387eb937b5991 idx=160 status=processing
[2026-07-11T14:24:11] REQUEST GET /api/v1/ppt/presentation/status/task-0f08c7030b39e72e93d3bbab536685c96f915f4681a8f55b10c387eb937b5991 timeout=15s body=
[2026-07-11T14:24:11] RESPONSE GET /api/v1/ppt/presentation/status/task-0f08c7030b39e72e93d3bbab536685c96f915f4681a8f55b10c387eb937b5991 status=200 elapsed=0.011s body={"status":"processing","message":"Generating slides","error":null,"created_at":"2026-07-11T12:18:46.991899","updated_at":"2026-07-11T12:20:50.051394","type":"presentation.generate","id":"task-0f08c7030b39e72e93d3bbab536685c96f915f4681a8f55b10c387eb937b5991","data":{"created_slides":0,"remaining_slides":2}}
[2026-07-11T14:24:11] POLL task=task-0f08c7030b39e72e93d3bbab536685c96f915f4681a8f55b10c387eb937b5991 idx=161 status=processing
[2026-07-11T14:24:13] REQUEST GET /api/v1/ppt/presentation/status/task-0f08c7030b39e72e93d3bbab536685c96f915f4681a8f55b10c387eb937b5991 timeout=15s body=
[2026-07-11T14:24:13] RESPONSE GET /api/v1/ppt/presentation/status/task-0f08c7030b39e72e93d3bbab536685c96f915f4681a8f55b10c387eb937b5991 status=200 elapsed=0.014s body={"status":"processing","message":"Generating slides","error":null,"created_at":"2026-07-11T12:18:46.991899","updated_at":"2026-07-11T12:20:50.051394","type":"presentation.generate","id":"task-0f08c7030b39e72e93d3bbab536685c96f915f4681a8f55b10c387eb937b5991","data":{"created_slides":0,"remaining_slides":2}}
[2026-07-11T14:24:13] POLL task=task-0f08c7030b39e72e93d3bbab536685c96f915f4681a8f55b10c387eb937b5991 idx=162 status=processing
[2026-07-11T14:24:15] REQUEST GET /api/v1/ppt/presentation/status/task-0f08c7030b39e72e93d3bbab536685c96f915f4681a8f55b10c387eb937b5991 timeout=15s body=
[2026-07-11T14:24:15] RESPONSE GET /api/v1/ppt/presentation/status/task-0f08c7030b39e72e93d3bbab536685c96f915f4681a8f55b10c387eb937b5991 status=200 elapsed=0.014s body={"status":"processing","message":"Generating slides","error":null,"created_at":"2026-07-11T12:18:46.991899","updated_at":"2026-07-11T12:20:50.051394","type":"presentation.generate","id":"task-0f08c7030b39e72e93d3bbab536685c96f915f4681a8f55b10c387eb937b5991","data":{"created_slides":0,"remaining_slides":2}}
[2026-07-11T14:24:15] POLL task=task-0f08c7030b39e72e93d3bbab536685c96f915f4681a8f55b10c387eb937b5991 idx=163 status=processing
[2026-07-11T14:24:17] REQUEST GET /api/v1/ppt/presentation/status/task-0f08c7030b39e72e93d3bbab536685c96f915f4681a8f55b10c387eb937b5991 timeout=15s body=
[2026-07-11T14:24:18] RESPONSE GET /api/v1/ppt/presentation/status/task-0f08c7030b39e72e93d3bbab536685c96f915f4681a8f55b10c387eb937b5991 status=200 elapsed=0.013s body={"status":"processing","message":"Generating slides","error":null,"created_at":"2026-07-11T12:18:46.991899","updated_at":"2026-07-11T12:20:50.051394","type":"presentation.generate","id":"task-0f08c7030b39e72e93d3bbab536685c96f915f4681a8f55b10c387eb937b5991","data":{"created_slides":0,"remaining_slides":2}}
[2026-07-11T14:24:18] POLL task=task-0f08c7030b39e72e93d3bbab536685c96f915f4681a8f55b10c387eb937b5991 idx=164 status=processing
[2026-07-11T14:24:20] REQUEST GET /api/v1/ppt/presentation/status/task-0f08c7030b39e72e93d3bbab536685c96f915f4681a8f55b10c387eb937b5991 timeout=15s body=
[2026-07-11T14:24:20] RESPONSE GET /api/v1/ppt/presentation/status/task-0f08c7030b39e72e93d3bbab536685c96f915f4681a8f55b10c387eb937b5991 status=200 elapsed=0.016s body={"status":"processing","message":"Generating slides","error":null,"created_at":"2026-07-11T12:18:46.991899","updated_at":"2026-07-11T12:20:50.051394","type":"presentation.generate","id":"task-0f08c7030b39e72e93d3bbab536685c96f915f4681a8f55b10c387eb937b5991","data":{"created_slides":0,"remaining_slides":2}}
[2026-07-11T14:24:20] POLL task=task-0f08c7030b39e72e93d3bbab536685c96f915f4681a8f55b10c387eb937b5991 idx=165 status=processing
[2026-07-11T14:24:22] REQUEST GET /api/v1/ppt/presentation/status/task-0f08c7030b39e72e93d3bbab536685c96f915f4681a8f55b10c387eb937b5991 timeout=15s body=
[2026-07-11T14:24:22] RESPONSE GET /api/v1/ppt/presentation/status/task-0f08c7030b39e72e93d3bbab536685c96f915f4681a8f55b10c387eb937b5991 status=200 elapsed=0.015s body={"status":"processing","message":"Generating slides","error":null,"created_at":"2026-07-11T12:18:46.991899","updated_at":"2026-07-11T12:20:50.051394","type":"presentation.generate","id":"task-0f08c7030b39e72e93d3bbab536685c96f915f4681a8f55b10c387eb937b5991","data":{"created_slides":0,"remaining_slides":2}}
[2026-07-11T14:24:22] POLL task=task-0f08c7030b39e72e93d3bbab536685c96f915f4681a8f55b10c387eb937b5991 idx=166 status=processing
[2026-07-11T14:24:24] REQUEST GET /api/v1/ppt/presentation/status/task-0f08c7030b39e72e93d3bbab536685c96f915f4681a8f55b10c387eb937b5991 timeout=15s body=
[2026-07-11T14:24:24] RESPONSE GET /api/v1/ppt/presentation/status/task-0f08c7030b39e72e93d3bbab536685c96f915f4681a8f55b10c387eb937b5991 status=200 elapsed=0.016s body={"status":"processing","message":"Generating slides","error":null,"created_at":"2026-07-11T12:18:46.991899","updated_at":"2026-07-11T12:20:50.051394","type":"presentation.generate","id":"task-0f08c7030b39e72e93d3bbab536685c96f915f4681a8f55b10c387eb937b5991","data":{"created_slides":0,"remaining_slides":2}}
[2026-07-11T14:24:24] POLL task=task-0f08c7030b39e72e93d3bbab536685c96f915f4681a8f55b10c387eb937b5991 idx=167 status=processing
[2026-07-11T14:24:26] REQUEST GET /api/v1/ppt/presentation/status/task-0f08c7030b39e72e93d3bbab536685c96f915f4681a8f55b10c387eb937b5991 timeout=15s body=
[2026-07-11T14:24:26] RESPONSE GET /api/v1/ppt/presentation/status/task-0f08c7030b39e72e93d3bbab536685c96f915f4681a8f55b10c387eb937b5991 status=200 elapsed=0.015s body={"status":"processing","message":"Generating slides","error":null,"created_at":"2026-07-11T12:18:46.991899","updated_at":"2026-07-11T12:20:50.051394","type":"presentation.generate","id":"task-0f08c7030b39e72e93d3bbab536685c96f915f4681a8f55b10c387eb937b5991","data":{"created_slides":0,"remaining_slides":2}}
[2026-07-11T14:24:26] POLL task=task-0f08c7030b39e72e93d3bbab536685c96f915f4681a8f55b10c387eb937b5991 idx=168 status=processing
[2026-07-11T14:24:28] REQUEST GET /api/v1/ppt/presentation/status/task-0f08c7030b39e72e93d3bbab536685c96f915f4681a8f55b10c387eb937b5991 timeout=15s body=
[2026-07-11T14:24:28] RESPONSE GET /api/v1/ppt/presentation/status/task-0f08c7030b39e72e93d3bbab536685c96f915f4681a8f55b10c387eb937b5991 status=200 elapsed=0.011s body={"status":"processing","message":"Generating slides","error":null,"created_at":"2026-07-11T12:18:46.991899","updated_at":"2026-07-11T12:20:50.051394","type":"presentation.generate","id":"task-0f08c7030b39e72e93d3bbab536685c96f915f4681a8f55b10c387eb937b5991","data":{"created_slides":0,"remaining_slides":2}}
[2026-07-11T14:24:28] POLL task=task-0f08c7030b39e72e93d3bbab536685c96f915f4681a8f55b10c387eb937b5991 idx=169 status=processing
[2026-07-11T14:24:30] REQUEST GET /api/v1/ppt/presentation/status/task-0f08c7030b39e72e93d3bbab536685c96f915f4681a8f55b10c387eb937b5991 timeout=15s body=
[2026-07-11T14:24:30] RESPONSE GET /api/v1/ppt/presentation/status/task-0f08c7030b39e72e93d3bbab536685c96f915f4681a8f55b10c387eb937b5991 status=200 elapsed=0.02s body={"status":"processing","message":"Generating slides","error":null,"created_at":"2026-07-11T12:18:46.991899","updated_at":"2026-07-11T12:20:50.051394","type":"presentation.generate","id":"task-0f08c7030b39e72e93d3bbab536685c96f915f4681a8f55b10c387eb937b5991","data":{"created_slides":0,"remaining_slides":2}}
[2026-07-11T14:24:30] POLL task=task-0f08c7030b39e72e93d3bbab536685c96f915f4681a8f55b10c387eb937b5991 idx=170 status=processing
[2026-07-11T14:24:32] REQUEST GET /api/v1/ppt/presentation/status/task-0f08c7030b39e72e93d3bbab536685c96f915f4681a8f55b10c387eb937b5991 timeout=15s body=
[2026-07-11T14:24:32] RESPONSE GET /api/v1/ppt/presentation/status/task-0f08c7030b39e72e93d3bbab536685c96f915f4681a8f55b10c387eb937b5991 status=200 elapsed=0.028s body={"status":"processing","message":"Generating slides","error":null,"created_at":"2026-07-11T12:18:46.991899","updated_at":"2026-07-11T12:20:50.051394","type":"presentation.generate","id":"task-0f08c7030b39e72e93d3bbab536685c96f915f4681a8f55b10c387eb937b5991","data":{"created_slides":0,"remaining_slides":2}}
[2026-07-11T14:24:32] POLL task=task-0f08c7030b39e72e93d3bbab536685c96f915f4681a8f55b10c387eb937b5991 idx=171 status=processing
[2026-07-11T14:24:34] REQUEST GET /api/v1/ppt/presentation/status/task-0f08c7030b39e72e93d3bbab536685c96f915f4681a8f55b10c387eb937b5991 timeout=15s body=
[2026-07-11T14:24:34] RESPONSE GET /api/v1/ppt/presentation/status/task-0f08c7030b39e72e93d3bbab536685c96f915f4681a8f55b10c387eb937b5991 status=200 elapsed=0.017s body={"status":"processing","message":"Generating slides","error":null,"created_at":"2026-07-11T12:18:46.991899","updated_at":"2026-07-11T12:20:50.051394","type":"presentation.generate","id":"task-0f08c7030b39e72e93d3bbab536685c96f915f4681a8f55b10c387eb937b5991","data":{"created_slides":0,"remaining_slides":2}}
[2026-07-11T14:24:34] POLL task=task-0f08c7030b39e72e93d3bbab536685c96f915f4681a8f55b10c387eb937b5991 idx=172 status=processing
[2026-07-11T14:24:36] REQUEST GET /api/v1/ppt/presentation/status/task-0f08c7030b39e72e93d3bbab536685c96f915f4681a8f55b10c387eb937b5991 timeout=15s body=
[2026-07-11T14:24:36] RESPONSE GET /api/v1/ppt/presentation/status/task-0f08c7030b39e72e93d3bbab536685c96f915f4681a8f55b10c387eb937b5991 status=200 elapsed=0.019s body={"status":"processing","message":"Generating slides","error":null,"created_at":"2026-07-11T12:18:46.991899","updated_at":"2026-07-11T12:20:50.051394","type":"presentation.generate","id":"task-0f08c7030b39e72e93d3bbab536685c96f915f4681a8f55b10c387eb937b5991","data":{"created_slides":0,"remaining_slides":2}}
[2026-07-11T14:24:36] POLL task=task-0f08c7030b39e72e93d3bbab536685c96f915f4681a8f55b10c387eb937b5991 idx=173 status=processing
[2026-07-11T14:24:38] REQUEST GET /api/v1/ppt/presentation/status/task-0f08c7030b39e72e93d3bbab536685c96f915f4681a8f55b10c387eb937b5991 timeout=15s body=
[2026-07-11T14:24:38] RESPONSE GET /api/v1/ppt/presentation/status/task-0f08c7030b39e72e93d3bbab536685c96f915f4681a8f55b10c387eb937b5991 status=200 elapsed=0.017s body={"status":"processing","message":"Generating slides","error":null,"created_at":"2026-07-11T12:18:46.991899","updated_at":"2026-07-11T12:20:50.051394","type":"presentation.generate","id":"task-0f08c7030b39e72e93d3bbab536685c96f915f4681a8f55b10c387eb937b5991","data":{"created_slides":0,"remaining_slides":2}}
[2026-07-11T14:24:38] POLL task=task-0f08c7030b39e72e93d3bbab536685c96f915f4681a8f55b10c387eb937b5991 idx=174 status=processing
[2026-07-11T14:24:40] REQUEST GET /api/v1/ppt/presentation/status/task-0f08c7030b39e72e93d3bbab536685c96f915f4681a8f55b10c387eb937b5991 timeout=15s body=
[2026-07-11T14:24:40] RESPONSE GET /api/v1/ppt/presentation/status/task-0f08c7030b39e72e93d3bbab536685c96f915f4681a8f55b10c387eb937b5991 status=200 elapsed=0.015s body={"status":"processing","message":"Generating slides","error":null,"created_at":"2026-07-11T12:18:46.991899","updated_at":"2026-07-11T12:20:50.051394","type":"presentation.generate","id":"task-0f08c7030b39e72e93d3bbab536685c96f915f4681a8f55b10c387eb937b5991","data":{"created_slides":0,"remaining_slides":2}}
[2026-07-11T14:24:40] POLL task=task-0f08c7030b39e72e93d3bbab536685c96f915f4681a8f55b10c387eb937b5991 idx=175 status=processing
[2026-07-11T14:24:42] REQUEST GET /api/v1/ppt/presentation/status/task-0f08c7030b39e72e93d3bbab536685c96f915f4681a8f55b10c387eb937b5991 timeout=15s body=
[2026-07-11T14:24:42] RESPONSE GET /api/v1/ppt/presentation/status/task-0f08c7030b39e72e93d3bbab536685c96f915f4681a8f55b10c387eb937b5991 status=200 elapsed=0.035s body={"status":"processing","message":"Generating slides","error":null,"created_at":"2026-07-11T12:18:46.991899","updated_at":"2026-07-11T12:20:50.051394","type":"presentation.generate","id":"task-0f08c7030b39e72e93d3bbab536685c96f915f4681a8f55b10c387eb937b5991","data":{"created_slides":0,"remaining_slides":2}}
[2026-07-11T14:24:42] POLL task=task-0f08c7030b39e72e93d3bbab536685c96f915f4681a8f55b10c387eb937b5991 idx=176 status=processing
[2026-07-11T14:24:44] REQUEST GET /api/v1/ppt/presentation/status/task-0f08c7030b39e72e93d3bbab536685c96f915f4681a8f55b10c387eb937b5991 timeout=15s body=
[2026-07-11T14:24:44] RESPONSE GET /api/v1/ppt/presentation/status/task-0f08c7030b39e72e93d3bbab536685c96f915f4681a8f55b10c387eb937b5991 status=200 elapsed=0.021s body={"status":"processing","message":"Generating slides","error":null,"created_at":"2026-07-11T12:18:46.991899","updated_at":"2026-07-11T12:20:50.051394","type":"presentation.generate","id":"task-0f08c7030b39e72e93d3bbab536685c96f915f4681a8f55b10c387eb937b5991","data":{"created_slides":0,"remaining_slides":2}}
[2026-07-11T14:24:44] POLL task=task-0f08c7030b39e72e93d3bbab536685c96f915f4681a8f55b10c387eb937b5991 idx=177 status=processing
[2026-07-11T14:24:46] REQUEST GET /api/v1/ppt/presentation/status/task-0f08c7030b39e72e93d3bbab536685c96f915f4681a8f55b10c387eb937b5991 timeout=15s body=
[2026-07-11T14:24:46] RESPONSE GET /api/v1/ppt/presentation/status/task-0f08c7030b39e72e93d3bbab536685c96f915f4681a8f55b10c387eb937b5991 status=200 elapsed=0.015s body={"status":"processing","message":"Generating slides","error":null,"created_at":"2026-07-11T12:18:46.991899","updated_at":"2026-07-11T12:20:50.051394","type":"presentation.generate","id":"task-0f08c7030b39e72e93d3bbab536685c96f915f4681a8f55b10c387eb937b5991","data":{"created_slides":0,"remaining_slides":2}}
[2026-07-11T14:24:46] POLL task=task-0f08c7030b39e72e93d3bbab536685c96f915f4681a8f55b10c387eb937b5991 idx=178 status=processing
[2026-07-11T14:24:48] REQUEST GET /api/v1/ppt/presentation/status/task-0f08c7030b39e72e93d3bbab536685c96f915f4681a8f55b10c387eb937b5991 timeout=15s body=
[2026-07-11T14:24:48] RESPONSE GET /api/v1/ppt/presentation/status/task-0f08c7030b39e72e93d3bbab536685c96f915f4681a8f55b10c387eb937b5991 status=200 elapsed=0.015s body={"status":"processing","message":"Generating slides","error":null,"created_at":"2026-07-11T12:18:46.991899","updated_at":"2026-07-11T12:20:50.051394","type":"presentation.generate","id":"task-0f08c7030b39e72e93d3bbab536685c96f915f4681a8f55b10c387eb937b5991","data":{"created_slides":0,"remaining_slides":2}}
[2026-07-11T14:24:48] POLL task=task-0f08c7030b39e72e93d3bbab536685c96f915f4681a8f55b10c387eb937b5991 idx=179 status=processing
[2026-07-11T14:24:50] REQUEST GET /api/v1/ppt/presentation/status/task-0f08c7030b39e72e93d3bbab536685c96f915f4681a8f55b10c387eb937b5991 timeout=15s body=
[2026-07-11T14:24:50] RESPONSE GET /api/v1/ppt/presentation/status/task-0f08c7030b39e72e93d3bbab536685c96f915f4681a8f55b10c387eb937b5991 status=200 elapsed=0.038s body={"status":"processing","message":"Generating slides","error":null,"created_at":"2026-07-11T12:18:46.991899","updated_at":"2026-07-11T12:20:50.051394","type":"presentation.generate","id":"task-0f08c7030b39e72e93d3bbab536685c96f915f4681a8f55b10c387eb937b5991","data":{"created_slides":0,"remaining_slides":2}}
[2026-07-11T14:24:50] POLL task=task-0f08c7030b39e72e93d3bbab536685c96f915f4681a8f55b10c387eb937b5991 idx=180 status=processing
[2026-07-11T14:24:52] REQUEST GET /api/v1/ppt/presentation/status/task-0f08c7030b39e72e93d3bbab536685c96f915f4681a8f55b10c387eb937b5991 timeout=15s body=
[2026-07-11T14:24:52] RESPONSE GET /api/v1/ppt/presentation/status/task-0f08c7030b39e72e93d3bbab536685c96f915f4681a8f55b10c387eb937b5991 status=200 elapsed=0.016s body={"status":"processing","message":"Generating slides","error":null,"created_at":"2026-07-11T12:18:46.991899","updated_at":"2026-07-11T12:20:50.051394","type":"presentation.generate","id":"task-0f08c7030b39e72e93d3bbab536685c96f915f4681a8f55b10c387eb937b5991","data":{"created_slides":0,"remaining_slides":2}}
[2026-07-11T14:24:52] POLL task=task-0f08c7030b39e72e93d3bbab536685c96f915f4681a8f55b10c387eb937b5991 idx=181 status=processing
[2026-07-11T14:24:54] REQUEST GET /api/v1/ppt/presentation/status/task-0f08c7030b39e72e93d3bbab536685c96f915f4681a8f55b10c387eb937b5991 timeout=15s body=
[2026-07-11T14:24:54] RESPONSE GET /api/v1/ppt/presentation/status/task-0f08c7030b39e72e93d3bbab536685c96f915f4681a8f55b10c387eb937b5991 status=200 elapsed=0.012s body={"status":"processing","message":"Fetching assets for slides","error":null,"created_at":"2026-07-11T12:18:46.991899","updated_at":"2026-07-11T12:24:54.283314","type":"presentation.generate","id":"task-0f08c7030b39e72e93d3bbab536685c96f915f4681a8f55b10c387eb937b5991","data":{"created_slides":2,"remaining_slides":0}}
[2026-07-11T14:24:54] POLL task=task-0f08c7030b39e72e93d3bbab536685c96f915f4681a8f55b10c387eb937b5991 idx=182 status=processing
[2026-07-11T14:24:56] REQUEST GET /api/v1/ppt/presentation/status/task-0f08c7030b39e72e93d3bbab536685c96f915f4681a8f55b10c387eb937b5991 timeout=15s body=
[2026-07-11T14:24:56] RESPONSE GET /api/v1/ppt/presentation/status/task-0f08c7030b39e72e93d3bbab536685c96f915f4681a8f55b10c387eb937b5991 status=200 elapsed=0.039s body={"status":"processing","message":"Fetching assets for slides","error":null,"created_at":"2026-07-11T12:18:46.991899","updated_at":"2026-07-11T12:24:54.283314","type":"presentation.generate","id":"task-0f08c7030b39e72e93d3bbab536685c96f915f4681a8f55b10c387eb937b5991","data":{"created_slides":2,"remaining_slides":0}}
[2026-07-11T14:24:56] POLL task=task-0f08c7030b39e72e93d3bbab536685c96f915f4681a8f55b10c387eb937b5991 idx=183 status=processing
[2026-07-11T14:24:58] REQUEST GET /api/v1/ppt/presentation/status/task-0f08c7030b39e72e93d3bbab536685c96f915f4681a8f55b10c387eb937b5991 timeout=15s body=
[2026-07-11T14:24:58] RESPONSE GET /api/v1/ppt/presentation/status/task-0f08c7030b39e72e93d3bbab536685c96f915f4681a8f55b10c387eb937b5991 status=200 elapsed=0.015s body={"status":"processing","message":"Fetching assets for slides","error":null,"created_at":"2026-07-11T12:18:46.991899","updated_at":"2026-07-11T12:24:54.283314","type":"presentation.generate","id":"task-0f08c7030b39e72e93d3bbab536685c96f915f4681a8f55b10c387eb937b5991","data":{"created_slides":2,"remaining_slides":0}}
[2026-07-11T14:24:58] POLL task=task-0f08c7030b39e72e93d3bbab536685c96f915f4681a8f55b10c387eb937b5991 idx=184 status=processing
[2026-07-11T14:25:00] REQUEST GET /api/v1/ppt/presentation/status/task-0f08c7030b39e72e93d3bbab536685c96f915f4681a8f55b10c387eb937b5991 timeout=15s body=
[2026-07-11T14:25:00] RESPONSE GET /api/v1/ppt/presentation/status/task-0f08c7030b39e72e93d3bbab536685c96f915f4681a8f55b10c387eb937b5991 status=200 elapsed=0.015s body={"status":"processing","message":"Fetching assets for slides","error":null,"created_at":"2026-07-11T12:18:46.991899","updated_at":"2026-07-11T12:24:54.283314","type":"presentation.generate","id":"task-0f08c7030b39e72e93d3bbab536685c96f915f4681a8f55b10c387eb937b5991","data":{"created_slides":2,"remaining_slides":0}}
[2026-07-11T14:25:00] POLL task=task-0f08c7030b39e72e93d3bbab536685c96f915f4681a8f55b10c387eb937b5991 idx=185 status=processing
[2026-07-11T14:25:02] REQUEST GET /api/v1/ppt/presentation/status/task-0f08c7030b39e72e93d3bbab536685c96f915f4681a8f55b10c387eb937b5991 timeout=15s body=
[2026-07-11T14:25:02] RESPONSE GET /api/v1/ppt/presentation/status/task-0f08c7030b39e72e93d3bbab536685c96f915f4681a8f55b10c387eb937b5991 status=200 elapsed=0.015s body={"status":"processing","message":"Fetching assets for slides","error":null,"created_at":"2026-07-11T12:18:46.991899","updated_at":"2026-07-11T12:24:54.283314","type":"presentation.generate","id":"task-0f08c7030b39e72e93d3bbab536685c96f915f4681a8f55b10c387eb937b5991","data":{"created_slides":2,"remaining_slides":0}}
[2026-07-11T14:25:02] POLL task=task-0f08c7030b39e72e93d3bbab536685c96f915f4681a8f55b10c387eb937b5991 idx=186 status=processing
[2026-07-11T14:25:04] REQUEST GET /api/v1/ppt/presentation/status/task-0f08c7030b39e72e93d3bbab536685c96f915f4681a8f55b10c387eb937b5991 timeout=15s body=
[2026-07-11T14:25:04] RESPONSE GET /api/v1/ppt/presentation/status/task-0f08c7030b39e72e93d3bbab536685c96f915f4681a8f55b10c387eb937b5991 status=200 elapsed=0.007s body={"status":"processing","message":"Fetching assets for slides","error":null,"created_at":"2026-07-11T12:18:46.991899","updated_at":"2026-07-11T12:24:54.283314","type":"presentation.generate","id":"task-0f08c7030b39e72e93d3bbab536685c96f915f4681a8f55b10c387eb937b5991","data":{"created_slides":2,"remaining_slides":0}}
[2026-07-11T14:25:04] POLL task=task-0f08c7030b39e72e93d3bbab536685c96f915f4681a8f55b10c387eb937b5991 idx=187 status=processing
[2026-07-11T14:25:06] REQUEST GET /api/v1/ppt/presentation/status/task-0f08c7030b39e72e93d3bbab536685c96f915f4681a8f55b10c387eb937b5991 timeout=15s body=
[2026-07-11T14:25:06] RESPONSE GET /api/v1/ppt/presentation/status/task-0f08c7030b39e72e93d3bbab536685c96f915f4681a8f55b10c387eb937b5991 status=200 elapsed=0.015s body={"status":"processing","message":"Fetching assets for slides","error":null,"created_at":"2026-07-11T12:18:46.991899","updated_at":"2026-07-11T12:24:54.283314","type":"presentation.generate","id":"task-0f08c7030b39e72e93d3bbab536685c96f915f4681a8f55b10c387eb937b5991","data":{"created_slides":2,"remaining_slides":0}}
[2026-07-11T14:25:06] POLL task=task-0f08c7030b39e72e93d3bbab536685c96f915f4681a8f55b10c387eb937b5991 idx=188 status=processing
[2026-07-11T14:25:08] REQUEST GET /api/v1/ppt/presentation/status/task-0f08c7030b39e72e93d3bbab536685c96f915f4681a8f55b10c387eb937b5991 timeout=15s body=
[2026-07-11T14:25:08] RESPONSE GET /api/v1/ppt/presentation/status/task-0f08c7030b39e72e93d3bbab536685c96f915f4681a8f55b10c387eb937b5991 status=200 elapsed=0.039s body={"status":"processing","message":"Fetching assets for slides","error":null,"created_at":"2026-07-11T12:18:46.991899","updated_at":"2026-07-11T12:24:54.283314","type":"presentation.generate","id":"task-0f08c7030b39e72e93d3bbab536685c96f915f4681a8f55b10c387eb937b5991","data":{"created_slides":2,"remaining_slides":0}}
[2026-07-11T14:25:08] POLL task=task-0f08c7030b39e72e93d3bbab536685c96f915f4681a8f55b10c387eb937b5991 idx=189 status=processing
[2026-07-11T14:25:10] REQUEST GET /api/v1/ppt/presentation/status/task-0f08c7030b39e72e93d3bbab536685c96f915f4681a8f55b10c387eb937b5991 timeout=15s body=
[2026-07-11T14:25:10] RESPONSE GET /api/v1/ppt/presentation/status/task-0f08c7030b39e72e93d3bbab536685c96f915f4681a8f55b10c387eb937b5991 status=200 elapsed=0.016s body={"status":"processing","message":"Fetching assets for slides","error":null,"created_at":"2026-07-11T12:18:46.991899","updated_at":"2026-07-11T12:24:54.283314","type":"presentation.generate","id":"task-0f08c7030b39e72e93d3bbab536685c96f915f4681a8f55b10c387eb937b5991","data":{"created_slides":2,"remaining_slides":0}}
[2026-07-11T14:25:10] POLL task=task-0f08c7030b39e72e93d3bbab536685c96f915f4681a8f55b10c387eb937b5991 idx=190 status=processing
[2026-07-11T14:25:12] REQUEST GET /api/v1/ppt/presentation/status/task-0f08c7030b39e72e93d3bbab536685c96f915f4681a8f55b10c387eb937b5991 timeout=15s body=
[2026-07-11T14:25:12] RESPONSE GET /api/v1/ppt/presentation/status/task-0f08c7030b39e72e93d3bbab536685c96f915f4681a8f55b10c387eb937b5991 status=200 elapsed=0.046s body={"status":"processing","message":"Fetching assets for slides","error":null,"created_at":"2026-07-11T12:18:46.991899","updated_at":"2026-07-11T12:24:54.283314","type":"presentation.generate","id":"task-0f08c7030b39e72e93d3bbab536685c96f915f4681a8f55b10c387eb937b5991","data":{"created_slides":2,"remaining_slides":0}}
[2026-07-11T14:25:12] POLL task=task-0f08c7030b39e72e93d3bbab536685c96f915f4681a8f55b10c387eb937b5991 idx=191 status=processing
[2026-07-11T14:25:14] REQUEST GET /api/v1/ppt/presentation/status/task-0f08c7030b39e72e93d3bbab536685c96f915f4681a8f55b10c387eb937b5991 timeout=15s body=
[2026-07-11T14:25:14] RESPONSE GET /api/v1/ppt/presentation/status/task-0f08c7030b39e72e93d3bbab536685c96f915f4681a8f55b10c387eb937b5991 status=200 elapsed=0.056s body={"status":"completed","message":"Presentation generation completed","error":null,"created_at":"2026-07-11T12:18:46.991899","updated_at":"2026-07-11T12:25:13.609266","type":"presentation.generate","id":"task-0f08c7030b39e72e93d3bbab536685c96f915f4681a8f55b10c387eb937b5991","data":{"created_slides":2,"remaining_slides":0}}
[2026-07-11T14:25:14] POLL task=task-0f08c7030b39e72e93d3bbab536685c96f915f4681a8f55b10c387eb937b5991 idx=192 status=completed
